Workbook

Sheet ss_inv_inc
A1: norm | I1: neg | Q1: pos
A2: name | B2: =[1]results!AK2 -> HC | C2: =[1]results!AL2 -> IC | D2: =[1]results!AM2 -> AD-cog-comp | E2: =[1]results!AN2 -> AD-biomet-dig | F2: Incineration | G2: Total | I2: =[2]results!AJ2 -> name | J2: =[2]results!AK2 -> HC | K2: =[2]results!AL2 -> IC | L2: =[2]results!AM2 -> AD-cog-comp | M2: =[2]results!AN2 -> AD-biomet-dig | N2: Incineration | O2: =[2]results!AO2 -> 0 | Q2: =[3]results!AJ2 -> name | R2: =[3]results!AK2 -> HC | S2: =[3]results!AL2 -> IC | T2: =[3]results!AM2 -> AD-cog-comp | U2: =[3]results!AN2 -> AD-biomet-dig | V2: Incineration | W2: =[3]results!AO2 -> 0
B3: =J4 -> 425.88855 | C3: =K4 -> 517.00143 | D3: =L4 -> 0 | E3: =M4 -> 661.37043 | F3: =C33*(1-C34) -> 3742.9 | G3: =SUM(B3:F3) -> 5347.1604
A4: =[1]results!AJ3 -> minCC | B4: =ss_inv!B4*ss_inv_inc!$C$33*ss_inv_inc!$C$36/100 -> 426.04896 | C4: =ss_inv!C4*ss_inv_inc!$C$33*ss_inv_inc!$C$36/100 -> 516.84102 | D4: =ss_inv!D4*ss_inv_inc!$C$33*ss_inv_inc!$C$36/100 -> 0 | E4: =ss_inv!E4*ss_inv_inc!$C$33*ss_inv_inc!$C$36/100 -> 2265.6308 | F4: =C33*(1-C36) -> 2138.8 | G4: =SUM(B4:F4) -> 5347.3208 | I4: =[2]results!AJ3 -> minCO2 | J4: =ss_inv!H4*ss_inv_inc!$C$33*ss_inv_inc!$C$34/100 -> 425.88855 | K4: =ss_inv!I4*ss_inv_inc!$C$33*ss_inv_inc!$C$34/100 -> 517.00143 | L4: =ss_inv!J4*ss_inv_inc!$C$33*ss_inv_inc!$C$34/100 -> 0 | M4: =ss_inv!K4*ss_inv_inc!$C$33*ss_inv_inc!$C$34/100 -> 661.37043 | N4: =C33*(1-C34) -> 3742.9 | O4: =[2]results!AO3 -> 100.01 | Q4: =[3]results!AJ3 -> minCO2 | R4: =ss_inv!O4*ss_inv_inc!$C$33*ss_inv_inc!$C$35/100 -> 426.36978 | S4: =ss_inv!P4*ss_inv_inc!$C$33*ss_inv_inc!$C$35/100 -> 334.45485 | T4: =ss_inv!Q4*ss_inv_inc!$C$33*ss_inv_inc!$C$35/100 -> 1551.9668 | U4: =ss_inv!R4*ss_inv_inc!$C$33*ss_inv_inc!$C$35/100 -> 2499.9898 | W4: =[3]results!AO3 -> 100.01
B5: =R4 -> 426.36978 | C5: =S4 -> 334.45485 | D5: =T4 -> 1551.9668 | E5: =U4 -> 2499.9898 | F5: =C33*(1-C35) -> 534.7 | G5: =SUM(B5:F5) -> 5347.4812
B7: =J8 -> 425.88855 | C7: =K8 -> 0 | D7: =L8 -> 1178.3719 | E7: =M8 -> 0 | F7: =$F$3 -> 3742.9 | G7: =SUM(B7:F7) -> 5347.1604
A8: =[1]results!AJ4 -> minEQ | B8: =ss_inv!B8*ss_inv_inc!$C$33*ss_inv_inc!$C$36/100 -> 426.04896 | C8: =ss_inv!C8*ss_inv_inc!$C$33*ss_inv_inc!$C$36/100 -> 0 | D8: =ss_inv!D8*ss_inv_inc!$C$33*ss_inv_inc!$C$36/100 -> 2782.4719 | E8: =ss_inv!E8*ss_inv_inc!$C$33*ss_inv_inc!$C$36/100 -> 0 | F8: =$F$4 -> 2138.8 | G8: =SUM(B8:F8) -> 5347.3208 | I8: =[2]results!AJ4 -> minEQ | J8: =ss_inv!H8*ss_inv_inc!$C$33*ss_inv_inc!$C$34/100 -> 425.88855 | K8: =ss_inv!I8*ss_inv_inc!$C$33*ss_inv_inc!$C$34/100 -> 0 | L8: =ss_inv!J8*ss_inv_inc!$C$33*ss_inv_inc!$C$34/100 -> 1178.3719 | M8: =ss_inv!K8*ss_inv_inc!$C$33*ss_inv_inc!$C$34/100 -> 0 | N8: =$N$4 -> 3742.9 | O8: =[2]results!AO4 -> 100.01 | Q8: =[3]results!AJ4 -> minEQ | R8: =ss_inv!O8*ss_inv_inc!$C$33*ss_inv_inc!$C$35/100 -> 426.36978 | S8: =ss_inv!P8*ss_inv_inc!$C$33*ss_inv_inc!$C$35/100 -> 164.09943 | T8: =ss_inv!Q8*ss_inv_inc!$C$33*ss_inv_inc!$C$35/100 -> 2999.9878 | U8: =ss_inv!R8*ss_inv_inc!$C$33*ss_inv_inc!$C$35/100 -> 1222.3242 | W8: =[3]results!AO4 -> 100.01
B9: =R8 -> 426.36978 | C9: =S8 -> 164.09943 | D9: =T8 -> 2999.9878 | E9: =U8 -> 1222.3242 | F9: =$F$5 -> 534.7 | G9: =SUM(B9:F9) -> 5347.4812
B11: =J12 -> 425.88855 | C11: =K12 -> 0 | D11: =L12 -> 1178.3719 | E11: =M12 -> 0 | F11: =$F$3 -> 3742.9 | G11: =SUM(B11:F11) -> 5347.1604
A12: =[1]results!AJ5 -> minHH | B12: =ss_inv!B12*ss_inv_inc!$C$33*ss_inv_inc!$C$36/100 -> 426.04896 | C12: =ss_inv!C12*ss_inv_inc!$C$33*ss_inv_inc!$C$36/100 -> 0 | D12: =ss_inv!D12*ss_inv_inc!$C$33*ss_inv_inc!$C$36/100 -> 2782.4719 | E12: =ss_inv!E12*ss_inv_inc!$C$33*ss_inv_inc!$C$36/100 -> 0 | F12: =$F$8 -> 2138.8 | G12: =SUM(B12:F12) -> 5347.3208 | I12: =[2]results!AJ5 -> minHH | J12: =ss_inv!H12*ss_inv_inc!$C$33*ss_inv_inc!$C$34/100 -> 425.88855 | K12: =ss_inv!I12*ss_inv_inc!$C$33*ss_inv_inc!$C$34/100 -> 0 | L12: =ss_inv!J12*ss_inv_inc!$C$33*ss_inv_inc!$C$34/100 -> 1178.3719 | M12: =ss_inv!K12*ss_inv_inc!$C$33*ss_inv_inc!$C$34/100 -> 0 | N12: =$N$4 -> 3742.9 | O12: =[2]results!AO5 -> 100.01 | Q12: =[3]results!AJ5 -> minHH | R12: =ss_inv!O12*ss_inv_inc!$C$33*ss_inv_inc!$C$35/100 -> 426.36978 | S12: =ss_inv!P12*ss_inv_inc!$C$33*ss_inv_inc!$C$35/100 -> 164.09943 | T12: =ss_inv!Q12*ss_inv_inc!$C$33*ss_inv_inc!$C$35/100 -> 2999.9878 | U12: =ss_inv!R12*ss_inv_inc!$C$33*ss_inv_inc!$C$35/100 -> 1222.3242 | W12: =[3]results!AO5 -> 100.01
B13: =R12 -> 426.36978 | C13: =S12 -> 164.09943 | D13: =T12 -> 2999.9878 | E13: =U12 -> 1222.3242 | F13: =$F$5 -> 534.7 | G13: =SUM(B13:F13) -> 5347.4812
A33: Flux de biodéchets totaux | C33: 5347
A34: Tri_neg | C34: 0.3
A35: Tri_pos | C35: 0.9
A36: Tri_nom | C36: 0.6

Sheet ss_inv
A1: norm | G1: neg | N1: pos
A2: name | B2: =[1]results!AK2 -> HC | C2: =[1]results!AL2 -> IC | D2: =[1]results!AM2 -> AD-cog-comp | E2: =[1]results!AN2 -> AD-biomet-dig | G2: =[2]results!AJ2 -> name | H2: =[2]results!AK2 -> HC | I2: =[2]results!AL2 -> IC | J2: =[2]results!AM2 -> AD-cog-comp | K2: =[2]results!AN2 -> AD-biomet-dig | L2: =[2]results!AO2 -> 0 | N2: =[3]results!AJ2 -> name | O2: =[3]results!AK2 -> HC | P2: =[3]results!AL2 -> IC | Q2: =[3]results!AM2 -> AD-cog-comp | R2: =[3]results!AN2 -> AD-biomet-dig | S2: =[3]results!AO2 -> 0
B3: =H4 -> 26.55 | C3: =I4 -> 32.23 | D3: =J4 -> 0 | E3: =K4 -> 41.23
A4: =[1]results!AJ3 -> minCC | B4: =[1]results!AK3 -> 13.28 | C4: =[1]results!AL3 -> 16.11 | D4: =[1]results!AM3 -> 0 | E4: =[1]results!AN3 -> 70.62 | G4: =[2]results!AJ3 -> minCO2 | H4: =[2]results!AK3 -> 26.55 | I4: =[2]results!AL3 -> 32.23 | J4: =[2]results!AM3 -> 0 | K4: =[2]results!AN3 -> 41.23 | L4: =[2]results!AO3 -> 100.01 | N4: =[3]results!AJ3 -> minCO2 | O4: =[3]results!AK3 -> 8.86 | P4: =[3]results!AL3 -> 6.95 | Q4: =[3]results!AM3 -> 32.25 | R4: =[3]results!AN3 -> 51.95 | S4: =[3]results!AO3 -> 100.01
B5: =O4 -> 8.86 | C5: =P4 -> 6.95 | D5: =Q4 -> 32.25 | E5: =R4 -> 51.95
B7: =H8 -> 26.55 | C7: =I8 -> 0 | D7: =J8 -> 73.46 | E7: =K8 -> 0
A8: =[1]results!AJ4 -> minEQ | B8: =[1]results!AK4 -> 13.28 | C8: =[1]results!AL4 -> 0 | D8: =[1]results!AM4 -> 86.73 | E8: =[1]results!AN4 -> 0 | G8: =[2]results!AJ4 -> minEQ | H8: =[2]results!AK4 -> 26.55 | I8: =[2]results!AL4 -> 0 | J8: =[2]results!AM4 -> 73.46 | K8: =[2]results!AN4 -> 0 | L8: =[2]results!AO4 -> 100.01 | N8: =[3]results!AJ4 -> minEQ | O8: =[3]results!AK4 -> 8.86 | P8: =[3]results!AL4 -> 3.41 | Q8: =[3]results!AM4 -> 62.34 | R8: =[3]results!AN4 -> 25.4 | S8: =[3]results!AO4 -> 100.01
B9: =O8 -> 8.86 | C9: =P8 -> 3.41 | D9: =Q8 -> 62.34 | E9: =R8 -> 25.4
B11: =H12 -> 26.55 | C11: =I12 -> 0 | D11: =J12 -> 73.46 | E11: =K12 -> 0
A12: =[1]results!AJ5 -> minHH | B12: =[1]results!AK5 -> 13.28 | C12: =[1]results!AL5 -> 0 | D12: =[1]results!AM5 -> 86.73 | E12: =[1]results!AN5 -> 0 | G12: =[2]results!AJ5 -> minHH | H12: =[2]results!AK5 -> 26.55 | I12: =[2]results!AL5 -> 0 | J12: =[2]results!AM5 -> 73.46 | K12: =[2]results!AN5 -> 0 | L12: =[2]results!AO5 -> 100.01 | N12: =[3]results!AJ5 -> minHH | O12: =[3]results!AK5 -> 8.86 | P12: =[3]results!AL5 -> 3.41 | Q12: =[3]results!AM5 -> 62.34 | R12: =[3]results!AN5 -> 25.4 | S12: =[3]results!AO5 -> 100.01
B13: =O12 -> 8.86 | C13: =P12 -> 3.41 | D13: =Q12 -> 62.34 | E13: =R12 -> 25.4
B15: =H16 -> 26.55 | C15: =I16 -> 0 | D15: =J16 -> 73.46 | E15: =K16 -> 0
A16: =[1]results!AJ6 -> minEQ&HH | B16: =[1]results!AK6 -> 13.28 | C16: =[1]results!AL6 -> 0 | D16: =[1]results!AM6 -> 86.73 | E16: =[1]results!AN6 -> 0 | G16: =[2]results!AJ6 -> minEQ&HH | H16: =[2]results!AK6 -> 26.55 | I16: =[2]results!AL6 -> 0 | J16: =[2]results!AM6 -> 73.46 | K16: =[2]results!AN6 -> 0 | L16: =[2]results!AO6 -> 100.01 | N16: =[3]results!AJ6 -> minEQ&HH | O16: =[3]results!AK6 -> 8.86 | P16: =[3]results!AL6 -> 3.41 | Q16: =[3]results!AM6 -> 62.34 | R16: =[3]results!AN6 -> 25.4 | S16: =[3]results!AO6 -> 100.01
B17: =O16 -> 8.86 | C17: =P16 -> 3.41 | D17: =Q16 -> 62.34 | E17: =R16 -> 25.4
B19: =H20 -> 26.55 | C19: =I20 -> 0 | D19: =J20 -> 73.46 | E19: =K20 -> 0
A20: =[1]results!AJ7 -> minCO2&EQ | B20: =[1]results!AK7 -> 13.28 | C20: =[1]results!AL7 -> 0 | D20: =[1]results!AM7 -> 86.73 | E20: =[1]results!AN7 -> 0 | G20: =[2]results!AJ7 -> minCO2&EQ | H20: =[2]results!AK7 -> 26.55 | I20: =[2]results!AL7 -> 0 | J20: =[2]results!AM7 -> 73.46 | K20: =[2]results!AN7 -> 0 | L20: =[2]results!AO7 -> 100.01 | N20: =[3]results!AJ7 -> minCO2&EQ | O20: =[3]results!AK7 -> 8.86 | P20: =[3]results!AL7 -> 3.41 | Q20: =[3]results!AM7 -> 62.34 | R20: =[3]results!AN7 -> 25.4 | S20: =[3]results!AO7 -> 100.01
B21: =O20 -> 8.86 | C21: =P20 -> 3.41 | D21: =Q20 -> 62.34 | E21: =R20 -> 25.4
B23: =H24 -> 26.55 | C23: =I24 -> 26.73 | D23: =J24 -> 46.73 | E23: =K24 -> 0
A24: =[1]results!AJ8 -> minCO2&HH | B24: =[1]results!AK8 -> 13.28 | C24: =[1]results!AL8 -> 6.7 | D24: =[1]results!AM8 -> 80.03 | E24: =[1]results!AN8 -> 0 | G24: =[2]results!AJ8 -> minCO2&HH | H24: =[2]results!AK8 -> 26.55 | I24: =[2]results!AL8 -> 26.73 | J24: =[2]results!AM8 -> 46.73 | K24: =[2]results!AN8 -> 0 | L24: =[2]results!AO8 -> 100.01 | N24: =[3]results!AJ8 -> minCO2&HH | O24: =[3]results!AK8 -> 8.86 | P24: =[3]results!AL8 -> 3.41 | Q24: =[3]results!AM8 -> 62.34 | R24: =[3]results!AN8 -> 25.4 | S24: =[3]results!AO8 -> 100.01
B25: =O24 -> 8.86 | C25: =P24 -> 3.41 | D25: =Q24 -> 62.34 | E25: =R24 -> 25.4
B27: =H28 -> 26.55 | C27: =I28 -> 0 | D27: =J28 -> 73.46 | E27: =K28 -> 0
A28: =[1]results!AJ9 -> minCO2&EQ&HH | B28: =[1]results!AK9 -> 13.28 | C28: =[1]results!AL9 -> 0 | D28: =[1]results!AM9 -> 86.73 | E28: =[1]results!AN9 -> 0 | G28: =[2]results!AJ9 -> minCO2&EQ&HH | H28: =[2]results!AK9 -> 26.55 | I28: =[2]results!AL9 -> 0 | J28: =[2]results!AM9 -> 73.46 | K28: =[2]results!AN9 -> 0 | L28: =[2]results!AO9 -> 100.01 | N28: =[3]results!AJ9 -> minCO2&EQ&HH | O28: =[3]results!AK9 -> 8.86 | P28: =[3]results!AL9 -> 3.41 | Q28: =[3]results!AM9 -> 62.34 | R28: =[3]results!AN9 -> 25.4 | S28: =[3]results!AO9 -> 100.01
B29: =O28 -> 8.86 | C29: =P28 -> 3.41 | D29: =Q28 -> 62.34 | E29: =R28 -> 25.4

Sheet inv_inc
A2: norm | N2: neg | Z2: pos
A3: =[4]results!AQ2 -> name | C3: =[4]results!AR2 -> HC | D3: =[4]results!AS2 -> IC | E3: =[4]results!AT2 -> AD-cog-dig | F3: =[4]results!AU2 -> AD-cog-comp | G3: =[4]results!AV2 -> AD-biomet-dig | H3: =[4]results!AW2 -> AD-biomet-comp | I3: =[4]results!AX2 -> AD-heat-dig | J3: =[4]results!AY2 -> AD-heat-comp | K3: Incineration | L3: Total | N3: =[5]results!AQ2 -> name | O3: =[5]results!AR2 -> HC | P3: =[5]results!AS2 -> IC | Q3: =[5]results!AT2 -> AD-cog-dig | R3: =[5]results!AU2 -> AD-cog-comp | S3: =[5]results!AV2 -> AD-biomet-dig | T3: =[5]results!AW2 -> AD-biomet-comp | U3: =[5]results!AX2 -> AD-heat-dig | V3: =[5]results!AY2 -> AD-heat-comp | W3: Incineration | X3: somme totale | Z3: =[6]results!AQ2 -> name | AA3: =[6]results!AR2 -> HC | AB3: =[6]results!AS2 -> IC | AC3: =[6]results!AT2 -> AD-cog-dig | AD3: =[6]results!AU2 -> AD-cog-comp | AE3: =[6]results!AV2 -> AD-biomet-dig | AF3: =[6]results!AW2 -> AD-biomet-comp | AG3: =[6]results!AX2 -> AD-heat-dig | AH3: =[6]results!AY2 -> AD-heat-comp | AI3: Incineration | AJ3: total
B4: -0.5 | C4: =O5 -> 425.88855 | D4: =P5 -> 517.00143 | E4: =Q5 -> 0 | F4: =R5 -> 0 | G4: =S5 -> 661.37043 | H4: =T5 -> 0 | I4: =U5 -> 0 | J4: =V5 -> 0 | K4: =W5 -> 3742.9 | L4: =SUM(C4:K4) -> 5347.1604
A5: minCC | C5: =inv!C5*inv_inc!$C$33*inv_inc!$C$36/100 -> 208.533 | D5: =inv!D5*inv_inc!$C$33*inv_inc!$C$36/100 -> 0 | E5: =inv!E5*inv_inc!$C$33*inv_inc!$C$36/100 -> 0 | F5: =inv!F5*inv_inc!$C$33*inv_inc!$C$36/100 -> 0 | G5: =inv!G5*inv_inc!$C$33*inv_inc!$C$36/100 -> 0 | H5: =inv!H5*inv_inc!$C$33*inv_inc!$C$36/100 -> 2999.9878 | I5: =inv!I5*inv_inc!$C$33*inv_inc!$C$36/100 -> 0 | J5: =inv!J5*inv_inc!$C$33*inv_inc!$C$36/100 -> 0 | K5: =C33*(1-C36) -> 2138.8 | L5: =SUM(C5:K5) -> 5347.3208 | N5: =[5]results!AQ3 -> minCO2 | O5: =[5]results!AR3*C33*0.3/100 -> 425.88855 | P5: =[5]results!AS3*C33*0.3/100 -> 517.00143 | Q5: =[5]results!AT3*C33*0.3/100 -> 0 | R5: =[5]results!AU3*C33*0.3/100 -> 0 | S5: =[5]results!AV3*C33*0.3/100 -> 661.37043 | T5: =[5]results!AW3*C33*0.3/100 -> 0 | U5: =[5]results!AX3*C33*0.3/100 -> 0 | V5: =[5]results!AY3*C33*0.3/100 -> 0 | W5: =$C$33*(1-0.3) -> 3742.9 | X5: =SUM(O5:W5) -> 5347.1604 | Z5: =[6]results!AQ3 -> minCO2 | AA5: =inv!AA5*inv_inc!$C$33*inv_inc!$C$35/100 -> 426.36978 | AB5: =inv!AB5*inv_inc!$C$33*inv_inc!$C$35/100 -> 0 | AC5: =inv!AC5*inv_inc!$C$33*inv_inc!$C$35/100 -> 0 | AD5: =inv!AD5*inv_inc!$C$33*inv_inc!$C$35/100 -> 0 | AE5: =inv!AE5*inv_inc!$C$33*inv_inc!$C$35/100 -> 0 | AF5: =inv!AF5*inv_inc!$C$33*inv_inc!$C$35/100 -> 4386.4115 | AG5: =inv!AG5*inv_inc!$C$33*inv_inc!$C$35/100 -> 0 | AH5: =inv!AH5*inv_inc!$C$33*inv_inc!$C$35/100 -> 0 | AI5: =$C$33*(1-$C$35) -> 534.7 | AJ5: =SUM(AA5:AI5) -> 5347.4812
B6: 0.5 | C6: =AA5 -> 426.36978 | D6: =AB5 -> 0 | E6: =AC5 -> 0 | F6: =AD5 -> 0 | G6: =AE5 -> 0 | H6: =AF5 -> 4386.4115 | I6: =AG5 -> 0 | J6: =AH5 -> 0 | K6: =AI5 -> 534.7 | L6: =SUM(C6:K6) -> 5347.4812 | X6: =SUM(O6:W6) -> 0
L7: =SUM(C7:K7) -> 0 | X7: =SUM(O7:W7) -> 0
B8: -0.5 | C8: =O9 -> 425.88855 | D8: =P9 -> 0 | E8: =Q9 -> 0 | F8: =R9 -> 1178.3719 | G8: =S9 -> 0 | H8: =T9 -> 0 | I8: =U9 -> 0 | J8: =V9 -> 0 | K8: 3742.9 | L8: =SUM(C8:K8) -> 5347.1604 | X8: =SUM(O8:W8) -> 0
A9: =[4]results!AQ4 -> minEQ | C9: =inv!C9*inv_inc!$C$33*inv_inc!$C$36/100 -> 0 | D9: =inv!D9*inv_inc!$C$33*inv_inc!$C$36/100 -> 0 | E9: =inv!E9*inv_inc!$C$33*inv_inc!$C$36/100 -> 0 | F9: =inv!F9*inv_inc!$C$33*inv_inc!$C$36/100 -> 0 | G9: =inv!G9*inv_inc!$C$33*inv_inc!$C$36/100 -> 0 | H9: =inv!H9*inv_inc!$C$33*inv_inc!$C$36/100 -> 0 | I9: =inv!I9*inv_inc!$C$33*inv_inc!$C$36/100 -> 0 | J9: =inv!J9*inv_inc!$C$33*inv_inc!$C$36/100 -> 3208.2 | K9: 2138.8 | L9: =SUM(C9:K9) -> 5347 | N9: =[5]results!AQ4 -> minEQ | O9: =inv!O9*inv_inc!$C$33*inv_inc!$C$34/100 -> 425.88855 | P9: =inv!P9*inv_inc!$C$33*inv_inc!$C$34/100 -> 0 | Q9: =inv!Q9*inv_inc!$C$33*inv_inc!$C$34/100 -> 0 | R9: =inv!R9*inv_inc!$C$33*inv_inc!$C$34/100 -> 1178.3719 | S9: =inv!S9*inv_inc!$C$33*inv_inc!$C$34/100 -> 0 | T9: =inv!T9*inv_inc!$C$33*inv_inc!$C$34/100 -> 0 | U9: =inv!U9*inv_inc!$C$33*inv_inc!$C$34/100 -> 0 | V9: =inv!V9*inv_inc!$C$33*inv_inc!$C$34/100 -> 0 | W9: =$C$33*(1-0.3) -> 3742.9 | X9: =SUM(O9:W9) -> 5347.1604 | Z9: =[6]results!AQ4 -> minEQ | AA9: =inv!AA9*inv_inc!$C$33*inv_inc!$C$35/100 -> 0 | AB9: =inv!AB9*inv_inc!$C$33*inv_inc!$C$35/100 -> 0 | AC9: =inv!AC9*inv_inc!$C$33*inv_inc!$C$35/100 -> 0 | AD9: =inv!AD9*inv_inc!$C$33*inv_inc!$C$35/100 -> 0 | AE9: =inv!AE9*inv_inc!$C$33*inv_inc!$C$35/100 -> 0 | AF9: =inv!AF9*inv_inc!$C$33*inv_inc!$C$35/100 -> 0 | AG9: =inv!AG9*inv_inc!$C$33*inv_inc!$C$35/100 -> 0 | AH9: =inv!AH9*inv_inc!$C$33*inv_inc!$C$35/100 -> 4812.3 | AI9: =$C$33*(1-$C$35) -> 534.7 | AJ9: =SUM(AA9:AI9) -> 5347
B10: 0.5 | C10: =AA9 -> 0 | D10: =AB9 -> 0 | E10: =AC9 -> 0 | F10: =AD9 -> 0 | G10: =AE9 -> 0 | H10: =AF9 -> 0 | I10: =AG9 -> 0 | J10: =AH9 -> 4812.3 | K10: 534.7 | L10: =SUM(C10:K10) -> 5347 | O10: =inv!O10*inv_inc!$C$33*inv_inc!$C$34/100 -> 0 | X10: =SUM(O10:W10) -> 0
L11: =SUM(C11:K11) -> 0 | O11: =inv!O11*inv_inc!$C$33*inv_inc!$C$34/100 -> 0 | X11: =SUM(O11:W11) -> 0
B12: -0.5 | C12: =O13 -> 425.88855 | D12: =P13 -> 0 | E12: =Q13 -> 0 | F12: =R13 -> 1178.3719 | G12: =S13 -> 0 | H12: =T13 -> 0 | I12: =U13 -> 0 | J12: =V13 -> 0 | K12: 3742.9 | L12: =SUM(C12:K12) -> 5347.1604 | O12: =inv!O12*inv_inc!$C$33*inv_inc!$C$34/100 -> 0 | X12: =SUM(O12:W12) -> 0
A13: =[4]results!AQ5 -> minHH | C13: =inv!C13*inv_inc!$C$33*inv_inc!$C$36/100 -> 41.38578 | D13: =inv!D13*inv_inc!$C$33*inv_inc!$C$36/100 -> 0 | E13: =inv!E13*inv_inc!$C$33*inv_inc!$C$36/100 -> 0 | F13: =inv!F13*inv_inc!$C$33*inv_inc!$C$36/100 -> 0 | G13: =inv!G13*inv_inc!$C$33*inv_inc!$C$36/100 -> 0 | H13: =inv!H13*inv_inc!$C$33*inv_inc!$C$36/100 -> 0 | I13: =inv!I13*inv_inc!$C$33*inv_inc!$C$36/100 -> 0 | J13: =inv!J13*inv_inc!$C$33*inv_inc!$C$36/100 -> 3166.8142 | K13: 2138.8 | L13: =SUM(C13:K13) -> 5347 | N13: =[5]results!AQ5 -> minHH | O13: =inv!O13*inv_inc!$C$33*inv_inc!$C$34/100 -> 425.88855 | P13: =inv!P13*inv_inc!$C$33*inv_inc!$C$34/100 -> 0 | Q13: =inv!Q13*inv_inc!$C$33*inv_inc!$C$34/100 -> 0 | R13: =inv!R13*inv_inc!$C$33*inv_inc!$C$34/100 -> 1178.3719 | S13: =inv!S13*inv_inc!$C$33*inv_inc!$C$34/100 -> 0 | T13: =inv!T13*inv_inc!$C$33*inv_inc!$C$34/100 -> 0 | U13: =inv!U13*inv_inc!$C$33*inv_inc!$C$34/100 -> 0 | V13: =inv!V13*inv_inc!$C$33*inv_inc!$C$34/100 -> 0 | W13: =$C$33*(1-0.3) -> 3742.9 | X13: =SUM(O13:W13) -> 5347.1604 | Z13: =[6]results!AQ5 -> minHH | AA13: =inv!AA13*inv_inc!$C$33*inv_inc!$C$35/100 -> 62.07867 | AB13: =inv!AB13*inv_inc!$C$33*inv_inc!$C$35/100 -> 0 | AC13: =inv!AC13*inv_inc!$C$33*inv_inc!$C$35/100 -> 0 | AD13: =inv!AD13*inv_inc!$C$33*inv_inc!$C$35/100 -> 0 | AE13: =inv!AE13*inv_inc!$C$33*inv_inc!$C$35/100 -> 0 | AF13: =inv!AF13*inv_inc!$C$33*inv_inc!$C$35/100 -> 0 | AG13: =inv!AG13*inv_inc!$C$33*inv_inc!$C$35/100 -> 0 | AH13: =inv!AH13*inv_inc!$C$33*inv_inc!$C$35/100 -> 4750.2213 | AI13: =$C$33*(1-$C$35) -> 534.7 | AJ13: =SUM(AA13:AI13) -> 5347
B14: 0.5 | C14: =AA13 -> 62.07867 | D14: =AB13 -> 0 | E14: =AC13 -> 0 | F14: =AD13 -> 0 | G14: =AE13 -> 0 | H14: =AF13 -> 0 | I14: =AG13 -> 0 | J14: =AH13 -> 4750.2213 | K14: 534.7 | L14: =SUM(C14:K14) -> 5347
A33: Flux de biodéchets totaux | C33: 5347
A34: Tri_neg | C34: 0.3
A35: Tri_pos | C35: 0.9
A36: Tri_nom | C36: 0.6

Sheet inv
A2: norm | N2: neg | Z2: pos
A3: =[4]results!AQ2 -> name | C3: =[4]results!AR2 -> HC | D3: =[4]results!AS2 -> IC | E3: =[4]results!AT2 -> AD-cog-dig | F3: =[4]results!AU2 -> AD-cog-comp | G3: =[4]results!AV2 -> AD-biomet-dig | H3: =[4]results!AW2 -> AD-biomet-comp | I3: =[4]results!AX2 -> AD-heat-dig | J3: =[4]results!AY2 -> AD-heat-comp | K3: =[4]results!AZ2 -> 0 | N3: =[5]results!AQ2 -> name | O3: =[5]results!AR2 -> HC | P3: =[5]results!AS2 -> IC | Q3: =[5]results!AT2 -> AD-cog-dig | R3: =[5]results!AU2 -> AD-cog-comp | S3: =[5]results!AV2 -> AD-biomet-dig | T3: =[5]results!AW2 -> AD-biomet-comp | U3: =[5]results!AX2 -> AD-heat-dig | V3: =[5]results!AY2 -> AD-heat-comp | W3: Incineration | X3: =[5]results!AZ2 -> 0 | Z3: =[6]results!AQ2 -> name | AA3: =[6]results!AR2 -> HC | AB3: =[6]results!AS2 -> IC | AC3: =[6]results!AT2 -> AD-cog-dig | AD3: =[6]results!AU2 -> AD-cog-comp | AE3: =[6]results!AV2 -> AD-biomet-dig | AF3: =[6]results!AW2 -> AD-biomet-comp | AG3: =[6]results!AX2 -> AD-heat-dig | AH3: =[6]results!AY2 -> AD-heat-comp
B4: -0.5 | C4: =O5 -> 425.88855 | D4: =P5 -> 517.00143 | E4: =Q5 -> 0 | F4: =R5 -> 0 | G4: =S5 -> 661.37043 | H4: =T5 -> 0 | I4: =U5 -> 0 | J4: =V5 -> 0 | K4: =X5 -> 1604.2604
A5: =[4]results!AQ3 -> minCC | C5: =[7]results!AR3 -> 6.5 | D5: =[7]results!AS3 -> 0 | E5: =[7]results!AT3 -> 0 | F5: =[7]results!AU3 -> 0 | G5: =[7]results!AV3 -> 0 | H5: =[7]results!AW3 -> 93.51 | I5: =[7]results!AX3 -> 0 | J5: =[7]results!AY3 -> 0 | K5: =[4]results!AZ3 -> 100.01 | N5: =[5]results!AQ3 -> minCO2 | O5: =[5]results!AR3*C33*0.3/100 -> 425.88855 | P5: =[5]results!AS3*C33*0.3/100 -> 517.00143 | Q5: =[5]results!AT3*C33*0.3/100 -> 0 | R5: =[5]results!AU3*C33*0.3/100 -> 0 | S5: =[5]results!AV3*C33*0.3/100 -> 661.37043 | T5: =[5]results!AW3*C33*0.3/100 -> 0 | U5: =[5]results!AX3*C33*0.3/100 -> 0 | V5: =[5]results!AY3*C33*0.3/100 -> 0 | W5: =C33*(1-0.3) -> 3742.9 | X5: =[5]results!AZ3*C33*0.3/100 -> 1604.2604 | Z5: =[6]results!AQ3 -> minCO2 | AA5: =[6]results!AR3 -> 8.86 | AB5: =[6]results!AS3 -> 0 | AC5: =[6]results!AT3 -> 0 | AD5: =[6]results!AU3 -> 0 | AE5: =[6]results!AV3 -> 0 | AF5: =[6]results!AW3 -> 91.15 | AG5: =[6]results!AX3 -> 0 | AH5: =[6]results!AY3 -> 0
B6: 0.5 | C6: =AA5 -> 8.86 | D6: =AB5 -> 0 | E6: =AC5 -> 0 | F6: =AD5 -> 0 | G6: =AE5 -> 0 | H6: =AF5 -> 91.15 | I6: =AG5 -> 0 | J6: =AH5 -> 0
B8: -0.5 | C8: =O9 -> 26.55 | D8: =P9 -> 0 | E8: =Q9 -> 0 | F8: =R9 -> 73.46 | G8: =S9 -> 0 | H8: =T9 -> 0 | I8: =U9 -> 0 | J8: =V9 -> 0 | K8: =X9 -> 100.01
A9: =[4]results!AQ4 -> minEQ | C9: =[7]results!AR4 -> 0 | D9: =[7]results!AS4 -> 0 | E9: =[7]results!AT4 -> 0 | F9: =[7]results!AU4 -> 0 | G9: =[7]results!AV4 -> 0 | H9: =[7]results!AW4 -> 0 | I9: =[7]results!AX4 -> 0 | J9: =[7]results!AY4 -> 100 | K9: =[4]results!AZ4 -> 100 | N9: =[5]results!AQ4 -> minEQ | O9: =[5]results!AR4 -> 26.55 | P9: =[5]results!AS4 -> 0 | Q9: =[5]results!AT4 -> 0 | R9: =[5]results!AU4 -> 73.46 | S9: =[5]results!AV4 -> 0 | T9: =[5]results!AW4 -> 0 | U9: =[5]results!AX4 -> 0 | V9: =[5]results!AY4 -> 0 | X9: =[5]results!AZ4 -> 100.01 | Z9: =[6]results!AQ4 -> minEQ | AA9: =[6]results!AR4 -> 0 | AB9: =[6]results!AS4 -> 0 | AC9: =[6]results!AT4 -> 0 | AD9: =[6]results!AU4 -> 0 | AE9: =[6]results!AV4 -> 0 | AF9: =[6]results!AW4 -> 0 | AG9: =[6]results!AX4 -> 0 | AH9: =[6]results!AY4 -> 100
B10: 0.5 | C10: =AA9 -> 0 | D10: =AB9 -> 0 | E10: =AC9 -> 0 | F10: =AD9 -> 0 | G10: =AE9 -> 0 | H10: =AF9 -> 0 | I10: =AG9 -> 0 | J10: =AH9 -> 100
B12: -0.5 | C12: =O13 -> 26.55 | D12: =P13 -> 0 | E12: =Q13 -> 0 | F12: =R13 -> 73.46 | G12: =S13 -> 0 | H12: =T13 -> 0 | I12: =U13 -> 0 | J12: =V13 -> 0 | K12: =X13 -> 100.01
A13: =[4]results!AQ5 -> minHH | C13: =[7]results!AR5 -> 1.29 | D13: =[7]results!AS5 -> 0 | E13: =[7]results!AT5 -> 0 | F13: =[7]results!AU5 -> 0 | G13: =[7]results!AV5 -> 0 | H13: =[7]results!AW5 -> 0 | I13: =[7]results!AX5 -> 0 | J13: =[7]results!AY5 -> 98.71 | K13: =[4]results!AZ5 -> 100 | N13: =[5]results!AQ5 -> minHH | O13: =[5]results!AR5 -> 26.55 | P13: =[5]results!AS5 -> 0 | Q13: =[5]results!AT5 -> 0 | R13: =[5]results!AU5 -> 73.46 | S13: =[5]results!AV5 -> 0 | T13: =[5]results!AW5 -> 0 | U13: =[5]results!AX5 -> 0 | V13: =[5]results!AY5 -> 0 | X13: =[5]results!AZ5 -> 100.01 | Z13: =[6]results!AQ5 -> minHH | AA13: =[6]results!AR5 -> 1.29 | AB13: =[6]results!AS5 -> 0 | AC13: =[6]results!AT5 -> 0 | AD13: =[6]results!AU5 -> 0 | AE13: =[6]results!AV5 -> 0 | AF13: =[6]results!AW5 -> 0 | AG13: =[6]results!AX5 -> 0 | AH13: =[6]results!AY5 -> 98.71
B14: 0.5 | C14: =AA13 -> 1.29 | D14: =AB13 -> 0 | E14: =AC13 -> 0 | F14: =AD13 -> 0 | G14: =AE13 -> 0 | H14: =AF13 -> 0 | I14: =AG13 -> 0 | J14: =AH13 -> 98.71
B16: -0.5 | C16: =O17 -> 26.55 | D16: =P17 -> 0 | E16: =Q17 -> 0 | F16: =R17 -> 73.46 | G16: =S17 -> 0 | H16: =T17 -> 0 | I16: =U17 -> 0 | J16: =V17 -> 0 | K16: =X17 -> 100.01
A17: =[4]results!AQ6 -> minEQ&HH | C17: =[4]results!AR6 -> 0 | D17: =[4]results!AS6 -> 0 | E17: =[4]results!AT6 -> 0 | F17: =[4]results!AU6 -> 0 | G17: =[4]results!AV6 -> 0 | H17: =[4]results!AW6 -> 0 | I17: =[4]results!AX6 -> 0 | J17: =[4]results!AY6 -> 100 | K17: =[4]results!AZ6 -> 100 | N17: =[5]results!AQ6 -> minEQ&HH | O17: =[5]results!AR6 -> 26.55 | P17: =[5]results!AS6 -> 0 | Q17: =[5]results!AT6 -> 0 | R17: =[5]results!AU6 -> 73.46 | S17: =[5]results!AV6 -> 0 | T17: =[5]results!AW6 -> 0 | U17: =[5]results!AX6 -> 0 | V17: =[5]results!AY6 -> 0 | X17: =[5]results!AZ6 -> 100.01 | Z17: =[6]results!AQ6 -> minEQ&HH | AA17: =[6]results!AR6 -> 0 | AB17: =[6]results!AS6 -> 0 | AC17: =[6]results!AT6 -> 0 | AD17: =[6]results!AU6 -> 0 | AE17: =[6]results!AV6 -> 0 | AF17: =[6]results!AW6 -> 0 | AG17: =[6]results!AX6 -> 0 | AH17: =[6]results!AY6 -> 100
B18: 0.5 | C18: =AA17 -> 0 | D18: =AB17 -> 0 | E18: =AC17 -> 0 | F18: =AD17 -> 0 | G18: =AE17 -> 0 | H18: =AF17 -> 0 | I18: =AG17 -> 0 | J18: =AH17 -> 100
B20: -0.5 | C20: =O21 -> 26.55 | D20: =P21 -> 0 | E20: =Q21 -> 0 | F20: =R21 -> 73.46 | G20: =S21 -> 0 | H20: =T21 -> 0 | I20: =U21 -> 0 | J20: =V21 -> 0 | K20: =X21 -> 100.01
A21: =[4]results!AQ7 -> minCO2&EQ | C21: =[4]results!AR7 -> 1.29 | D21: =[4]results!AS7 -> 0 | E21: =[4]results!AT7 -> 0 | F21: =[4]results!AU7 -> 0 | G21: =[4]results!AV7 -> 0 | H21: =[4]results!AW7 -> 0 | I21: =[4]results!AX7 -> 0 | J21: =[4]results!AY7 -> 98.71 | K21: =[4]results!AZ7 -> 100 | N21: =[5]results!AQ7 -> minCO2&EQ | O21: =[5]results!AR7 -> 26.55 | P21: =[5]results!AS7 -> 0 | Q21: =[5]results!AT7 -> 0 | R21: =[5]results!AU7 -> 73.46 | S21: =[5]results!AV7 -> 0 | T21: =[5]results!AW7 -> 0 | U21: =[5]results!AX7 -> 0 | V21: =[5]results!AY7 -> 0 | X21: =[5]results!AZ7 -> 100.01 | Z21: =[6]results!AQ7 -> minCO2&EQ | AA21: =[6]results!AR7 -> 1.29 | AB21: =[6]results!AS7 -> 0 | AC21: =[6]results!AT7 -> 0 | AD21: =[6]results!AU7 -> 0 | AE21: =[6]results!AV7 -> 0 | AF21: =[6]results!AW7 -> 0 | AG21: =[6]results!AX7 -> 0 | AH21: =[6]results!AY7 -> 98.71
B22: 0.5 | C22: =AA21 -> 1.29 | D22: =AB21 -> 0 | E22: =AC21 -> 0 | F22: =AD21 -> 0 | G22: =AE21 -> 0 | H22: =AF21 -> 0 | I22: =AG21 -> 0 | J22: =AH21 -> 98.71
B24: -0.5 | C24: =O25 -> 26.55 | D24: =P25 -> 26.73 | E24: =Q25 -> 0 | F24: =R25 -> 46.73 | G24: =S25 -> 0 | H24: =T25 -> 0 | I24: =U25 -> 0 | J24: =V25 -> 0 | K24: =X25 -> 100.01
A25: =[4]results!AQ8 -> minCO2&HH | C25: =[4]results!AR8 -> 6.5 | D25: =[4]results!AS8 -> 0 | E25: =[4]results!AT8 -> 0 | F25: =[4]results!AU8 -> 0 | G25: =[4]results!AV8 -> 0 | H25: =[4]results!AW8 -> 0 | I25: =[4]results!AX8 -> 0 | J25: =[4]results!AY8 -> 93.51 | K25: =[4]results!AZ8 -> 100.01 | N25: =[5]results!AQ8 -> minCO2&HH | O25: =[5]results!AR8 -> 26.55 | P25: =[5]results!AS8 -> 26.73 | Q25: =[5]results!AT8 -> 0 | R25: =[5]results!AU8 -> 46.73 | S25: =[5]results!AV8 -> 0 | T25: =[5]results!AW8 -> 0 | U25: =[5]results!AX8 -> 0 | V25: =[5]results!AY8 -> 0 | X25: =[5]results!AZ8 -> 100.01 | Z25: =[6]results!AQ8 -> minCO2&HH | AA25: =[6]results!AR8 -> 8.86 | AB25: =[6]results!AS8 -> 0 | AC25: =[6]results!AT8 -> 0 | AD25: =[6]results!AU8 -> 0 | AE25: =[6]results!AV8 -> 0 | AF25: =[6]results!AW8 -> 0 | AG25: =[6]results!AX8 -> 0 | AH25: =[6]results!AY8 -> 91.15
B26: 0.5 | C26: =AA25 -> 8.86 | D26: =AB25 -> 0 | E26: =AC25 -> 0 | F26: =AD25 -> 0 | G26: =AE25 -> 0 | H26: =AF25 -> 0 | I26: =AG25 -> 0 | J26: =AH25 -> 91.15
B28: -0.5 | C28: =O29 -> 26.55 | D28: =P29 -> 0 | E28: =Q29 -> 0 | F28: =R29 -> 73.46 | G28: =S29 -> 0 | H28: =T29 -> 0 | I28: =U29 -> 0 | J28: =V29 -> 0 | K28: =X29 -> 100.01
A29: =[4]results!AQ9 -> minCO2&EQ&HH | C29: =[4]results!AR9 -> 1.29 | D29: =[4]results!AS9 -> 0 | E29: =[4]results!AT9 -> 0 | F29: =[4]results!AU9 -> 0 | G29: =[4]results!AV9 -> 0 | H29: =[4]results!AW9 -> 0 | I29: =[4]results!AX9 -> 0 | J29: =[4]results!AY9 -> 98.71 | K29: =[4]results!AZ9 -> 100 | N29: =[5]results!AQ9 -> minCO2&EQ&HH | O29: =[5]results!AR9 -> 26.55 | P29: =[5]results!AS9 -> 0 | Q29: =[5]results!AT9 -> 0 | R29: =[5]results!AU9 -> 73.46 | S29: =[5]results!AV9 -> 0 | T29: =[5]results!AW9 -> 0 | U29: =[5]results!AX9 -> 0 | V29: =[5]results!AY9 -> 0 | X29: =[5]results!AZ9 -> 100.01 | Z29: =[6]results!AQ9 -> minCO2&EQ&HH | AA29: =[6]results!AR9 -> 1.29 | AB29: =[6]results!AS9 -> 0 | AC29: =[6]results!AT9 -> 0 | AD29: =[6]results!AU9 -> 0 | AE29: =[6]results!AV9 -> 0 | AF29: =[6]results!AW9 -> 0 | AG29: =[6]results!AX9 -> 0 | AH29: =[6]results!AY9 -> 98.71
B30: 0.5 | C30: =AA29 -> 1.29 | D30: =AB29 -> 0 | E30: =AC29 -> 0 | F30: =AD29 -> 0 | G30: =AE29 -> 0 | H30: =AF29 -> 0 | I30: =AG29 -> 0 | J30: =AH29 -> 98.71
A33: Flux de biodéchets totaux | C33: 5347
