Workbook

Sheet mun
A1: municipalities | B1: sites | C1: Other markets
A2: Compiègne | B2: X | C2: E | I2: X | J2: monchy-humières
A3: Venette | B3: Y | I3: Y | J3: Villers-Saint-Paul
A4: Jaux
A5: Armancourt

Sheet waste_gen
B1: Home | C1: Building | D1: Total
A2: =mun!A2 -> Compiègne | B2: =D2*[1]Communes!$H$29 -> 615.296 | C2: =D2-B2 -> 2328.704 | D2: 2944
A3: =mun!A3 -> Venette | B3: =D3*[1]Communes!$U$29 -> 124.806 | C3: =D3-B3 -> 61.194 | D3: 186 | I3: Hypothèse | J3: Chaque logement produit la même quantité de biodéchets
A4: =mun!A4 -> Jaux | B4: =D4*[1]Communes!$J$29 -> 147.498 | C4: =D4-B4 -> 38.502 | D4: 186
A5: =mun!A5 -> Armancourt | B5: =D5*[1]Communes!$B$29 -> 42.864 | C5: =D5-B5 -> 5.136 | D5: 48

Sheet dist_market
A1: tech_place | B1: =INDEX(market!$A:$A,COLUMN(A1)+1) -> Compiègne | C1: =INDEX(market!$A:$A,COLUMN(B1)+1) -> Venette | D1: =INDEX(market!$A:$A,COLUMN(C1)+1) -> Jaux | E1: =INDEX(market!$A:$A,COLUMN(D1)+1) -> Armancourt | F1: X | G1: Y | K1: =INDEX(market!$A:$A,COLUMN(J1)+1) -> 0 | L1: =INDEX(market!$A:$A,COLUMN(K1)+1) -> 0 | M1: =INDEX(market!$A:$A,COLUMN(L1)+1) -> 0 | N1: =INDEX(market!$A:$A,COLUMN(M1)+1) -> 0 | O1: =INDEX(market!$A:$A,COLUMN(N1)+1) -> 0 | P1: =INDEX(market!$A:$A,COLUMN(O1)+1) -> 0 | Q1: =INDEX(market!$A:$A,COLUMN(P1)+1) -> 0 | R1: =INDEX(market!$A:$A,COLUMN(Q1)+1) -> 0 | ... AC1: =INDEX(market!$A:$A,COLUMN(AB1)+1) -> 0
A2: =tech_pot!A2 -> Compiègne | B2: 2 | C2: 3 | D2: 8 | E2: 9 | F2: 13 | G2: 36
A3: =tech_pot!A3 -> Venette | B3: 3 | C3: 2 | D3: 4 | E3: 7 | F3: 9 | G3: 35
A4: =tech_pot!A4 -> Jaux | B4: 8 | C4: 4 | D4: 2 | E4: 3 | F4: 12 | G4: 27
A5: =tech_pot!A5 -> Armancourt | B5: 9 | C5: 7 | D5: 3 | E5: 2 | F5: 15 | G5: 30
A6: =tech_pot!A6 -> X | B6: 13 | C6: 9 | D6: 12 | E6: 15 | F6: 2 | G6: 33
A7: =tech_pot!A7 -> Y | B7: 36 | C7: 35 | D7: 27 | E7: 30 | F7: 33 | G7: 2

Sheet dist
B1: =INDEX(mun!$B:$B,COLUMN(A1)+1) -> X | C1: =INDEX(mun!$B:$B,COLUMN(B1)+1) -> Y
A2: =waste_gen!A2 -> Compiègne | B2: 13 | C2: 36
A3: =waste_gen!A3 -> Venette | B3: 9 | C3: 35
A4: =waste_gen!A4 -> Jaux | B4: 12 | C4: 27
A5: =waste_gen!A5 -> Armancourt | B5: 15 | C5: 30

Sheet tech_pot
A1: Site | B1: HC | C1: IC | D1: AD-a | E1: AD-b | F1: AD-c
A2: =mun!A2 -> Compiègne | B2: 1 | C2: 0 | D2: 0 | E2: 0 | F2: 0
A3: =mun!A3 -> Venette | B3: 1 | C3: 0 | D3: 0 | E3: 0 | F3: 0
A4: =mun!A4 -> Jaux | B4: 1 | C4: 0 | D4: 0 | E4: 0 | F4: 0
A5: =mun!A5 -> Armancourt | B5: 1 | C5: 0 | D5: 0 | E5: 0 | F5: 0
A6: X | B6: 0 | C6: 0 | D6: 0 | E6: 0 | F6: 1
A7: Y | B7: 0 | C7: 0 | D7: 1 | E7: 0 | F7: 0

Sheet market
A1: market | B1: Comp | C1: Dig | D1: Heat | E1: Elect | F1: Biomet
A2: =tech_pot!A2 -> Compiègne | B2: 1 | C2: 0 | D2: 1 | E2: 0 | F2: 0
A3: =tech_pot!A3 -> Venette | B3: 1 | C3: 0 | D3: 0 | E3: 0 | F3: 0
A4: =tech_pot!A4 -> Jaux | B4: 1 | C4: 1 | D4: 0 | E4: 1 | F4: 0
A5: =tech_pot!A5 -> Armancourt | B5: 1 | C5: 0 | D5: 1 | E5: 0 | F5: 0
A6: =tech_pot!A6 -> X | B6: 1 | C6: 1 | D6: 0 | E6: 0 | F6: 1
A7: =tech_pot!A7 -> Y | B7: 1 | C7: 1 | D7: 1 | E7: 1 | F7: 0

Sheet Feuil4
B1: Comp | D1: Dig | F1: Heat | H1: Elect
A2: market | B2: lb_mark | C2: ub_mark | D2: lb_mark | E2: ub_mark | F2: lb_mark | G2: ub_mark | H2: lb_mark | I2: ub_mark
A3: A | B3: 1 | D3: 0 | F3: 1 | H3: 0
A4: B | B4: 1 | D4: 0 | F4: 0 | H4: 0
A5: C | B5: 1 | D5: 1 | F5: 0 | H5: 1
A6: X | B6: 1 | D6: 0 | F6: 1 | H6: 0
A7: Y | B7: 1 | D7: 1 | F7: 0 | H7: 0
A8: Z | B8: 1 | D8: 1 | F8: 0 | H8: 1
A9: E | B9: 1 | D9: 1 | F9: 1 | H9: 1
A10: F | B10: 1 | D10: 1 | F10: 0 | H10: 0
A11: G | B11: 0 | D11: 1 | F11: 1 | H11: 1
