Workbook

Sheet Feuil1
B1: Population | D1: Qté totale de biodéchets (t) | E1: Qté de déchets par hab (t) | G1: Nbre total de logements | H1: Maisons | J1: Nbre de maisons | K1: Nbre d'appartements | M1: Nb de pers en maisons | N1: Nb de pers en appartements | P1: Nb de pers en maisons | Q1: Nb de pers en appartements | S1: Déchets générés par les maisons | T1: Déchets générés pas les app
A2: Armancourt (60023) | B2: 559 | D2: 48 | E2: =D2/B2 -> 0.085867621 | G2: 252 | H2: 0.893 | J2: =H2*G2 -> 225.036 | K2: =G2-J2 -> 26.964 | M2: =$B$27*J2 -> 540.0864 | N2: =B2-M2 -> 18.9136 | P2: =B2-Q2 -> 510.4648 | Q2: =K2*$B$28 -> 48.5352 | S2: =P2*E2 -> 43.832398 | T2: =Q2*E2 -> 4.1676021
A3: Béthisy-Saint-Martin (60067) | B3: 1018 | D3: 50 | E3: =D3/B3 -> 0.049115914 | G3: 487 | H3: 0.932 | J3: =H3*G3 -> 453.884 | K3: =G3-J3 -> 33.116 | M3: =$B$27*J3 -> 1089.3216 | N3: =B3-M3 -> -71.3216 | P3: =B3-Q3 -> 958.3912 | Q3: =K3*$B$28 -> 59.6088 | S3: =P3*E3 -> 47.072259 | T3: =Q3*E3 -> 2.9277407
A4: Béthisy-Saint-Pierre (60068) | B4: 3195 | D4: 171 | E4: =D4/B4 -> 0.053521127 | G4: 1494 | H4: 0.691 | J4: =H4*G4 -> 1032.354 | K4: =G4-J4 -> 461.646 | M4: =$B$27*J4 -> 2477.6496 | N4: =B4-M4 -> 717.3504 | P4: =B4-Q4 -> 2364.0372 | Q4: =K4*$B$28 -> 830.9628 | S4: =P4*E4 -> 126.52593 | T4: =Q4*E4 -> 44.474065
A5: Bienville (60070) | B5: 462 | D5: 30 | E5: =D5/B5 -> 0.064935065 | G5: 182 | H5: 0.956 | J5: =H5*G5 -> 173.992 | K5: =G5-J5 -> 8.008 | M5: =$B$27*J5 -> 417.5808 | N5: =B5-M5 -> 44.4192 | P5: =B5-Q5 -> 447.5856 | Q5: =K5*$B$28 -> 14.4144 | S5: =P5*E5 -> 29.064 | T5: =Q5*E5 -> 0.936
A6: Choisy-au-Bac (60151) | B6: 3412 | D6: 213 | E6: =D6/B6 -> 0.062426729 | G6: 1579 | H6: 0.81 | J6: =H6*G6 -> 1278.99 | K6: =G6-J6 -> 300.01 | M6: =$B$27*J6 -> 3069.576 | N6: =B6-M6 -> 342.424 | P6: =B6-Q6 -> 2871.982 | Q6: =K6*$B$28 -> 540.018 | S6: =P6*E6 -> 179.28844 | T6: =Q6*E6 -> 33.711557
A7: Clairoix (60156) | B7: 2292 | D7: 109 | E7: =D7/B7 -> 0.047556719 | G7: 995 | H7: 0.837 | J7: =H7*G7 -> 832.815 | K7: =G7-J7 -> 162.185 | M7: =$B$27*J7 -> 1998.756 | N7: =B7-M7 -> 293.244 | P7: =B7-Q7 -> 2000.067 | Q7: =K7*$B$28 -> 291.933 | S7: =P7*E7 -> 95.116624 | T7: =Q7*E7 -> 13.883376
A8: Compiègne (60159) | B8: 41470 | D8: 2944 | E8: =D8/B8 -> 0.070991078 | G8: 21652 | H8: 0.209 | J8: =H8*G8 -> 4525.268 | K8: =G8-J8 -> 17126.732 | M8: =$B$27*J8 -> 10860.643 | N8: =B8-M8 -> 30609.357 | P8: =B8-Q8 -> 10641.882 | Q8: =K8*$B$28 -> 30828.118 | S8: =P8*E8 -> 755.4787 | T8: =Q8*E8 -> 2188.5213
A9: Janville (60323) | B9: 657 | D9: 41 | E9: =D9/B9 -> 0.062404871 | G9: 286 | H9: 0.904 | J9: =H9*G9 -> 258.544 | K9: =G9-J9 -> 27.456 | M9: =$B$27*J9 -> 620.5056 | N9: =B9-M9 -> 36.4944 | P9: =B9-Q9 -> 607.5792 | Q9: =K9*$B$28 -> 49.4208 | S9: =P9*E9 -> 37.915901 | T9: =Q9*E9 -> 3.0840986
A10: Jaux (60325) | B10: 2346 | D10: 186 | E10: =D10/B10 -> 0.079283887 | G10: 982 | H10: 0.793 | J10: =H10*G10 -> 778.726 | K10: =G10-J10 -> 203.274 | M10: =$B$27*J10 -> 1868.9424 | N10: =B10-M10 -> 477.0576 | P10: =B10-Q10 -> 1980.1068 | Q10: =K10*$B$28 -> 365.8932 | S10: =P10*E10 -> 156.99056 | T10: =Q10*E10 -> 29.009435
A11: Jonquières (60326) | B11: 621 | D11: 41 | E11: =D11/B11 -> 0.066022544 | G11: 275 | H11: 0.963 | J11: =H11*G11 -> 264.825 | K11: =G11-J11 -> 10.175 | M11: =$B$27*J11 -> 635.58 | N11: =B11-M11 -> -14.58 | P11: =B11-Q11 -> 602.685 | Q11: =K11*$B$28 -> 18.315 | S11: =P11*E11 -> 39.790797 | T11: =Q11*E11 -> 1.2092029
A12: Lachelle (60337) | B12: 802 | D12: 42 | E12: =D12/B12 -> 0.052369077 | G12: 339 | H12: 0.941 | J12: =H12*G12 -> 318.999 | K12: =G12-J12 -> 20.001 | M12: =$B$27*J12 -> 765.5976 | N12: =B12-M12 -> 36.4024 | P12: =B12-Q12 -> 765.9982 | Q12: =K12*$B$28 -> 36.0018 | S12: =P12*E12 -> 40.114619 | T12: =Q12*E12 -> 1.885381
A13: Lacroix-Saint-Ouen (60338) | B13: 5107 | D13: 90 | E13: =D13/B13 -> 0.017622871 | G13: 2413 | H13: 0.723 | J13: =H13*G13 -> 1744.599 | K13: =G13-J13 -> 668.401 | M13: =$B$27*J13 -> 4187.0376 | N13: =B13-M13 -> 919.9624 | P13: =B13-Q13 -> 3903.8782 | Q13: =K13*$B$28 -> 1203.1218 | S13: =P13*E13 -> 68.79754 | T13: =Q13*E13 -> 21.20246
... A23: Vieux-Moulin (60674) | B23: 631 | D23: 52 | E23: =D23/B23 -> 0.082408875 | G23: 303 | H23: 0.964 | J23: =H23*G23 -> 292.092 | K23: =G23-J23 -> 10.908 | M23: =$B$27*J23 -> 701.0208 | N23: =B23-M23 -> -70.0208 | P23: =B23-Q23 -> 611.3656 | Q23: =K23*$B$28 -> 19.6344 | S23: =P23*E23 -> 50.381951 | T23: =Q23*E23 -> 1.6180488
B25: =SUM(B2:B23) -> 85081
A27: Nb de pers en maison | B27: 2.4 | D27: file:///D:/Users/hravoaha/Downloads/LOGFRA17k2_F6.2.pdf
A28: Nb de pers e n appart | B28: 1.8

Sheet Market peat
B1: Tourbe max(kg) | C1: C (kg) | E1: Tourbe qui peut être substituée (kg) | I1: tourbe max/t de déchets | K1: Qté de tourbe consommé pour le jardinage | L1: 757800 | M1: m3/an | N1: Pop en France | O1: =69100000 -> 69100000 | Q1: =1670000*0.45 -> 751500 | R1: m3/an | T1: marché de N en France | U1: 1831 | V1: kT/an
A2: Armancourt (60023) | B2: =$L$4*Feuil1!P2 -> 1119.6244 | C2: =$L$7*Feuil1!B2 -> 271.89522 | E2: =L8*[1]waste_gen!$B$5 -> 19212.252 | F2: =I2/G2 -> 438.31169 | G2: =B2/E2 -> 0.058276581 | I2: =B2/[1]waste_gen!$B$5 -> 25.543307 | K2: Densité | L2: 200 | M2: kg/m3 | N2: Nbre de communes en France | O2: 36529 | T2: N par hab | U2: =U1/O1 -> 2.6497829e-05 | V2: kT/hab/an
A3: Béthisy-Saint-Martin (60067) | B3: =$L$4*Feuil1!P3 -> 2102.0806 | C3: =$L$7*Feuil1!B3 -> 495.15086 | E3: =L8*[1]waste_gen!$B$10 -> 20632.321 | G3: =B3/E3 -> 0.10188289 | I3: =B3/[1]waste_gen!$B$10 -> 44.656463 | K3: Qté de tourbe consommé pour le jardinage | L3: =L1*L2 -> 151560000 | M3: kg/an | N3: Pop hab en maison | O3: 0.55 | P3: Pro_market | Q3: =Q1*L2 -> 150300000 | R3: kg/an | T3: marché de P en France | U3: 316 | V3: kT/an
A4: Béthisy-Saint-Pierre (60068) | B4: =$L$4*Feuil1!P4 -> 5185.1444 | C4: =$L$7*Feuil1!B4 -> 1554.0344 | E4: =[1]waste_gen!$B$9*L8 -> 55457.796 | G4: =B4/E4 -> 0.093497123 | I4: =+B4/[1]waste_gen!$B$9 -> 40.980882 | K4: Qté de tourbe consommé par hab | L4: =L3/O1 -> 2.193343 | M4: kg/an/hab | P4: Qthé de tourbe par hab | Q4: =+Q3/O1 -> 2.1751085 | R4: kg/hab/an | T4: P/hab | U4: =U3/O1 -> 4.5730825e-06 | V4: kT/hab/an
A5: Bienville (60070) | B5: =$L$4*Feuil1!P5 -> 981.70873 | C5: =$L$7*Feuil1!B5 -> 224.71483 | E5: =L8*[1]waste_gen!$B$11 -> 12739.091 | G5: =B5/E5 -> 0.0770627 | I5: =+B5/[1]waste_gen!$B$11 -> 33.777482 | K5: Qté de C dans les tourbes | L5: 0.22176 | M5: kgC/kg | T5: marché de K en France | U5: 354 | V5: kT/an
A6: Choisy-au-Bac (60151) | B6: =$L$4*Feuil1!P6 -> 6299.2416 | C6: =$L$7*Feuil1!B6 -> 1659.5823 | E6: =L8*[1]waste_gen!$B$12 -> 78584.22 | G6: =B6/E6 -> 0.080159116 | I6: =+B6/[1]waste_gen!$B$12 -> 35.134677 | K6: C dans les tourbes consommées en france | L6: =L3*L5 -> 33609946 | M6: kgC/an | T6: K/hab | U6: =U5/O1 -> 5.1230101e-06 | V6: kT/hab/an
A7: Clairoix (60156) | B7: =$L$4*Feuil1!P7 -> 4386.8329 | C7: =$L$7*Feuil1!B7 -> 1114.819 | E7: =L8*[1]waste_gen!$B$13 -> 41690.728 | G7: =B7/E7 -> 0.10522323 | I7: =B7/[1]waste_gen!$B$13 -> 46.12057 | K7: Consommation de C tourbe par hab | L7: =L6/O1 -> 0.48639574 | M7: kgC/hab
A8: Compiègne (60159) | B8: =$L$4*Feuil1!P8 -> 23341.298 | C8: =$L$7*Feuil1!B8 -> 20170.831 | E8: =L8*[1]waste_gen!$B$2 -> 331135.15 | G8: =B8/E8 -> 0.070488737 | I8: =B8/[1]waste_gen!$B$2 -> 30.896037 | K8: Production de tourbe par HC | L8: 438.31169 | M8: kg/t | N8: =L3*0.1 -> 15156000
A9: Janville (60323) | B9: =$L$4*Feuil1!P9 -> 1332.6296 | C9: =$L$7*Feuil1!B9 -> 319.562 | E9: =L8*[1]waste_gen!$B$14 -> 16618.983 | G9: =B9/E9 -> 0.080187193 | I9: =B9/[1]waste_gen!$B$14 -> 35.146984 | M9: 438.31169 | P9: co2 | Q9: =Q5*([2]Feuil1!$C$26 + 0.7318) -> 0
A10: Jaux (60325) | B10: =$L$4*Feuil1!P10 -> 4343.0534 | C10: =$L$7*Feuil1!B10 -> 1141.0844 | E10: =L8*[1]waste_gen!$B$4 -> 68810.799 | G10: =B10/E10 -> 0.063115868 | I10: =B10/[1]waste_gen!$B$4 -> 27.664423 | P10: eq | Q10: =Q5*([2]Feuil1!$E$26+(0.7318*0.1685)) -> 0
A11: Jonquières (60326) | B11: =$L$4*Feuil1!P11 -> 1321.8949 | C11: =$L$7*Feuil1!B11 -> 302.05175 | E11: =[1]waste_gen!$B$15*L8 -> 17440.771 | G11: =B11/E11 -> 0.075793374 | I11: =B11/[1]waste_gen!$B$15 -> 33.221122 | K11: Market_hobby_ARC | L11: =L4*Feuil1!B25 -> 186611.81 | M11: kg/an | N11: =L11/L2 -> 933.05907 | P11: hh | Q11: =Q5*[2]Feuil1!$F$26 -> 0
A12: Lachelle (60337) | B12: =$L$4*Feuil1!P12 -> 1680.0968 | C12: =$L$7*Feuil1!B12 -> 390.08938 | E12: =L8*[1]waste_gen!$B$16 -> 17582.706 | G12: =B12/E12 -> 0.095553935 | I12: =B12/[1]waste_gen!$B$16 -> 41.882406 | K12: Market_pro_ARC | L12: =Q4*Feuil1!B25 -> 185060.41 | M12: kg/an | N12: =L12/L2 -> 925.30205
A13: Lacroix-Saint-Ouen (60338) | B13: =$L$4*Feuil1!P13 -> 8562.5438 | C13: =$L$7*Feuil1!B13 -> 2484.023 | E13: =L8*[1]waste_gen!$B$7 -> 30154.766 | G13: =B13/E13 -> 0.28395325 | I13: =B13/[1]waste_gen!$B$7 -> 124.46003 | K13: Marché de N dans l'ARC | L13: =U2*Feuil1!B25 -> 2.2544618 | M13: kT/an
A14: Margny-lès-Compiègne (60382) | B14: =$L$4*Feuil1!P14 -> 9571.9839 | C14: =$L$7*Feuil1!B14 -> 4320.6534 | E14: =L8*[1]waste_gen!$B$17 -> 115851.34 | G14: =B14/E14 -> 0.082622986 | I14: =B14/[1]waste_gen!$B$17 -> 36.21462 | K14: Marché de P dans l'ARC | L14: =U4*Feuil1!B25 -> 0.38908243 | M14: kT/an
A15: Le Meux (60402) | B15: =$L$4*Feuil1!P15 -> 4550.5897 | C15: =$L$7*Feuil1!B15 -> 1160.5402 | E15: =L8*[1]waste_gen!$B$6 -> 49928.099 | G15: =B15/E15 -> 0.091142858 | I15: =B15/[1]waste_gen!$B$6 -> 39.94898 | K15: Marché de K dans l'ARC | L15: =U6*Feuil1!B25 -> 0.43587082 | M15: kT/an
A16: Néry (60447) | B16: =$L$4*Feuil1!P16 -> 1410.0717 | C16: =$L$7*Feuil1!B16 -> 323.45317 | E16: =L8*[1]waste_gen!$B$18 -> 13559.573 | G16: =B16/E16 -> 0.10399086 | I16: =B16/[1]waste_gen!$B$18 -> 45.580409
A17: Saintines (60578) | B17: =$L$4*Feuil1!P17 -> 2226.5954 | C17: =$L$7*Feuil1!B17 -> 530.65775 | E17: =[1]waste_gen!$B$20*L8 -> 21615.681 | G17: =B17/E17 -> 0.10300834 | I17: =B17/[1]waste_gen!$B$20 -> 45.149758
A18: Saint-Jean-aux-Bois (60579) | B18: =$L$4*Feuil1!P18 -> 701.67586 | C18: =$L$7*Feuil1!B18 -> 163.42897 | E18: =[1]waste_gen!$B$19*L8 -> 8346.4877 | G18: =B18/E18 -> 0.084068399 | I18: =B18/[1]waste_gen!$B$19 -> 36.848162
A19: Saint-Sauveur (60597) | B19: =$L$4*Feuil1!P19 -> 3779.8564 | C19: =$L$7*Feuil1!B19 -> 859.94767 | E19: =[1]waste_gen!$B$8*L8 -> 63658.413 | G19: =B19/E19 -> 0.059377169 | I19: =B19/[1]waste_gen!$B$8 -> 26.025707
A20: Saint-Vaast-de-Longmont (60600) | B20: =$L$4*Feuil1!P20 -> 1403.7395 | C20: =$L$7*Feuil1!B20 -> 311.29327 | E20: =[1]waste_gen!$B$21*L8 -> 13587.662 | G20: =B20/E20 -> 0.10330986 | I20: =B20/[1]waste_gen!$B$21 -> 45.28192
A21: Venette (60665) | B21: =$L$4*Feuil1!P21 -> 4597.6005 | C21: =$L$7*Feuil1!B21 -> 1409.5749 | E21: =[1]waste_gen!$B$3*L8 -> 58968.8 | G21: =B21/E21 -> 0.077966661 | I21: =B21/[1]waste_gen!$B$3 -> 34.173699
A22: Verberie (60667) | B22: =$L$4*Feuil1!P22 -> 5493.4666 | C22: =$L$7*Feuil1!B22 -> 1868.7324 | E22: =[1]waste_gen!$B$22*L8 -> 54289.923 | G22: =B22/E22 -> 0.10118759 | I22: =B22/[1]waste_gen!$B$22 -> 44.351704
A23: Vieux-Moulin (60674) | B23: =$L$4*Feuil1!P23 -> 1340.9344 | C23: =$L$7*Feuil1!B23 -> 306.91571 | E23: =[1]waste_gen!$B$23*L8 -> 22082.998 | G23: =B23/E23 -> 0.060722482 | I23: =B23/[1]waste_gen!$B$23 -> 26.615373
A25: tourbe max vendue dans l'arc | B25: =SUM(B2:B23) -> 95732.663 | E25: =E2/[1]waste_gen!$B$5 -> 438.31169
A26: tourbe max par tonne de déchets | B26: =B25/SUM(Feuil1!S2:S23) -> 37.06948 | E26: kg tourbe/tonne de déchets
B27: =B26/L8 -> 0.084573333
