Workbook

Sheet Feuil1
A1: Tableau des scénarios
A3: Facteurs humains | E3: Pessimiste | G3: BaU | I3: Optimiste
B4: Taux de tri | G4: 0.4 | I4: 0.7
B5: Comportement à l'utilisation du compost/digestat | E5: 0.25 | G5: 0.5 | I5: substitution 100%
A11: Logistique | B11: Niveau d'investissement | C11: Ne veut pas investir
K13: Variables/contraintes?
C15: Peut investir
C18: Evolution de la réglementation : les sites existants accepteraient les biodéchets
A22: Politique énergétique | E22: Pessimiste | G22: BaU | I22: Optimiste
B23: Substitution biomethane
B24: Substitution de l'électricité
B25: Substitution de la chaleur
E26: Re | G26: Même mix qu'aujourd'hui | I26: Neutralité carbone en 2050 --> sortie du fossile

Sheet minCO2
B1: Narration | C1: Nom du scenario dans python | D1: Tri | E1: Taux de substitution fertilisant et peat | F1: Substitut du biométhane | G1: Substitut de la chaleur | H1: Substitut de l'électricité | I1: Résultat d'optimisation | J1: CO2 (kgCO2eq/an) | K1: Santé humaine | L1: Qualité des écosystèmes
A2: Sustainability pathway | B2: -Politique énergétique orientée vers la neutralité carbone -Société consciente | C2: sc_reel_sust | D2: 0.8 | E2: 1 | F2: 0 | G2: 0 | H2: 0 | I2: - HC pour les maisons - IC existant pour les buildings | J2: -1007783.6
A3: Disengagement Pathway | B3: -Politique énergétique en faveur du développement fossile -Société inconsciente | C3: diseng | D3: 0.2 | E3: 0 | F3: 1 | G3: 1 | H3: 1 | I3: tout vers AD-c existant | J3: 76600.1
A4: Policy-Society mismatch | B4: -Politique énergétique orientée vers la neutralité carbone -Société inconsciente | C4: mismatch | D4: 0.2 | E4: 0 | F4: 0 | G4: 0 | H4: 0 | I4: HC et IC existant | J4: 278616.43
A5: Civic-led pathway | B5: -Politique énergétique en faveur du développement fossile - Société consciente | C5: sc_reel_civic_led | D5: 0.8 | E5: 1 | F5: 1 | G5: 1 | H5: 1 | I5: tout vers AD-c nouveau pour atteindre cap min. , le reste HC | J5: -907734.15 | K5: -5.64 | L5: -462294.08
A6: civic-led pathway - sans investissement | C6: civic_ss_inv | D6: 0.8 | E6: 1 | F6: 1 | G6: 1 | H6: 1 | I6: AD-c existant (n'atteint pas la capacité max) et HC | J6: -892871.22 | K6: -5.97 | L6: -501359.16
A7: Partial mobilization | B7: -Politique ambitieuse, mais peu de moyen mis en œuvre -Seule une partie de la population adhère
B10: Sensibilité à la politique énergétique | C10: OUI
B11: sensibilité au comportement | C11: OUI

Sheet minEQ
B1: Narration | C1: Nom du scenario dans python | D1: Tri | E1: Taux de substitution fertilisant et peat | F1: Substitut du biométhane | G1: Substitut de la chaleur | H1: Substitut de l'électricité | J1: Résultat d'optimisation | K1: Total ecosystem quality (PDF.m2.yr) | L1: Carbon | M1: HH
A2: Sustainability pathway | B2: -Politique énergétique orientée vers la neutralité carbone -Société consciente | C2: sc_reel_sust | D2: 0.8 | E2: 1 | F2: 0 | G2: 0 | H2: 0 | K2: -1007783.6
A3: Disengagement Pathway | B3: -Politique énergétique en faveur du développement fossile -Société inconsciente | C3: diseng | D3: 0.2 | E3: 0 | F3: 1 | G3: 1 | H3: 1 | K3: 76600.1
A4: Policy-Society mismatch | B4: -Politique énergétique orientée vers la neutralité carbone -Société inconsciente | C4: mismatch | D4: 0.2 | E4: 0 | F4: 0 | G4: 0 | H4: 0 | K4: 278616.43
A5: Civic-led pathway | B5: -Politique énergétique en faveur du développement fossile - Société consciente | C5: sc_reel_civic_led_EQ | D5: 0.8 | E5: 1 | F5: 1 | G5: 1 | H5: 1 | J5: AD-b existant (build) et HC | K5: -534021.3 | L5: -524999.5 | M5: -5.02
A6: civic-led pathway - sans investissement | C6: civic_ss_inv_EQ | D6: 0.8 | E6: 1 | F6: 1 | G6: 1 | H6: 1 | J6: AD-b existant (capacité max non atteinte et HC) | K6: -534021.3 | L6: =-524999.5 -> -524999.5 | M6: -5.02

Sheet minHH
B1: Narration | C1: Nom du scenario dans python | D1: Tri | E1: Taux de substitution fertilisant et peat | F1: Substitut du biométhane | G1: Substitut de la chaleur | H1: Substitut de l'électricité | I1: Résultat d'optimisation | J1: Human health (DALY) | K1: Carbone | L1: EQ
A2: Sustainability pathway | B2: -Politique énergétique orientée vers la neutralité carbone -Société consciente | C2: sc_reel_sust | D2: 0.8 | E2: 1 | F2: 0 | G2: 0 | H2: 0
A3: Disengagement Pathway | B3: -Politique énergétique en faveur du développement fossile -Société inconsciente | C3: diseng | D3: 0.2 | E3: 0 | F3: 1 | G3: 1 | H3: 1
A4: Policy-Society mismatch | B4: -Politique énergétique orientée vers la neutralité carbone -Société inconsciente | C4: mismatch | D4: 0.2 | E4: 0 | F4: 0 | G4: 0 | H4: 0
A5: Civic-led pathway | B5: -Politique énergétique en faveur du développement fossile - Société consciente | C5: sc_reel_civic_led_EQ | D5: 0.8 | E5: 1 | F5: 1 | G5: 1 | H5: 1 | I5: AD-C existant (capacité max non atteinte et HC) | J5: -6.02 | K5: -891901.78 | L5: =-507697.86 -> -507697.86
A6: civic-led pathway - sans investissement | C6: civic_ss_inv_HH | D6: 0.8 | E6: 1 | F6: 1 | G6: 1 | H6: 1 | I6: AD-C existant (capacité max non atteinte et HC) | J6: -6.02 | K6: -891901.78 | L6: =-507697.86 -> -507697.86

Sheet Feuil6
B1: Carbon | C1: EQ | D1: HH | F1: Scénario optimal
A2: minCarbon | B2: =minCO2!J6 -> -892871.22 | C2: =minCO2!L6 -> -501359.16 | D2: =minCO2!K6 -> -5.97 | F2: AD-c existant et HC
A3: minEQ | B3: =minEQ!L6 -> -524999.5 | C3: =minEQ!K6 -> -534021.3 | D3: =minEQ!M6 -> -5.02 | F3: AD-b existant puis AD-c existant
A4: minHH | B4: =minHH!K6 -> -891901.78 | C4: =minHH!L6 -> -507697.86 | D4: =minHH!J6 -> -6.02 | F4: AD-C existant puis IC existant
A5: minCarbon_inv | B5: =minCO2!J5 -> -907734.15 | C5: =minCO2!L5 -> -462294.08 | D5: =minCO2!K5 -> -5.64 | F5: tout vers AD-c nouveau
A6: minEQ_inv | B6: =minEQ!L5 -> -524999.5 | C6: =minEQ!K5 -> -534021.3 | D6: =minEQ!M5 -> -5.02 | F6: AD-b existant et AD-b nouveau
A7: minHH_inv | B7: =minHH!K5 -> -891901.78 | C7: =minHH!L5 -> -507697.86 | D7: =minHH!J5 -> -6.02 | F7: AD-c nouveau
B9: Carbon | C9: EQ | D9: HH
A10: minCarbon | B10: =(B2-MIN(B$2:B$7))/(MAX(B$2:B$7)-MIN(B$2:B$7)) -> 0.03883351 | C10: =(C2-MIN(C$2:C$7))/(MAX(C$2:C$7)-MIN(C$2:C$7)) -> 0.45536604 | D10: =(D2-MIN(D$2:D$7))/(MAX(D$2:D$7)-MIN(D$2:D$7)) -> 0.05 | F10: AD-c existant et HC
A11: minEQ | B11: =(B3-MIN(B$2:B$7))/(MAX(B$2:B$7)-MIN(B$2:B$7)) -> 1 | C11: =(C3-MIN(C$2:C$7))/(MAX(C$2:C$7)-MIN(C$2:C$7)) -> 0 | D11: =(D3-MIN(D$2:D$7))/(MAX(D$2:D$7)-MIN(D$2:D$7)) -> 1 | F11: AD-b existant puis AD-c existant
A12: minHH | B12: =(B4-MIN(B$2:B$7))/(MAX(B$2:B$7)-MIN(B$2:B$7)) -> 0.04136644 | C12: =(C4-MIN(C$2:C$7))/(MAX(C$2:C$7)-MIN(C$2:C$7)) -> 0.36699373 | D12: =(D4-MIN(D$2:D$7))/(MAX(D$2:D$7)-MIN(D$2:D$7)) -> 0 | F12: AD-C existant puis IC existant
A13: minCarbon_inv | B13: =(B5-MIN(B$2:B$7))/(MAX(B$2:B$7)-MIN(B$2:B$7)) -> 0 | C13: =(C5-MIN(C$2:C$7))/(MAX(C$2:C$7)-MIN(C$2:C$7)) -> 1 | D13: =(D5-MIN(D$2:D$7))/(MAX(D$2:D$7)-MIN(D$2:D$7)) -> 0.38 | F13: tout vers AD-c nouveau
A14: minEQ_inv | B14: =(B6-MIN(B$2:B$7))/(MAX(B$2:B$7)-MIN(B$2:B$7)) -> 1 | C14: =(C6-MIN(C$2:C$7))/(MAX(C$2:C$7)-MIN(C$2:C$7)) -> 0 | D14: =(D6-MIN(D$2:D$7))/(MAX(D$2:D$7)-MIN(D$2:D$7)) -> 1 | F14: AD-b existant et AD-b nouveau
A15: minHH_inv | B15: =(B7-MIN(B$2:B$7))/(MAX(B$2:B$7)-MIN(B$2:B$7)) -> 0.04136644 | C15: =(C7-MIN(C$2:C$7))/(MAX(C$2:C$7)-MIN(C$2:C$7)) -> 0.36699373 | D15: =(D7-MIN(D$2:D$7))/(MAX(D$2:D$7)-MIN(D$2:D$7)) -> 0 | F15: AD-c nouveau
