Workbook
Name Food_Type: "Baseline"
Name FW_mass: Waste_characteristics!$B$3
Name H2O_FW: Waste_characteristics!$B$4
Name Mass: Waste_characteristics!$B$2
Name mass_VS_FW: Waste_characteristics!$B$6
Name Methane_LHV: '[1]Global params'!$E$21
Name VS_FW: Waste_characteristics!$B$5

Sheet LCIA_AD-f
A3: IMPACT WORLD + FOOTPRINT
A4: Process | C4: Carbon footprint | D4: Ecosystem quality (residual) | E4: Energetic resource depletion | F4: Human health (residual) | G4: Water footprint - Scarcity
A5: AD | C5: =SUM(C6,C9,C12,C16,C27) -> 64.523122 | D5: =SUM(D6,D9,D12,D16,D27) -> 12.136919 | E5: =SUM(E6,E9,E12,E16,E27) -> 635.68927 | F5: =SUM(F6,F9,F12,F16,F27) -> 0.00013928494 | G5: =SUM(G6,G9,G12,G16,G27) -> 15.914782
A6: Pretreatment | C6: =SUM(C7:C8) -> 0.7761065 | D6: =SUM(D7:D8) -> 0.11916921 | E6: =SUM(E7:E8) -> 116.96083 | F6: =SUM(F7:F8) -> 7.7420483e-07 | G6: =SUM(G7:G8) -> 1.2592267
B7: Electricity consumption | C7: ='LCI_AD-e'!$E4*'IW+f'!C2 -> 0.7761065 | D7: ='LCI_AD-e'!$E4*'IW+f'!D2 -> 0.11916921 | E7: ='LCI_AD-e'!$E4*'IW+f'!E2 -> 116.96083 | F7: ='LCI_AD-e'!$E4*'IW+f'!F2 -> 7.7420483e-07 | G7: ='LCI_AD-e'!$E4*'IW+f'!G2 -> 1.2592267
B8: Water consumption | C8: ='LCI_AD-e'!$E5*'IW+f'!C3 -> 0 | D8: ='LCI_AD-e'!$E5*'IW+f'!D3 -> 0 | E8: ='LCI_AD-e'!$E5*'IW+f'!E3 -> 0 | F8: ='LCI_AD-e'!$E5*'IW+f'!F3 -> 0 | G8: ='LCI_AD-e'!$E5*'IW+f'!G3 -> 0
A9: Incineration | C9: =SUM(C10:C11) -> 9.4912725 | D9: =SUM(D10:D11) -> 1.7760545 | E9: =SUM(E10:E11) -> 70.109594 | F9: =SUM(F10:F11) -> 3.9183036e-05 | G9: =SUM(G10:G11) -> 10.01854
B10: Transport | C10: ='LCI_AD-e'!$E7*'IW+f'!C4 -> 0.43472979 | D10: ='LCI_AD-e'!$E7*'IW+f'!D4 -> 0.063594202 | E10: ='LCI_AD-e'!$E7*'IW+f'!E4 -> 6.576112 | F10: ='LCI_AD-e'!$E7*'IW+f'!F4 -> 3.4579966e-07 | G10: ='LCI_AD-e'!$E7*'IW+f'!G4 -> 0.039223403
B11: Incineration | C11: ='LCI_AD-e'!$E8*'IW+f'!C5 -> 9.0565427 | D11: ='LCI_AD-e'!$E8*'IW+f'!D5 -> 1.7124603 | E11: ='LCI_AD-e'!$E8*'IW+f'!E5 -> 63.533482 | F11: ='LCI_AD-e'!$E8*'IW+f'!F5 -> 3.8837236e-05 | G11: ='LCI_AD-e'!$E8*'IW+f'!G5 -> 9.9793169
A12: AD | C12: =SUM(C13:C15) -> 52.248712 | D12: =SUM(D13:D15) -> 2.7873234 | E12: =SUM(E13:E15) -> 416.86802 | F12: =SUM(F13:F15) -> 4.5598348e-05 | G12: =SUM(G13:G15) -> 4.3060094
B13: Electricity | C13: ='LCI_AD-e'!$E10*'IW+f'!C2 -> 1.7365189 | D13: ='LCI_AD-e'!$E10*'IW+f'!D2 -> 0.26663811 | E13: ='LCI_AD-e'!$E10*'IW+f'!E2 -> 261.69692 | F13: ='LCI_AD-e'!$E10*'IW+f'!F2 -> 1.7322639e-06 | G13: ='LCI_AD-e'!$E10*'IW+f'!G2 -> 2.8174882
B14: Heat | C14: ='LCI_AD-e'!$E11*'IW+f'!C11 -> 9.6923673 | D14: ='LCI_AD-e'!$E11*'IW+f'!D11 -> 2.5206853 | E14: ='LCI_AD-e'!$E11*'IW+f'!E11 -> 155.1711 | F14: ='LCI_AD-e'!$E11*'IW+f'!F11 -> 4.3866084e-05 | G14: ='LCI_AD-e'!$E11*'IW+f'!G11 -> 1.4885212
B15: CH4 | C15: ='LCI_AD-e'!$E12*'IW+f'!C12 -> 40.819826 | D15: ='LCI_AD-e'!$E12*'IW+f'!D12 -> 0 | E15: ='LCI_AD-e'!$E12*'IW+f'!E12 -> 0 | F15: ='LCI_AD-e'!$E12*'IW+f'!F12 -> 0 | G15: ='LCI_AD-e'!$E12*'IW+f'!G12 -> 0
A16: Combustion of biogas | C16: =SUM(C17:C26) -> 1.7671684 | D16: =SUM(D17:D26) -> 7.2504014 | E16: =SUM(E17:E26) -> 7.132496 | F16: =SUM(F17:F26) -> 5.3325992e-05 | G16: =SUM(G17:G26) -> 0.076790064
B17: CH4 | C17: ='LCI_AD-e'!$E17*'IW+f'!C12 -> 0.15478559 | D17: ='LCI_AD-e'!$E17*'IW+f'!D12 -> 0 | E17: ='LCI_AD-e'!$E17*'IW+f'!E12 -> 0 | F17: ='LCI_AD-e'!$E17*'IW+f'!F12 -> 0 | G17: ='LCI_AD-e'!$E17*'IW+f'!G12 -> 0
B18: N2O | C18: ='LCI_AD-e'!$E18*'IW+f'!C20 -> 1.5650543 | D18: ='LCI_AD-e'!$E18*'IW+f'!D20 -> 0 | E18: ='LCI_AD-e'!$E18*'IW+f'!E20 -> 0 | F18: ='LCI_AD-e'!$E18*'IW+f'!F20 -> 0 | G18: ='LCI_AD-e'!$E18*'IW+f'!G20 -> 0
B19: Sox | C19: ='LCI_AD-e'!$E19*'IW+f'!C19 -> 0 | D19: ='LCI_AD-e'!$E19*'IW+f'!D19 -> 0.66216543 | E19: ='LCI_AD-e'!$E19*'IW+f'!E19 -> 0 | F19: ='LCI_AD-e'!$E19*'IW+f'!F19 -> 3.6936286e-06 | G19: ='LCI_AD-e'!$E19*'IW+f'!G19 -> 0
B20: PM10 | C20: ='LCI_AD-e'!$E20*'IW+f'!C16 -> 0 | D20: ='LCI_AD-e'!$E20*'IW+f'!D16 -> 0 | E20: ='LCI_AD-e'!$E20*'IW+f'!E16 -> 0 | F20: ='LCI_AD-e'!$E20*'IW+f'!F16 -> 0 | G20: ='LCI_AD-e'!$E20*'IW+f'!G16 -> 0
B21: PM2.5 | C21: ='LCI_AD-e'!$E21*'IW+f'!C22 -> 0 | D21: ='LCI_AD-e'!$E21*'IW+f'!D22 -> 0 | E21: ='LCI_AD-e'!$E21*'IW+f'!E22 -> 0 | F21: ='LCI_AD-e'!$E21*'IW+f'!F22 -> 3.9886858e-05 | G21: ='LCI_AD-e'!$E21*'IW+f'!G22 -> 0
B22: Nox | C22: ='LCI_AD-e'!$E22*'IW+f'!C13 -> 0 | D22: ='LCI_AD-e'!$E22*'IW+f'!D13 -> 6.2616774 | E22: ='LCI_AD-e'!$E22*'IW+f'!E13 -> 0 | F22: ='LCI_AD-e'!$E22*'IW+f'!F13 -> 7.5499383e-06 | G22: ='LCI_AD-e'!$E22*'IW+f'!G13 -> 0
B23: NH3 | C23: ='LCI_AD-e'!$E23*'IW+f'!C18 -> 0 | D23: ='LCI_AD-e'!$E23*'IW+f'!D18 -> 0.31929142 | E23: ='LCI_AD-e'!$E23*'IW+f'!E18 -> 0 | F23: ='LCI_AD-e'!$E23*'IW+f'!F18 -> 2.1483541e-06 | G23: ='LCI_AD-e'!$E23*'IW+f'!G18 -> 0
B24: CO | C24: ='LCI_AD-e'!$E24*'IW+f'!C17 -> 0 | D24: ='LCI_AD-e'!$E24*'IW+f'!D17 -> 0 | E24: ='LCI_AD-e'!$E24*'IW+f'!E17 -> 0 | F24: ='LCI_AD-e'!$E24*'IW+f'!F17 -> 0 | G24: ='LCI_AD-e'!$E24*'IW+f'!G17 -> 0
B25: VOC | C25: ='LCI_AD-e'!$E25*'IW+f'!C14 -> 0 | D25: ='LCI_AD-e'!$E25*'IW+f'!D14 -> 0 | E25: ='LCI_AD-e'!$E25*'IW+f'!E14 -> 0 | F25: ='LCI_AD-e'!$E25*'IW+f'!F14 -> 0 | G25: ='LCI_AD-e'!$E25*'IW+f'!G14 -> 0
B26: Electricity | C26: ='LCI_AD-e'!$E26*'IW+f'!C2 -> 0.047328466 | D26: ='LCI_AD-e'!$E26*'IW+f'!D2 -> 0.0072671672 | E26: ='LCI_AD-e'!$E26*'IW+f'!E2 -> 7.132496 | F26: ='LCI_AD-e'!$E26*'IW+f'!F2 -> 4.7212498e-08 | G26: ='LCI_AD-e'!$E26*'IW+f'!G2 -> 0.076790064
A27: Dewatering | C27: ='LCIA_AD-b'!C25 -> 0.23986337 | D27: ='LCIA_AD-b'!D25 -> 0.20397057 | E27: ='LCIA_AD-b'!E25 -> 24.618326 | F27: ='LCIA_AD-b'!F25 -> 4.0335814e-07 | G27: ='LCIA_AD-b'!G25 -> 0.25421574
B28: electricity | C28: ='LCIA_AD-b'!C26 -> 0.15696911 | D28: ='LCIA_AD-b'!D26 -> 0.024102213 | E28: ='LCIA_AD-b'!E26 -> 23.655564 | F28: ='LCIA_AD-b'!F26 -> 1.5658449e-07 | G28: ='LCIA_AD-b'!G26 -> 0.25468114
B29: wastewater treatment | C29: ='LCIA_AD-b'!C27 -> 0.08289426 | D29: ='LCIA_AD-b'!D27 -> 0.17986836 | E29: ='LCIA_AD-b'!E27 -> 0.96276199 | F29: ='LCIA_AD-b'!F27 -> 2.4677365e-07 | G29: ='LCIA_AD-b'!G27 -> -0.00046540191
A30: Composting of digestate | C30: ='LCIA_AD-b'!C28 -> 20.023162 | D30: ='LCIA_AD-b'!D28 -> 5.537795 | E30: ='LCIA_AD-b'!E28 -> 61.671424 | F30: ='LCIA_AD-b'!F28 -> 3.6457712e-05 | G30: ='LCIA_AD-b'!G28 -> 0.42904899
B31: CH4 | C31: ='LCIA_AD-b'!C29 -> 2.3821712 | D31: ='LCIA_AD-b'!D29 -> 0 | E31: ='LCIA_AD-b'!E29 -> 0 | F31: ='LCIA_AD-b'!F29 -> 0 | G31: ='LCIA_AD-b'!G29 -> 0
B32: N2O | C32: ='LCIA_AD-b'!C30 -> 17.012982 | D32: ='LCIA_AD-b'!D30 -> 0 | E32: ='LCIA_AD-b'!E30 -> 0 | F32: ='LCIA_AD-b'!F30 -> 0 | G32: ='LCIA_AD-b'!G30 -> 0
B33: NH3 | C33: ='LCIA_AD-b'!C31 -> 0 | D33: ='LCIA_AD-b'!D31 -> 5.3456953 | E33: ='LCIA_AD-b'!E31 -> 0 | F33: ='LCIA_AD-b'!F31 -> 3.596854e-05 | G33: ='LCIA_AD-b'!G31 -> 0
B34: NMVOC | C34: ='LCIA_AD-b'!C32 -> 0 | D34: ='LCIA_AD-b'!D32 -> 0.078076707 | E34: ='LCIA_AD-b'!E32 -> 0 | F34: ='LCIA_AD-b'!F32 -> 5.0595209e-09 | G34: ='LCIA_AD-b'!G32 -> 0
B35: CO | C35: ='LCIA_AD-b'!C33 -> 0 | D35: ='LCIA_AD-b'!D33 -> 0 | E35: ='LCIA_AD-b'!E33 -> 0 | F35: ='LCIA_AD-b'!F33 -> 0 | G35: ='LCIA_AD-b'!G33 -> 0
B36: electricity | C36: ='LCIA_AD-b'!C34 -> 0.24305618 | D36: ='LCIA_AD-b'!D34 -> 0.037320666 | E36: ='LCIA_AD-b'!E34 -> 36.62906 | F36: ='LCIA_AD-b'!F34 -> 2.4246062e-07 | G36: ='LCIA_AD-b'!G34 -> 0.39435674
B37: diesel | C37: ='LCIA_AD-b'!C35 -> 0.38495173 | D37: ='LCIA_AD-b'!D35 -> 0.076702309 | E37: ='LCIA_AD-b'!E35 -> 25.042364 | F37: ='LCIA_AD-b'!F35 -> 2.4165125e-07 | G37: ='LCIA_AD-b'!G35 -> 0.034692256
A38: Land application of compost | C38: ='LCIA_AD-b'!C36 -> -27.214301 | D38: ='LCIA_AD-b'!D36 -> 7.1951541 | E38: ='LCIA_AD-b'!E36 -> 0 | F38: ='LCIA_AD-b'!F36 -> 1.4004956e-05 | G38: ='LCIA_AD-b'!G36 -> 0
B39: N2O | C39: ='LCIA_AD-b'!C37 -> 3.6020203 | D39: ='LCIA_AD-b'!D37 -> 0 | E39: ='LCIA_AD-b'!E37 -> 0 | F39: ='LCIA_AD-b'!F37 -> 0 | G39: ='LCIA_AD-b'!G37 -> 0
B40: NH3 | C40: ='LCIA_AD-b'!C38 -> 0 | D40: ='LCIA_AD-b'!D38 -> 2.0814363 | E40: ='LCIA_AD-b'!E38 -> 0 | F40: ='LCIA_AD-b'!F38 -> 1.4004956e-05 | G40: ='LCIA_AD-b'!G38 -> 0
B41: NO3 | C41: ='LCIA_AD-b'!C39 -> 0 | D41: ='LCIA_AD-b'!D39 -> 5.2372358 | E41: ='LCIA_AD-b'!E39 -> 0 | F41: ='LCIA_AD-b'!F39 -> 0 | G41: ='LCIA_AD-b'!G39 -> 0
B42: (PO4)3- | C42: ='LCIA_AD-b'!C40 -> 0 | D42: ='LCIA_AD-b'!D40 -> -0.123518 | E42: ='LCIA_AD-b'!E40 -> 0 | F42: ='LCIA_AD-b'!F40 -> 0 | G42: ='LCIA_AD-b'!G40 -> 0
B43: CO2 fossil | C43: ='LCIA_AD-b'!C41 -> -30.816321 | D43: ='LCIA_AD-b'!D41 -> 0 | E43: ='LCIA_AD-b'!E41 -> 0 | F43: ='LCIA_AD-b'!F41 -> 0 | G43: ='LCIA_AD-b'!G41 -> 0
A44: Substituted products | C44: =SUM(C45:C49) -> 0 | D44: =SUM(D45:D49) -> 21.484152 | E44: =SUM(E45:E49) -> 5462.6154 | F44: =SUM(F45:F49) -> 8.1963163e-05 | G44: =SUM(G45:G49) -> 60.668855
B45: N-fertilizer | C45: ='LCIA_AD-b'!C43 -> 0 | D45: ='LCIA_AD-b'!D43 -> 2.0596946 | E45: ='LCIA_AD-b'!E43 -> 228.26827 | F45: ='LCIA_AD-b'!F43 -> 1.1387282e-05 | G45: ='LCIA_AD-b'!G43 -> 23.373766
B46: P-fertilizer | C46: ='LCIA_AD-b'!C44 -> 0 | D46: ='LCIA_AD-b'!D44 -> 5.8033748 | E46: ='LCIA_AD-b'!E44 -> 218.3195 | F46: ='LCIA_AD-b'!F44 -> 4.7898741e-05 | G46: ='LCIA_AD-b'!G44 -> 29.538178
B47: K-fertilizer | C47: ='LCIA_AD-b'!C45 -> 0 | D47: ='LCIA_AD-b'!D45 -> 0.46221699 | E47: ='LCIA_AD-b'!E45 -> 30.790657 | F47: ='LCIA_AD-b'!F45 -> 2.1302278e-06 | G47: ='LCIA_AD-b'!G45 -> 0.89360271
B48: Peat | C48: ='LCIA_AD-b'!C46 -> 0 | D48: ='LCIA_AD-b'!D46 -> 0.26016692 | E48: ='LCIA_AD-b'!E46 -> 424.13181 | F48: ='LCIA_AD-b'!F46 -> 4.8284248e-07 | G48: ='LCIA_AD-b'!G46 -> 1.3478751
B49: Marginal heat | C49: 0 | D49: ='LCI_AD-f'!$E52*'IW+f'!D39 -> 12.898699 | E49: ='LCI_AD-f'!$E52*'IW+f'!E39 -> 4561.1051 | F49: ='LCI_AD-f'!$E52*'IW+f'!F39 -> 2.006407e-05 | G49: ='LCI_AD-f'!$E52*'IW+f'!G39 -> 5.5154334
A51: Total impact | C51: =C5+C38-C44 -> 37.308822 | D51: =D5+D38-D44 -> -2.1520788 | E51: =E5+E38-E44 -> -4826.9261 | F51: =F5+F38-F44 -> 7.1326731e-05 | G51: =G5+G38-G44 -> -44.754073

Sheet IW+f
A1: Process | B1: Reference unit | C1: Carbon footprint | D1: Ecosystem quality (residual) | E1: Energetic resource depletion | F1: Human health (residual) | G1: Water footprint - Scarcity
A2: Electricity production | B2: kWh | C2: 0.077766182 | D2: 0.011940802 | E2: 11.719522 | F2: 7.7575634e-08 | G2: 0.12617502
A3: Water production | B3: kg | C3: 0.00031089504 | D3: 5.0457625e-05 | E3: 0.0058714946 | F3: 1.2407333e-09 | G3: 0.039180999
A4: Transport | B4: tkm | C4: 0.18901295 | D4: 0.027649653 | E4: 2.8591791 | F4: 1.5034768e-07 | G4: 0.017053654
A5: Incineration | B5: kg | C5: 0.039376273 | D5: 0.0074454798 | E5: 0.27623253 | F5: 1.6885755e-07 | G5: 0.043388334
A6: Heat, natural gas | B6: MJ | C6: 0.076822608 | D6: 0.0038834843 | E6: 1.2663162 | F6: 1.2842557e-08 | G6: 0.0033867142
A7: Heat, fuel | B7: MJ | C7: 0.095243646 | D7: 0.0066863662 | E7: 1.3193828 | F7: 2.3188317e-08 | G7: 0.0025105611
A8: Heat, coal | B8: MJ | C8: 0.13204942 | D8: 0.020669551 | E8: 1.2364959 | F8: 1.9202415e-07 | G8: 0.0044888512
A9: Heat, wood chips | B9: MJ | C9: 0.016806366 | D9: 0.025566585 | E9: 0.22657283 | F9: 5.1772645e-07 | G9: 0.013711808
A10: Heat,waste | B10: MJ
A11: Heat, mix | B11: MJ | C11: =(C6*Parameters!$C115)+(C7*Parameters!$C117)+(C8*Parameters!$C116)+(C9*Parameters!$C118)+(C10*Parameters!$C119) -> 0.042669458 | D11: =(D6*Parameters!$C115)+(D7*Parameters!$C117)+(D8*Parameters!$C116)+(D9*Parameters!$C118)+(D10*Parameters!$C119) -> 0.011097008 | E11: =(E6*Parameters!$C115)+(E7*Parameters!$C117)+(E8*Parameters!$C116)+(E9*Parameters!$C118)+(E10*Parameters!$C119) -> 0.68312173 | F11: =(F6*Parameters!$C115)+(F7*Parameters!$C117)+(F8*Parameters!$C116)+(F9*Parameters!$C118)+(F10*Parameters!$C119) -> 1.9311505e-07 | G11: =(G6*Parameters!$C115)+(G7*Parameters!$C117)+(G8*Parameters!$C116)+(G9*Parameters!$C118)+(G10*Parameters!$C119) -> 0.0065530319
A12: CH4 | B12: kg | C12: 27
A13: Nitrogen oxides | B13: kg | D13: 16.332781 | F13: 1.9693043e-05
A14: Volatile organic compounds
A15: Sulfur dioxide | B15: kg | D15: 16.649329 | F15: 9.2871715e-05
A16: Particulate matter
A17: Carbon monoxide
A18: Ammonia | B18: kg | D18: 26.364756 | F18: 0.00017739541
A19: sulfure oxides | B19: kg | D19: 16.649329 | F19: 9.2871715e-05
A20: dinitrogen monoxide | B20: kg | C20: 273
A21: Nitrate | D21: 1.976625
A22: PM2.5 | B22: kg | F22: 0.0013675986
A23: NMOVC | D23: 2.5277027 | F23: 1.638e-07
A24: H2S
A25: (PO4)3- | B25: kg | D25: 3.1274177
A26: CO2 fossil | B26: kg | C26: 1 | D26: 0.0165
A27: Diesel | B27: kg | C27: 0.85767719 | D27: 0.17089369 | E27: 55.794696 | F27: 5.3840195e-07 | G27: 0.077294773
A28: N-fertilizer | B28: kg | C28: 1.5776479 | D28: 0.20933685 | E28: 23.200022 | F28: 1.1573452e-06 | G28: 2.3755902
A29: K-fertilizer | B29: kg | C29: 0.66714793 | D29: 0.16237016 | E29: 10.816314 | F29: 7.4831828e-07 | G29: 0.31390974
A30: P-fertilizer | B30: kg | C30: 0.38986915 | D30: 0.18170442 | E30: 6.8356119 | F30: 1.4997158e-06 | G30: 0.92484418
A31: Peat | B31: kg | C31: 0.014284516 | D31: 0.0061782922 | E31: 10.072035 | F31: 1.1466261e-08 | G31: 0.032008551
A32: Activated carbon | B32: kg | C32: 3.3347072 | D32: 0.57318851 | E32: 42.034753 | F32: 4.8922716e-06 | G32: 0.41818096
A33: Zeolite | B33: kg | C33: 5.2073989 | D33: 1.0260333 | E33: 68.260494 | F33: 1.4663328e-05 | G33: 3.4287767
A34: treatment of wastewater | B34: m3 | C34: 0.31991638 | D34: 0.6941715 | E34: 3.7156171 | F34: 9.5238117e-07 | G34: -0.00179614
A35: Wood chips | B35: kg | C35: 0.045731952 | D35: 0.25968684 | E35: 0.71611286 | F35: 3.802733e-08 | G35: 0.011705649
A37: Mix marginal electricity | B37: kWh | C37: 0.037452427 | D37: 0.04902193 | E37: 0.42365828 | F37: 1.3638734e-07 | G37: 0.013714098
A38: natural gas | B38: m3 | C38: 0.73571241 | D38: 0.097093053 | E38: 47.700352 | F38: 2.2310472e-07 | G38: 0.078893247
A39: marginal heat (natural | B39: MJ | C39: 0.070715709 | D39: 0.0033274375 | E39: 1.1766142 | F39: 5.1758663e-09 | G39: 0.0014227994 | I39: heat production, natural gas, at boiler condensing modulating >100kW | heat, district or industrial, natural gas
A41: CO2 non-fossil | B41: kg | C41: 0

Sheet LCIA_AD-e
A3: IMPACT WORLD + FOOTPRINT
A4: Process | C4: Carbon footprint | D4: Ecosystem quality (residual) | E4: Energetic resource depletion | F4: Human health (residual) | G4: Water footprint - Scarcity
A5: AD | C5: =SUM(C6,C9,C12,C16,C27) -> 100.41026 | D5: =SUM(D6,D9,D12,D16,D27) -> 11.932949 | E5: =SUM(E6,E9,E12,E16,E27) -> 611.07094 | F5: =SUM(F6,F9,F12,F16,F27) -> 0.00013888158 | G5: =SUM(G6,G9,G12,G16,G27) -> 15.660566
A6: Pretreatment | C6: =SUM(C7:C8) -> 0.7761065 | D6: =SUM(D7:D8) -> 0.11916921 | E6: =SUM(E7:E8) -> 116.96083 | F6: =SUM(F7:F8) -> 7.7420483e-07 | G6: =SUM(G7:G8) -> 1.2592267
B7: Electricity consumption | C7: ='LCI_AD-e'!$E4*'IW+f'!C2 -> 0.7761065 | D7: ='LCI_AD-e'!$E4*'IW+f'!D2 -> 0.11916921 | E7: ='LCI_AD-e'!$E4*'IW+f'!E2 -> 116.96083 | F7: ='LCI_AD-e'!$E4*'IW+f'!F2 -> 7.7420483e-07 | G7: ='LCI_AD-e'!$E4*'IW+f'!G2 -> 1.2592267
B8: Water consumption | C8: ='LCI_AD-e'!$E5*'IW+f'!C3 -> 0 | D8: ='LCI_AD-e'!$E5*'IW+f'!D3 -> 0 | E8: ='LCI_AD-e'!$E5*'IW+f'!E3 -> 0 | F8: ='LCI_AD-e'!$E5*'IW+f'!F3 -> 0 | G8: ='LCI_AD-e'!$E5*'IW+f'!G3 -> 0
A9: Incineration | C9: =SUM(C10:C11) -> 9.4912725 | D9: =SUM(D10:D11) -> 1.7760545 | E9: =SUM(E10:E11) -> 70.109594 | F9: =SUM(F10:F11) -> 3.9183036e-05 | G9: =SUM(G10:G11) -> 10.01854
B10: Transport | C10: ='LCI_AD-e'!$E7*'IW+f'!C4 -> 0.43472979 | D10: ='LCI_AD-e'!$E7*'IW+f'!D4 -> 0.063594202 | E10: ='LCI_AD-e'!$E7*'IW+f'!E4 -> 6.576112 | F10: ='LCI_AD-e'!$E7*'IW+f'!F4 -> 3.4579966e-07 | G10: ='LCI_AD-e'!$E7*'IW+f'!G4 -> 0.039223403
B11: Incineration | C11: ='LCI_AD-e'!$E8*'IW+f'!C5 -> 9.0565427 | D11: ='LCI_AD-e'!$E8*'IW+f'!D5 -> 1.7124603 | E11: ='LCI_AD-e'!$E8*'IW+f'!E5 -> 63.533482 | F11: ='LCI_AD-e'!$E8*'IW+f'!F5 -> 3.8837236e-05 | G11: ='LCI_AD-e'!$E8*'IW+f'!G5 -> 9.9793169
A12: AD | C12: =SUM(C13:C15) -> 52.248712 | D12: =SUM(D13:D15) -> 2.7873234 | E12: =SUM(E13:E15) -> 416.86802 | F12: =SUM(F13:F15) -> 4.5598348e-05 | G12: =SUM(G13:G15) -> 4.3060094
B13: Electricity | C13: ='LCI_AD-e'!$E10*'IW+f'!C2 -> 1.7365189 | D13: ='LCI_AD-e'!$E10*'IW+f'!D2 -> 0.26663811 | E13: ='LCI_AD-e'!$E10*'IW+f'!E2 -> 261.69692 | F13: ='LCI_AD-e'!$E10*'IW+f'!F2 -> 1.7322639e-06 | G13: ='LCI_AD-e'!$E10*'IW+f'!G2 -> 2.8174882
B14: Heat | C14: ='LCI_AD-e'!$E11*'IW+f'!C11 -> 9.6923673 | D14: ='LCI_AD-e'!$E11*'IW+f'!D11 -> 2.5206853 | E14: ='LCI_AD-e'!$E11*'IW+f'!E11 -> 155.1711 | F14: ='LCI_AD-e'!$E11*'IW+f'!F11 -> 4.3866084e-05 | G14: ='LCI_AD-e'!$E11*'IW+f'!G11 -> 1.4885212
B15: CH4 | C15: ='LCI_AD-e'!$E12*'IW+f'!C12 -> 40.819826 | D15: ='LCI_AD-e'!$E12*'IW+f'!D12 -> 0 | E15: ='LCI_AD-e'!$E12*'IW+f'!E12 -> 0 | F15: ='LCI_AD-e'!$E12*'IW+f'!F12 -> 0 | G15: ='LCI_AD-e'!$E12*'IW+f'!G12 -> 0
A16: Combustion of biogas | C16: =SUM(C17:C26) -> 1.7671684 | D16: =SUM(D17:D26) -> 7.2504014 | E16: =SUM(E17:E26) -> 7.132496 | F16: =SUM(F17:F26) -> 5.3325992e-05 | G16: =SUM(G17:G26) -> 0.076790064
B17: CH4 | C17: ='LCI_AD-e'!$E17*'IW+f'!C12 -> 0.15478559 | D17: ='LCI_AD-e'!$E17*'IW+f'!D12 -> 0 | E17: ='LCI_AD-e'!$E17*'IW+f'!E12 -> 0 | F17: ='LCI_AD-e'!$E17*'IW+f'!F12 -> 0 | G17: ='LCI_AD-e'!$E17*'IW+f'!G12 -> 0
B18: N2O | C18: ='LCI_AD-e'!$E18*'IW+f'!C20 -> 1.5650543 | D18: ='LCI_AD-e'!$E18*'IW+f'!D20 -> 0 | E18: ='LCI_AD-e'!$E18*'IW+f'!E20 -> 0 | F18: ='LCI_AD-e'!$E18*'IW+f'!F20 -> 0 | G18: ='LCI_AD-e'!$E18*'IW+f'!G20 -> 0
B19: Sox | C19: ='LCI_AD-e'!$E19*'IW+f'!C19 -> 0 | D19: ='LCI_AD-e'!$E19*'IW+f'!D19 -> 0.66216543 | E19: ='LCI_AD-e'!$E19*'IW+f'!E19 -> 0 | F19: ='LCI_AD-e'!$E19*'IW+f'!F19 -> 3.6936286e-06 | G19: ='LCI_AD-e'!$E19*'IW+f'!G19 -> 0
B20: PM10 | C20: ='LCI_AD-e'!$E20*'IW+f'!C16 -> 0 | D20: ='LCI_AD-e'!$E20*'IW+f'!D16 -> 0 | E20: ='LCI_AD-e'!$E20*'IW+f'!E16 -> 0 | F20: ='LCI_AD-e'!$E20*'IW+f'!F16 -> 0 | G20: ='LCI_AD-e'!$E20*'IW+f'!G16 -> 0
B21: PM2.5 | C21: ='LCI_AD-e'!$E21*'IW+f'!C22 -> 0 | D21: ='LCI_AD-e'!$E21*'IW+f'!D22 -> 0 | E21: ='LCI_AD-e'!$E21*'IW+f'!E22 -> 0 | F21: ='LCI_AD-e'!$E21*'IW+f'!F22 -> 3.9886858e-05 | G21: ='LCI_AD-e'!$E21*'IW+f'!G22 -> 0
B22: Nox | C22: ='LCI_AD-e'!$E22*'IW+f'!C13 -> 0 | D22: ='LCI_AD-e'!$E22*'IW+f'!D13 -> 6.2616774 | E22: ='LCI_AD-e'!$E22*'IW+f'!E13 -> 0 | F22: ='LCI_AD-e'!$E22*'IW+f'!F13 -> 7.5499383e-06 | G22: ='LCI_AD-e'!$E22*'IW+f'!G13 -> 0
B23: NH3 | C23: ='LCI_AD-e'!$E23*'IW+f'!C18 -> 0 | D23: ='LCI_AD-e'!$E23*'IW+f'!D18 -> 0.31929142 | E23: ='LCI_AD-e'!$E23*'IW+f'!E18 -> 0 | F23: ='LCI_AD-e'!$E23*'IW+f'!F18 -> 2.1483541e-06 | G23: ='LCI_AD-e'!$E23*'IW+f'!G18 -> 0
B24: CO | C24: ='LCI_AD-e'!$E24*'IW+f'!C17 -> 0 | D24: ='LCI_AD-e'!$E24*'IW+f'!D17 -> 0 | E24: ='LCI_AD-e'!$E24*'IW+f'!E17 -> 0 | F24: ='LCI_AD-e'!$E24*'IW+f'!F17 -> 0 | G24: ='LCI_AD-e'!$E24*'IW+f'!G17 -> 0
B25: VOC | C25: ='LCI_AD-e'!$E25*'IW+f'!C14 -> 0 | D25: ='LCI_AD-e'!$E25*'IW+f'!D14 -> 0 | E25: ='LCI_AD-e'!$E25*'IW+f'!E14 -> 0 | F25: ='LCI_AD-e'!$E25*'IW+f'!F14 -> 0 | G25: ='LCI_AD-e'!$E25*'IW+f'!G14 -> 0
B26: Electricity | C26: ='LCI_AD-e'!$E26*'IW+f'!C2 -> 0.047328466 | D26: ='LCI_AD-e'!$E26*'IW+f'!D2 -> 0.0072671672 | E26: ='LCI_AD-e'!$E26*'IW+f'!E2 -> 7.132496 | F26: ='LCI_AD-e'!$E26*'IW+f'!F2 -> 4.7212498e-08 | G26: ='LCI_AD-e'!$E26*'IW+f'!G2 -> 0.076790064
A27: Storage | C27: =C28 -> 36.126998 | D27: =D28 -> 0 | E27: =E28 -> 0 | F27: =F28 -> 0 | G27: =G28 -> 0
B28: CH4 | C28: ='LCI_AD-a'!$E27*'IW+f'!C12 -> 36.126998 | D28: ='LCI_AD-a'!$E27*'IW+f'!D12 -> 0 | E28: ='LCI_AD-a'!$E27*'IW+f'!E12 -> 0 | F28: ='LCI_AD-a'!$E27*'IW+f'!F12 -> 0 | G28: ='LCI_AD-a'!$E27*'IW+f'!G12 -> 0
A29: Land application of digestate | C29: =SUM(C30:C34) -> -96.310983 | D29: =SUM(D30:D34) -> 108.30291 | E29: =SUM(E30:E34) -> 0 | F29: =SUM(F30:F34) -> 0.00076801641 | G29: =SUM(G30:G34) -> 0
B30: N2O | C30: ='LCI_AD-a'!$E30*'IW+f'!C20 -> 19.040939 | D30: ='LCI_AD-a'!$E30*'IW+f'!D20 -> 0 | E30: ='LCI_AD-a'!$E30*'IW+f'!E20 -> 0 | F30: ='LCI_AD-a'!$E30*'IW+f'!F20 -> 0 | G30: ='LCI_AD-a'!$E30*'IW+f'!G20 -> 0
B31: NH3 | C31: ='LCI_AD-a'!$E31*'IW+f'!C18 -> 0 | D31: ='LCI_AD-a'!$E31*'IW+f'!D18 -> 114.14368 | E31: ='LCI_AD-a'!$E31*'IW+f'!E18 -> 0 | F31: ='LCI_AD-a'!$E31*'IW+f'!F18 -> 0.00076801641 | G31: ='LCI_AD-a'!$E31*'IW+f'!G18 -> 0
B32: NO3 | C32: ='LCI_AD-a'!$E32*'IW+f'!C21 -> 0 | D32: ='LCI_AD-a'!$E32*'IW+f'!D21 -> -3.7432544 | E32: ='LCI_AD-a'!$E32*'IW+f'!E21 -> 0 | F32: ='LCI_AD-a'!$E32*'IW+f'!F21 -> 0 | G32: ='LCI_AD-a'!$E32*'IW+f'!G21 -> 0
B33: (PO4)3- | C33: ='LCI_AD-a'!$E33*'IW+f'!C25 -> 0 | D33: ='LCI_AD-a'!$E33*'IW+f'!D25 -> -0.1942107 | E33: ='LCI_AD-a'!$E33*'IW+f'!E25 -> 0 | F33: ='LCI_AD-a'!$E33*'IW+f'!F25 -> 0 | G33: ='LCI_AD-a'!$E33*'IW+f'!G25 -> 0
B34: CO2 fossil | C34: ='LCI_AD-a'!$E34*'IW+f'!C26 -> -115.35192 | D34: ='LCI_AD-a'!$E34*'IW+f'!D26 -> -1.9033067 | E34: ='LCI_AD-a'!$E34*'IW+f'!E26 -> 0 | F34: ='LCI_AD-a'!$E34*'IW+f'!F26 -> 0 | G34: ='LCI_AD-a'!$E34*'IW+f'!G26 -> 0
A35: Substituted products | C35: =SUM(C36:C40) -> 0 | D35: =SUM(D36:D40) -> 29.772595 | E35: =SUM(E36:E40) -> 7109.9944 | F35: =SUM(F36:F40) -> 0.00013187706 | G35: =SUM(G36:G40) -> 105.59637
B36: N-fertilizer | C36: 0 | D36: ='LCI_AD-a'!$E36*'IW+f'!D28 -> 3.7699223 | E36: ='LCI_AD-a'!$E36*'IW+f'!E28 -> 417.80642 | F36: ='LCI_AD-a'!$E36*'IW+f'!F28 -> 2.0842492e-05 | G36: ='LCI_AD-a'!$E36*'IW+f'!G28 -> 42.781721
B37: P-fertilizer | C37: 0 | D37: ='LCI_AD-a'!$E37*'IW+f'!D30 -> 9.1248032 | E37: ='LCI_AD-a'!$E37*'IW+f'!E30 -> 343.26966 | F37: ='LCI_AD-a'!$E37*'IW+f'!F30 -> 7.5312485e-05 | G37: ='LCI_AD-a'!$E37*'IW+f'!G30 -> 46.443677
B38: K-fertilizer | C38: 0 | D38: ='LCI_AD-a'!$E38*'IW+f'!D29 -> 3.005312 | E38: ='LCI_AD-a'!$E38*'IW+f'!E29 -> 200.19933 | F38: ='LCI_AD-a'!$E38*'IW+f'!F29 -> 1.3850636e-05 | G38: ='LCI_AD-a'!$E38*'IW+f'!G29 -> 5.8101607
B39: Peat | C39: 0 | D39: ='LCI_AD-a'!$E39*'IW+f'!D31 -> 0.97385909 | E39: ='LCI_AD-a'!$E39*'IW+f'!E31 -> 1587.6139 | F39: ='LCI_AD-a'!$E39*'IW+f'!F31 -> 1.8073802e-06 | G39: ='LCI_AD-a'!$E39*'IW+f'!G31 -> 5.0453778
B40: Marginal heat | C40: 0 | D40: ='LCI_AD-e'!$E27*'IW+f'!D39 -> 12.898699 | E40: ='LCI_AD-e'!$E27*'IW+f'!E39 -> 4561.1051 | F40: ='LCI_AD-e'!$E27*'IW+f'!F39 -> 2.006407e-05 | G40: ='LCI_AD-e'!$E27*'IW+f'!G39 -> 5.5154334
A42: Total impact | C42: =C5+C29-C35 -> 4.0992744 | D42: =D5+D29-D35 -> 90.463265 | E42: =E5+E29-E35 -> -6498.9235 | F42: =F5+F29-F35 -> 0.00077502092 | G42: =G5+G29-G35 -> -89.935803
A45: Process
A46: AD
A47: Pretreatment
B48: Electricity consumption
B49: Water consumption
A50: Incineration
B51: Transport
B52: Incineration
A53: AD
B54: Electricity
B55: Heat
B56: CH4
A57: CHP
B58: Nitrogen Oxides (NOx)
B59: Volatile Organic Compounds (VOCs)
B60: Sulfur Dioxide (SO2)
B61: Particulate Matter (PM)
B62: Carbon Monoxide (CO)
B63: Ammonia (NH3)
B64: Methane (CH4)
B65: Nitrous Oxide (N2O)
A66: Storage
B67: CH4
A68: Land application of digestate
B69: N2O
B70: NH3
B71: NO3
B72: (PO4)3-
B73: CO2 fossil
A74: Substituted products
B75: N-fertilizer
B76: P-fertilizer
B77: K-fertilizer
B78: Peat
B79: Marginal heat
B80: Marginal electricity

Sheet LCI_AD-e
A1: AD+combustion+digestate
A2: Process | B2: Flow direction | C2: Flow type | D2: Flow name | E2: Value | F2: Unit
A3: Pretreatment | B3: input | C3: Technosphere flow | D3: Waste | E3: 1 | F3: t
B4: input | C4: Technosphere flow | D4: Electricity | E4: =E3*Parameters!C3 -> 9.98 | F4: kWh
B5: input | C5: Technosphere flow | D5: Water
B6: output | C6: Intermediate flow | D6: Pretreated biowaste | E6: =E3*Parameters!C5 -> 0.77 | F6: t
A7: Incineration | B7: input | C7: Intermediate flow | D7: transported discarded biowaste | E7: =E8*0.001*Parameters!C6 -> 2.3 | F7: tkm
B8: input | C8: Intermediate flow | D8: discarded biowaste | E8: =E3*(1-Parameters!C5)*1000 -> 230 | F8: kg
A9: AD | B9: input | C9: Intermediate flow | D9: Pretreated waste | E9: =E6 -> 0.77 | F9: t
B10: input | C10: Intermediate flow | D10: Electricity | E10: =Parameters!C14*E9 -> 22.33 | F10: kWh
B11: input | C11: Intermediate flow | D11: Heat | E11: =E9*Parameters!C15 -> 227.15 | F11: MJ
B12: output | C12: Elementary flow | D12: Methane | E12: =Parameters!C9*(Parameters!C7*(1-Waste_characteristics!B4))*E9*Parameters!C11*0.001 -> 1.5118454 | F12: kg
B13: output | C13: Intermediate flow | D13: Biogas | E13: =(((Parameters!C7*(1-Waste_characteristics!B4))/Parameters!C10)*0.001)-((E12/Parameters!C11)*(1/Parameters!C10)) -> 223.74985 | F13: m3
B14: output | C14: Technosphere flow | D14: Digestate | E14: =Parameters!C66*E9 -> 0.5558219 | F14: t
A15: Combustion of biogas | B15: input | C15: Intermediate flow | D15: Biogas | E15: =E13 -> 223.74985 | F15: m3
B16: output | C16: Elementary flow | D16: CO2 | E16: =Parameters!C34*E15 -> 449.66648 | F16: kg
B17: output | C17: Elementary flow | D17: CH4 | E17: =$E$15*Parameters!C35 -> 0.0057327997 | F17: kg
B18: output | C18: Elementary flow | D18: N2O | E18: =$E$15*Parameters!C36 -> 0.0057327997 | F18: kg
B19: output | C19: Elementary flow | D19: Sox | E19: =$E$15*Parameters!C37 -> 0.039771298 | F19: kg
B20: output | C20: Elementary flow | D20: PM10 | E20: =$E$15*Parameters!C38 -> 0.029165619 | F20: kg
B21: output | C21: Elementary flow | D21: PM2.5 | E21: =$E$15*Parameters!C39 -> 0.029165619 | F21: kg
B22: output | C22: Elementary flow | D22: Nox | E22: =$E$15*Parameters!C40 -> 0.38338098 | F22: kg
B23: output | C23: Elementary flow | D23: NH3 | E23: =$E$15*Parameters!C41 -> 0.012110539 | F23: kg
B24: output | C24: Elementary flow | D24: CO | E24: =$E$15*Parameters!C42 -> 0.32246998 | F24: kg
B25: output | C25: Elementary flow | D25: VOC | E25: =$E$15*Parameters!C43 -> 0.019276539 | F25: kg
B26: input | C26: Technosphere flow | D26: Electricity | E26: =$E$15*Parameters!C44 -> 0.60859958 | F26: kWh
B27: output | C27: Technosphere flow | D27: Heat | E27: =E15*Parameters!C10*Parameters!C20*Parameters!C33 -> 3876.4661 | F27: MJ
A28: Storage | B28: input | C28: Technosphere flow | D28: Digestate | E28: ='LCI_AD-a'!E26 -> 0.5558219 | F28: t
B29: output | C29: Elementary flow | D29: CH4 | E29: ='LCI_AD-a'!E27 -> 1.338037 | F29: kg
B30: output | C30: Technosphere flow | D30: Digestate after storage | E30: ='LCI_AD-a'!E28 -> 0.55448387 | F30: t
A31: Land application of digestate | B31: input | C31: Technosphere flow | D31: Digestate after storage | E31: ='LCI_AD-a'!E29 -> 0.55448387 | F31: t
B32: output | C32: Elementary flow | D32: N2O | E32: ='LCI_AD-a'!E30 -> 0.069747028 | F32: kg
B33: output | C33: Elementary flow | D33: NH3 | E33: ='LCI_AD-a'!E31 -> 4.329404 | F33: kg
B34: output | C34: Elementary flow | D34: NO3 | E34: ='LCI_AD-a'!E32 -> -1.8937605 | F34: kg
B35: output | C35: Elementary flow | D35: (PO4)3- | E35: ='LCI_AD-a'!E33 -> -0.06209938 | F35: kg
B36: output | C36: Elementary flow | D36: CO2 fossil | E36: ='LCI_AD-a'!E34 -> -115.35192 | F36: kg
A37: Substituted products | E37: ='LCI_AD-a'!E35 -> 0
C38: Technosphere flow | D38: N-fertilizer | E38: ='LCI_AD-a'!E36 -> 18.00888 | F38: kg
C39: Technosphere flow | D39: P-fertilizer | E39: ='LCI_AD-a'!E37 -> 50.217839 | F39: kg
C40: Technosphere flow | D40: K-fertilizer | E40: ='LCI_AD-a'!E38 -> 18.509017 | F40: kg
C41: Technosphere flow | D41: Peat | E41: ='LCI_AD-a'!E39 -> 157.62594 | F41: kg
C42: Technosphere flow | D42: Marginal heat | E42: =E27 -> 3876.4661 | F42: MJ
A44: Use of products from biogas | C44: (already included in heat production processus)

Sheet LCI_AD-f
A1: AD+combustion+composting
A2: Process | B2: Flow direction | C2: Flow type | D2: Flow name | E2: Value | F2: Unit
A3: Pretreatment | B3: input | C3: Technosphere flow | D3: Waste | E3: 1 | F3: t
B4: input | C4: Technosphere flow | D4: Electricity | E4: =E3*Parameters!C3 -> 9.98 | F4: kWh
B5: input | C5: Technosphere flow | D5: Water
B6: output | C6: Intermediate flow | D6: Pretreated biowaste | E6: =E3*Parameters!C5 -> 0.77 | F6: t
A7: Incineration | B7: input | C7: Intermediate flow | D7: transported discarded biowaste | E7: =E8*0.001*Parameters!C6 -> 2.3 | F7: tkm
B8: input | C8: Intermediate flow | D8: discarded biowaste | E8: =E3*(1-Parameters!C5)*1000 -> 230 | F8: kg
A9: AD | B9: input | C9: Intermediate flow | D9: Pretreated waste | E9: =E6 -> 0.77 | F9: t
B10: input | C10: Intermediate flow | D10: Electricity | E10: =Parameters!C14*E9 -> 22.33 | F10: kWh
B11: input | C11: Intermediate flow | D11: Heat | E11: =E9*Parameters!C15 -> 227.15 | F11: MJ
B12: output | C12: Elementary flow | D12: Methane | E12: =Parameters!C9*(Parameters!C7*(1-Waste_characteristics!B4))*E9*Parameters!C11*0.001 -> 1.5118454 | F12: kg
B13: output | C13: Intermediate flow | D13: Biogas | E13: =(((Parameters!C7*(1-Waste_characteristics!B4))/Parameters!C10)*0.001)-((E12/Parameters!C11)*(1/Parameters!C10)) -> 223.74985 | F13: m3
B14: output | C14: Technosphere flow | D14: Digestate | E14: =Parameters!C66*E9 -> 0.5558219 | F14: t
A15: Combustion of biogas | B15: input | C15: Intermediate flow | D15: Biogas | E15: =E13 -> 223.74985 | F15: m3
B16: output | C16: Elementary flow | D16: CO2 | E16: =Parameters!C34*E15 -> 449.66648 | F16: kg
B17: output | C17: Elementary flow | D17: CH4 | E17: =$E$15*Parameters!C35 -> 0.0057327997 | F17: kg
B18: output | C18: Elementary flow | D18: N2O | E18: =$E$15*Parameters!C36 -> 0.0057327997 | F18: kg
B19: output | C19: Elementary flow | D19: Sox | E19: =$E$15*Parameters!C37 -> 0.039771298 | F19: kg
B20: output | C20: Elementary flow | D20: PM10 | E20: =$E$15*Parameters!C38 -> 0.029165619 | F20: kg
B21: output | C21: Elementary flow | D21: PM2.5 | E21: =$E$15*Parameters!C39 -> 0.029165619 | F21: kg
B22: output | C22: Elementary flow | D22: Nox | E22: =$E$15*Parameters!C40 -> 0.38338098 | F22: kg
B23: output | C23: Elementary flow | D23: NH3 | E23: =$E$15*Parameters!C41 -> 0.012110539 | F23: kg
B24: output | C24: Elementary flow | D24: CO | E24: =$E$15*Parameters!C42 -> 0.32246998 | F24: kg
B25: output | C25: Elementary flow | D25: VOC | E25: =$E$15*Parameters!C43 -> 0.019276539 | F25: kg
B26: input | C26: Technosphere flow | D26: Electricity | E26: =$E$15*Parameters!C44 -> 0.60859958 | F26: kWh
B27: output | C27: Technosphere flow | D27: Heat | E27: =E15*Parameters!C10*Parameters!C20*Parameters!C33 -> 3876.4661 | F27: MJ
A28: Dewatering | B28: input | C28: Technosphere flow | D28: Digestate | E28: ='LCI_AD-d'!E24 -> 0.5558219 | F28: t
B29: input | C29: Technosphere flow | D29: electricity | E29: ='LCI_AD-d'!E25 -> 2.0184752 | F29: kWh
B30: output | C30: Technosphere flow | D30: dewatered digestate | E30: ='LCI_AD-d'!E26 -> 0.2970039 | F30: t
B31: output | C31: Technosphere flow | D31: wastewater | E31: ='LCI_AD-d'!E27 -> 0.25911227 | F31: m3
A32: Composting of digestate | B32: input | C32: Technosphere flow | D32: dewatered digestate | E32: ='LCI_AD-d'!E28 -> 0.2970039 | F32: t
B33: output | C33: Elementary flow | D33: CH4 | E33: ='LCI_AD-d'!E29 -> 0.088228561 | F33: kg
B34: output | C34: Elementary flow | D34: N2O | E34: ='LCI_AD-d'!E30 -> 0.062318617 | F34: kg
B35: output | C35: Elementary flow | D35: NH3 | E35: ='LCI_AD-d'!E31 -> 0.20275914 | F35: kg
B36: output | C36: Elementary flow | D36: NMVOC | E36: ='LCI_AD-d'!E32 -> 0.030888406 | F36: kg
B37: output | C37: Elementary flow | D37: CO | E37: ='LCI_AD-d'!E33 -> 0.12509677 | F37: kg
B38: output | C38: Technosphere flow | D38: compost | E38: ='LCI_AD-d'!E34 -> 0.15444203 | F38: t
B39: input | C39: Technosphere flow | D39: electricity | E39: ='LCI_AD-d'!E35 -> 3.1254739 | F39: kWh
B40: input | C40: Technosphere flow | D40: diesel | E40: ='LCI_AD-d'!E36 -> 0.44883056 | F40: kg
A41: Land application of compost | E41: ='LCI_AD-d'!E37 -> 0
B42: output | C42: Elementary flow | D42: N2O | E42: ='LCI_AD-d'!E38 -> 0.013194214 | F42: kg
B43: output | C43: Elementary flow | D43: NH3 | E43: ='LCI_AD-d'!E39 -> 0.078947678 | F43: kg
B44: output | C44: Elementary flow | D44: NO3 | E44: ='LCI_AD-d'!E40 -> 2.6495849 | F44: kg
B45: output | C45: Elementary flow | D45: (PO4)3- | E45: ='LCI_AD-d'!E41 -> -0.039495206 | F45: kg
B46: output | C46: Elementary flow | D46: CO2 fossil | E46: ='LCI_AD-d'!E42 -> -30.816321 | F46: kg
A47: Substituted products | E47: ='LCI_AD-d'!E43 -> 0 | F47: kg
C48: Technosphere flow | D48: N-fertilizer | E48: ='LCI_AD-d'!E44 -> 9.8391403 | F48: kg
C49: Technosphere flow | D49: P-fertilizer | E49: ='LCI_AD-d'!E45 -> 31.938546 | F49: kg
C50: Technosphere flow | D50: K-fertilizer | E50: ='LCI_AD-d'!E46 -> 2.8466868 | F50: kg
C51: Technosphere flow | D51: Peat | E51: ='LCI_AD-d'!E47 -> 42.109845 | F51: kg
C52: Technosphere flow | D52: Marginal heat | E52: =E27 -> 3876.4661 | F52: MJ
A53: Use of products from biogas | C53: (already included in heat production processus)

Sheet LCIA_AD-d
A3: IMPACT WORLD + FOOTPRINT
A4: Process | C4: Carbon footprint | D4: Ecosystem quality (residual) | E4: Energetic resource depletion | F4: Human health (residual) | G4: Water footprint - Scarcity
A5: AD | C5: =SUM(C6,C9,C12,C16,C23,C26) -> 150.20131 | D5: =SUM(D6,D9,D12,D16,D23,D26) -> 17.579183 | E5: =SUM(E6,E9,E12,E16,E23,E26) -> 1771.9129 | F5: =SUM(F6,F9,F12,F16,F23,F26) -> 0.00018730311 | G5: =SUM(G6,G9,G12,G16,G23,G26) -> 35.078615
A6: Pretreatment | C6: =SUM(C7:C8) -> 0.7761065 | D6: =SUM(D7:D8) -> 0.11916921 | E6: =SUM(E7:E8) -> 116.96083 | F6: =SUM(F7:F8) -> 7.7420483e-07 | G6: =SUM(G7:G8) -> 1.2592267
B7: Electricity consumption | C7: ='LCI_AD-d'!$E4*'IW+f'!C2 -> 0.7761065 | D7: ='LCI_AD-d'!$E4*'IW+f'!D2 -> 0.11916921 | E7: ='LCI_AD-d'!$E4*'IW+f'!E2 -> 116.96083 | F7: ='LCI_AD-d'!$E4*'IW+f'!F2 -> 7.7420483e-07 | G7: ='LCI_AD-d'!$E4*'IW+f'!G2 -> 1.2592267
B8: Water consumption | C8: ='LCI_AD-d'!$E5*'IW+f'!C3 -> 0 | D8: ='LCI_AD-d'!$E5*'IW+f'!D3 -> 0 | E8: ='LCI_AD-d'!$E5*'IW+f'!E3 -> 0 | F8: ='LCI_AD-d'!$E5*'IW+f'!F3 -> 0 | G8: ='LCI_AD-d'!$E5*'IW+f'!G3 -> 0
A9: Incineration | C9: =SUM(C10:C11) -> 9.4912725 | D9: =SUM(D10:D11) -> 1.7760545 | E9: =SUM(E10:E11) -> 70.109594 | F9: =SUM(F10:F11) -> 3.9183036e-05 | G9: =SUM(G10:G11) -> 10.01854
B10: Transport | C10: ='LCI_AD-d'!$E7*'IW+f'!C4 -> 0.43472979 | D10: ='LCI_AD-d'!$E7*'IW+f'!D4 -> 0.063594202 | E10: ='LCI_AD-d'!$E7*'IW+f'!E4 -> 6.576112 | F10: ='LCI_AD-d'!$E7*'IW+f'!F4 -> 3.4579966e-07 | G10: ='LCI_AD-d'!$E7*'IW+f'!G4 -> 0.039223403
B11: Incineration | C11: ='LCI_AD-d'!$E8*'IW+f'!C5 -> 9.0565427 | D11: ='LCI_AD-d'!$E8*'IW+f'!D5 -> 1.7124603 | E11: ='LCI_AD-d'!$E8*'IW+f'!E5 -> 63.533482 | F11: ='LCI_AD-d'!$E8*'IW+f'!F5 -> 3.8837236e-05 | G11: ='LCI_AD-d'!$E8*'IW+f'!G5 -> 9.9793169
A12: AD | C12: =SUM(C13:C15) -> 52.248712 | D12: =SUM(D13:D15) -> 2.7873234 | E12: =SUM(E13:E15) -> 416.86802 | F12: =SUM(F13:F15) -> 4.5598348e-05 | G12: =SUM(G13:G15) -> 4.3060094
B13: Electricity | C13: ='LCI_AD-d'!$E10*'IW+f'!C2 -> 1.7365189 | D13: ='LCI_AD-d'!$E10*'IW+f'!D2 -> 0.26663811 | E13: ='LCI_AD-d'!$E10*'IW+f'!E2 -> 261.69692 | F13: ='LCI_AD-d'!$E10*'IW+f'!F2 -> 1.7322639e-06 | G13: ='LCI_AD-d'!$E10*'IW+f'!G2 -> 2.8174882
B14: Heat | C14: ='LCI_AD-d'!$E11*'IW+f'!C11 -> 9.6923673 | D14: ='LCI_AD-d'!$E11*'IW+f'!D11 -> 2.5206853 | E14: ='LCI_AD-d'!$E11*'IW+f'!E11 -> 155.1711 | F14: ='LCI_AD-d'!$E11*'IW+f'!F11 -> 4.3866084e-05 | G14: ='LCI_AD-d'!$E11*'IW+f'!G11 -> 1.4885212
B15: CH4 | C15: ='LCI_AD-d'!$E12*'IW+f'!C12 -> 40.819826 | D15: ='LCI_AD-d'!$E12*'IW+f'!D12 -> 0 | E15: ='LCI_AD-d'!$E12*'IW+f'!E12 -> 0 | F15: ='LCI_AD-d'!$E12*'IW+f'!F12 -> 0 | G15: ='LCI_AD-d'!$E12*'IW+f'!G12 -> 0
A16: Biogas upgrading | C16: =SUM(C17:C22) -> 67.422192 | D16: =SUM(D17:D22) -> 3.7790662 | E16: =SUM(E17:E22) -> 1081.6847 | F16: =SUM(F17:F22) -> 4.6055862e-05 | G16: =SUM(G17:G22) -> 18.811574
B17: CH4 | C17: ='LCI_AD-d'!$E17*'IW+f'!C12 -> 46.976728 | D17: ='LCI_AD-d'!$E17*'IW+f'!D12 -> 0 | E17: ='LCI_AD-d'!$E17*'IW+f'!E12 -> 0 | F17: ='LCI_AD-d'!$E17*'IW+f'!F12 -> 0 | G17: ='LCI_AD-d'!$E17*'IW+f'!G12 -> 0
B18: H2S | C18: ='LCI_AD-d'!$E18*'IW+f'!C24 -> 0 | D18: ='LCI_AD-d'!$E18*'IW+f'!D24 -> 0 | E18: ='LCI_AD-d'!$E18*'IW+f'!E24 -> 0 | F18: ='LCI_AD-d'!$E18*'IW+f'!F24 -> 0 | G18: ='LCI_AD-d'!$E18*'IW+f'!G24 -> 0
B19: Sox | C19: ='LCI_AD-d'!$E19*'IW+f'!C19 -> 0 | D19: ='LCI_AD-d'!$E19*'IW+f'!D19 -> 0.02458688 | E19: ='LCI_AD-d'!$E19*'IW+f'!E19 -> 0 | F19: ='LCI_AD-d'!$E19*'IW+f'!F19 -> 1.3714821e-07 | G19: ='LCI_AD-d'!$E19*'IW+f'!G19 -> 0
B20: Electricity | C20: ='LCI_AD-d'!$E20*'IW+f'!C2 -> 5.9160582 | D20: ='LCI_AD-d'!$E20*'IW+f'!D2 -> 0.9083959 | E20: ='LCI_AD-d'!$E20*'IW+f'!E2 -> 891.56201 | F20: ='LCI_AD-d'!$E20*'IW+f'!F2 -> 5.9015623e-06 | G20: ='LCI_AD-d'!$E20*'IW+f'!G2 -> 9.598758
B21: Activated carbon | C21: ='LCI_AD-d'!$E21*'IW+f'!C32 -> 0.6640648 | D21: ='LCI_AD-d'!$E21*'IW+f'!D32 -> 0.11414325 | E21: ='LCI_AD-d'!$E21*'IW+f'!E32 -> 8.3706898 | F21: ='LCI_AD-d'!$E21*'IW+f'!F32 -> 9.7423406e-07 | G21: ='LCI_AD-d'!$E21*'IW+f'!G32 -> 0.083275453
B22: Zeolite | C22: ='LCI_AD-d'!$E22*'IW+f'!C33 -> 13.865341 | D22: ='LCI_AD-d'!$E22*'IW+f'!D33 -> 2.7319401 | E22: ='LCI_AD-d'!$E22*'IW+f'!E33 -> 181.75197 | F22: ='LCI_AD-d'!$E22*'IW+f'!F33 -> 3.9042917e-05 | G22: ='LCI_AD-d'!$E22*'IW+f'!G33 -> 9.1295404
A23: Dewatering | C23: =SUM(C24:C25) -> 0.23986337 | D23: =SUM(D24:D25) -> 0.20397057 | E23: =SUM(E24:E25) -> 24.618326 | F23: =SUM(F24:F25) -> 4.0335814e-07 | G23: =SUM(G24:G25) -> 0.25421574
B24: electricity | C24: ='LCI_AD-d'!$E25*'IW+f'!C2 -> 0.15696911 | D24: ='LCI_AD-d'!$E25*'IW+f'!D2 -> 0.024102213 | E24: ='LCI_AD-d'!$E25*'IW+f'!E2 -> 23.655564 | F24: ='LCI_AD-d'!$E25*'IW+f'!F2 -> 1.5658449e-07 | G24: ='LCI_AD-d'!$E25*'IW+f'!G2 -> 0.25468114
B25: wastewater treatment | C25: ='LCI_AD-d'!$E27*'IW+f'!C34 -> 0.08289426 | D25: ='LCI_AD-d'!$E27*'IW+f'!D34 -> 0.17986836 | E25: ='LCI_AD-d'!$E27*'IW+f'!E34 -> 0.96276199 | F25: ='LCI_AD-d'!$E27*'IW+f'!F34 -> 2.4677365e-07 | G25: ='LCI_AD-d'!$E27*'IW+f'!G34 -> -0.00046540191
A26: Composting of digestate | C26: =SUM(C27:C33) -> 20.023162 | D26: =SUM(D27:D33) -> 8.9135986 | E26: =SUM(E27:E33) -> 61.671424 | F26: =SUM(F27:F33) -> 5.5288301e-05 | G26: =SUM(G27:G33) -> 0.42904899
B27: CH4 | C27: ='LCI_AD-d'!$E29*'IW+f'!C12 -> 2.3821712 | D27: ='LCI_AD-d'!$E29*'IW+f'!D12 -> 0 | E27: ='LCI_AD-d'!$E29*'IW+f'!E12 -> 0 | F27: ='LCI_AD-d'!$E29*'IW+f'!F12 -> 0 | G27: ='LCI_AD-d'!$E29*'IW+f'!G12 -> 0
B28: N2O | C28: ='LCI_AD-d'!$E30*'IW+f'!C20 -> 17.012982 | D28: ='LCI_AD-d'!$E30*'IW+f'!D20 -> 0 | E28: ='LCI_AD-d'!$E30*'IW+f'!E20 -> 0 | F28: ='LCI_AD-d'!$E30*'IW+f'!F20 -> 0 | G28: ='LCI_AD-d'!$E30*'IW+f'!G20 -> 0
B29: NH3 | C29: ='LCI_AD-d'!$E31*'IW+f'!C18 -> 0 | D29: ='LCI_AD-d'!$E31*'IW+f'!D18 -> 5.3456953 | E29: ='LCI_AD-d'!$E31*'IW+f'!E18 -> 0 | F29: ='LCI_AD-d'!$E31*'IW+f'!F18 -> 3.596854e-05 | G29: ='LCI_AD-d'!$E31*'IW+f'!G18 -> 0
B30: NMVOC | C30: ='LCI_AD-d'!$E32*'IW+f'!C23 -> 0 | D30: ='LCI_AD-d'!$E32*'IW+f'!D23 -> 0.078076707 | E30: ='LCI_AD-d'!$E32*'IW+f'!E23 -> 0 | F30: ='LCI_AD-d'!$E32*'IW+f'!F23 -> 5.0595209e-09 | G30: ='LCI_AD-d'!$E32*'IW+f'!G23 -> 0
B31: CO | C31: ='LCI_AD-b'!$E33*'IW+f'!C15 -> 0 | D31: ='LCI_AD-b'!$E33*'IW+f'!D15 -> 3.3758036 | E31: ='LCI_AD-b'!$E33*'IW+f'!E15 -> 0 | F31: ='LCI_AD-b'!$E33*'IW+f'!F15 -> 1.8830589e-05 | G31: ='LCI_AD-b'!$E33*'IW+f'!G15 -> 0
B32: electricity | C32: ='LCI_AD-d'!$E35*'IW+f'!C2 -> 0.24305618 | D32: ='LCI_AD-d'!$E35*'IW+f'!D2 -> 0.037320666 | E32: ='LCI_AD-d'!$E35*'IW+f'!E2 -> 36.62906 | F32: ='LCI_AD-d'!$E35*'IW+f'!F2 -> 2.4246062e-07 | G32: ='LCI_AD-d'!$E35*'IW+f'!G2 -> 0.39435674
B33: diesel | C33: ='LCI_AD-d'!$E36*'IW+f'!C27 -> 0.38495173 | D33: ='LCI_AD-d'!$E36*'IW+f'!D27 -> 0.076702309 | E33: ='LCI_AD-d'!$E36*'IW+f'!E27 -> 25.042364 | F33: ='LCI_AD-d'!$E36*'IW+f'!F27 -> 2.4165125e-07 | G33: ='LCI_AD-d'!$E36*'IW+f'!G27 -> 0.034692256
A34: Land application of compost | C34: =SUM(C35:C39) -> -27.214301 | D34: =SUM(D35:D39) -> 6.6866848 | E34: =SUM(E35:E39) -> 0 | F34: =SUM(F35:F39) -> 1.4004956e-05 | G34: =SUM(G35:G39) -> 0
B35: N2O | C35: ='LCI_AD-d'!$E38*'IW+f'!C20 -> 3.6020203 | D35: ='LCI_AD-d'!$E38*'IW+f'!D20 -> 0 | E35: ='LCI_AD-d'!$E38*'IW+f'!E20 -> 0 | F35: ='LCI_AD-d'!$E38*'IW+f'!F20 -> 0 | G35: ='LCI_AD-d'!$E38*'IW+f'!G20 -> 0
B36: NH3 | C36: ='LCI_AD-d'!$E39*'IW+f'!C18 -> 0 | D36: ='LCI_AD-d'!$E39*'IW+f'!D18 -> 2.0814363 | E36: ='LCI_AD-d'!$E39*'IW+f'!E18 -> 0 | F36: ='LCI_AD-d'!$E39*'IW+f'!F18 -> 1.4004956e-05 | G36: ='LCI_AD-d'!$E39*'IW+f'!G18 -> 0
B37: NO3 | C37: ='LCI_AD-d'!$E40*'IW+f'!C21 -> 0 | D37: ='LCI_AD-d'!$E40*'IW+f'!D21 -> 5.2372358 | E37: ='LCI_AD-d'!$E40*'IW+f'!E21 -> 0 | F37: ='LCI_AD-d'!$E40*'IW+f'!F21 -> 0 | G37: ='LCI_AD-d'!$E40*'IW+f'!G21 -> 0
B38: (PO4)3- | C38: ='LCI_AD-d'!$E41*'IW+f'!C25 -> 0 | D38: ='LCI_AD-d'!$E41*'IW+f'!D25 -> -0.123518 | E38: ='LCI_AD-d'!$E41*'IW+f'!E25 -> 0 | F38: ='LCI_AD-d'!$E41*'IW+f'!F25 -> 0 | G38: ='LCI_AD-d'!$E41*'IW+f'!G25 -> 0
B39: CO2 fossil | C39: ='LCI_AD-d'!$E42*'IW+f'!C26 -> -30.816321 | D39: ='LCI_AD-d'!$E42*'IW+f'!D26 -> -0.5084693 | E39: ='LCI_AD-d'!$E42*'IW+f'!E26 -> 0 | F39: ='LCI_AD-d'!$E42*'IW+f'!F26 -> 0 | G39: ='LCI_AD-d'!$E42*'IW+f'!G26 -> 0
A40: Substituted products | C40: =SUM(C41:C45) -> 0 | D40: =SUM(D41:D45) -> 21.385562 | E40: =SUM(E41:E45) -> 7190.0103 | F40: =SUM(F41:F45) -> 9.1311749e-05 | G40: =SUM(G41:G45) -> 65.554188
B41: N-fertilizer | C41: 0 | D41: ='LCI_AD-d'!$E44*'IW+f'!D28 -> 2.0596946 | E41: ='LCI_AD-d'!$E44*'IW+f'!E28 -> 228.26827 | F41: ='LCI_AD-d'!$E44*'IW+f'!F28 -> 1.1387282e-05 | G41: ='LCI_AD-d'!$E44*'IW+f'!G28 -> 23.373766
B42: P-fertilizer | C42: 0 | D42: ='LCI_AD-d'!$E45*'IW+f'!D30 -> 5.8033748 | E42: ='LCI_AD-d'!$E45*'IW+f'!E30 -> 218.3195 | F42: ='LCI_AD-d'!$E45*'IW+f'!F30 -> 4.7898741e-05 | G42: ='LCI_AD-d'!$E45*'IW+f'!G30 -> 29.538178
B43: K-fertilizer | C43: 0 | D43: ='LCI_AD-d'!$E46*'IW+f'!D29 -> 0.46221699 | E43: ='LCI_AD-d'!$E46*'IW+f'!E29 -> 30.790657 | F43: ='LCI_AD-d'!$E46*'IW+f'!F29 -> 2.1302278e-06 | G43: ='LCI_AD-d'!$E46*'IW+f'!G29 -> 0.89360271
B44: Peat | C44: 0 | D44: ='LCI_AD-d'!$E47*'IW+f'!D31 -> 0.26016692 | E44: ='LCI_AD-d'!$E47*'IW+f'!E31 -> 424.13181 | F44: ='LCI_AD-d'!$E47*'IW+f'!F31 -> 4.8284248e-07 | G44: ='LCI_AD-d'!$E47*'IW+f'!G31 -> 1.3478751
B45: gas | C45: 0 | D45: ='LCI_AD-d'!$E48*'IW+f'!D38 -> 12.800108 | E45: ='LCI_AD-d'!$E48*'IW+f'!E38 -> 6288.5001 | F45: ='LCI_AD-d'!$E48*'IW+f'!F38 -> 2.9412656e-05 | G45: ='LCI_AD-d'!$E48*'IW+f'!G38 -> 10.400766
A46: Use of biomethane | H46: biomethane and natural gas are converted into heat
B47: CO2 fossil | C47: 0
A49: Total impact | C49: =C5+C34-C40+C47 -> 122.98701 | D49: =D5+D34-D40+D47 -> 2.8803057 | E49: =E5+E34-E40+E47 -> -5418.0974 | F49: =F5+F34-F40+F47 -> 0.00010999632 | G49: =G5+G34-G40+G47 -> -30.475573

Sheet Waste_characteristics
C1: Unit
A2: Mass | B2: 1 | C2: t
A3: FW | B3: =B2-B7 -> 1 | C3: t
A4: Moisture content, FW | B4: =[2]mass_composition!$D$99/[2]mass_composition!$C$99 -> 0.63542863 | C4: %FW | D4: 0.72
A5: VS, FW | B5: =[2]mass_composition!$F$99/[2]mass_composition!$E$99 -> 0.96463821 | C5: %TS
A6: VS, FW | B6: =B3*(1-B4)*B5 -> 0.35167947 | C6: t
A7: impurities | B7: 0 | C7: t
A8: Nitrogen content, FW | B8: =[2]mass_composition!$R$99/[2]mass_composition!$E$99 -> 0.032826764 | C8: % of dry mass of FW
A9: Carbon content, FW | B9: =[2]mass_composition!$J$99/[2]mass_composition!$E$99 -> 0.46707763 | C9: % of dry mass of FW
A10: Phosphorus content, FW | B10: =[2]mass_composition!$U$99/[2]mass_composition!$E$99 -> 0.0040243826 | C10: % of dry mass of FW
A11: Potassium content, FW | B11: =[2]mass_composition!$Q$99/[2]mass_composition!$E$99 -> 0.0082642017 | C11: % of dry mass of FW
A13: Nitrogen content, FW | B13: =B8*(1-H2O_FW) -> 0.011967698 | C13: t/t of FW
A14: Carbon content, FW | B14: =B9*(1-H2O_FW) -> 0.17028313 | C14: t/t of FW
A15: Phosphorus content, FW | B15: =B10*(1-H2O_FW) -> 0.0014671747 | C15: t/t of FW
A16: Potassium content, FW | B16: =B8*(1-H2O_FW) -> 0.011967698 | C16: t/t of FW
J35: https://journals.sagepub.com/doi/full/10.1177/0734242X14545374#bibr26-0734242X14545374

Sheet Parameters
B1: Pretreatment
A2: Process | B2: Parameter | C2: Value | D2: Unit | F2: Source
A3: Pretreatment | B3: Electricity requirement | C3: 9.98 | D3: kWh/t | E3: Drum-screen + Shredder + Piston press
B4: Sorting efficiency for impurities | C4: 1 | D4: % of impurities sorted
B5: Sorting efficiency for biowaste | C5: 0.77 | D5: % of biowaste retained
B6: Distance between the industrial plant and the incineration plan | C6: 10 | D6: km
A7: AD | B7: Methane production | C7: =374*1000 -> 374000 | D7: L/dry-t | F7: https://catalog.data.gov/dataset/food-waste-management-life-cycle-inventory-tool-v1-0-0
B8: VS conversion | C8: 0.86 | D8: %VS initial
B9: Fugitive methane loss | C9: 0.02 | F9: https://catalog.data.gov/dataset/food-waste-management-life-cycle-inventory-tool-v1-0-1
B10: Methane volume share in biogas | C10: 0.6 | F10: https://catalog.data.gov/dataset/food-waste-management-life-cycle-inventory-tool-v1-0-2
B11: Methane density | C11: 0.72 | D11: kg/m3 | F11: https://catalog.data.gov/dataset/food-waste-management-life-cycle-inventory-tool-v1-0-3
B12: CO2 density | C12: 1.98 | D12: kg/m3
B13: biogas density | C13: =(C10*C11)+((1-C10)*C12) -> 1.224 | D13: kg/m3
B14: Electricity requirement | C14: 29 | D14: kWh/t | F14: https://catalog.data.gov/dataset/food-waste-management-life-cycle-inventory-tool-v1-0-4
B15: Heat requirement | C15: 295 | D15: MJ/t | F15: https://catalog.data.gov/dataset/food-waste-management-life-cycle-inventory-tool-v1-0-5
B16: Water requriement | C16: 0 | D16: %of Biowaste
A17: CHP | B17: Efficiency | F17: https://catalog.data.gov/dataset/food-waste-management-life-cycle-inventory-tool-v1-0-6
B18: Thermal | C18: 0.46 | F18: https://catalog.data.gov/dataset/food-waste-management-life-cycle-inventory-tool-v1-0-7
B19: Electric | C19: 0.39 | F19: https://catalog.data.gov/dataset/food-waste-management-life-cycle-inventory-tool-v1-0-8
B20: Methane_lhv | C20: 35 | D20: MJ/m3 | F20: https://catalog.data.gov/dataset/food-waste-management-life-cycle-inventory-tool-v1-0-9
B21: Electricity requirement | F21: https://www.sciencedirect.com/science/article/pii/S0013935122009598?casa_token=b-5UAciDODcAAAAA:iPTgJGz224xsnoQdrEctjVyXjbgpRksrTp6NPBa96VQZoPJqxyo5SRxUSGA4QFvLo7qp_-bQrQ
B22: Lubricating oil | C22: 1.54 | D22: g/m3 of biogas | F22: https://www.sciencedirect.com/science/article/pii/S0013935122009598?casa_token=b-5UAciDODcAAAAA:iPTgJGz224xsnoQdrEctjVyXjbgpRksrTp6NPBa96VQZoPJqxyo5SRxUSGA4QFvLo7qp_-bQrQ
B23: Emissions
B24: Nitrogen Oxides (NOx) | C24: 0.00016410454 | D24: kg/m3 biogas combusted | F24: https://catalog.data.gov/dataset/food-waste-management-life-cycle-inventory-tool-v1-0-0
B25: Volatile Organic Compounds (VOCs) | C25: 0.0015816552 | D25: kg/m3 biogas combusted | F25: https://catalog.data.gov/dataset/food-waste-management-life-cycle-inventory-tool-v1-0-1
B26: Sulfur Dioxide (SO2) | C26: 1.4066103e-05 | D26: kg/m3 biogas combusted | F26: https://catalog.data.gov/dataset/food-waste-management-life-cycle-inventory-tool-v1-0-2
B27: Particulate Matter (PM2.5) | C27: 3.4383808e-05 | D27: kg/m3 biogas combusted | F27: https://catalog.data.gov/dataset/food-waste-management-life-cycle-inventory-tool-v1-0-3
B28: Carbon Monoxide (CO) | C28: 0.0010682424 | D28: kg/m3 biogas combusted | F28: https://catalog.data.gov/dataset/food-waste-management-life-cycle-inventory-tool-v1-0-4
B29: Ammonia (NH3) | C29: 6.4078915e-05 | D29: kg/m3 biogas combusted | F29: https://catalog.data.gov/dataset/food-waste-management-life-cycle-inventory-tool-v1-0-5
B30: Methane (CH4) | C30: 0.0043034128 | D30: kg/m3 biogas combusted | F30: https://catalog.data.gov/dataset/food-waste-management-life-cycle-inventory-tool-v1-0-6
B31: Nitrous Oxide (N2O) | C31: 0.00010246221 | D31: kg/m3 biogas combusted | F31: https://catalog.data.gov/dataset/food-waste-management-life-cycle-inventory-tool-v1-0-7
A32: Biogas boiler
B33: Efficiency | C33: 0.825 | F33: https://pureadmin.qub.ac.uk/ws/files/135497181/Document2.pdf
B34: CO2 | C34: =L37*L$48 -> 2.009684 | D34: kg/m3 of biogas | E34: Labutong, 2012
B35: CH4 | C35: =L38*L$48 -> 2.5621469e-05 | D35: kg/m3 of biogas | E35: Labutong, 2012
B36: N2O | C36: =L39*L$48 -> 2.5621469e-05 | D36: kg/m3 of biogas | E36: Labutong, 2012
B37: Sox | C37: =L40*L$48 -> 0.00017774894 | D37: kg/m3 of biogas | E37: Labutong, 2012 | K37: CO2 | L37: =39.1+86.4 -> 125.5 | M37: lb/MCF
B38: PM10 | C38: =L41*L$48 -> 0.00013034922 | D38: kg/m3 of biogas | E38: Labutong, 2012 | K38: CH4 | L38: 0.0016 | M38: lb/MCF
B39: PM2.5 | C39: =L42*L$48 -> 0.00013034922 | D39: kg/m3 of biogas | E39: Labutong, 2012 | K39: N2O | L39: 0.0016 | M39: lb/MCF
B40: Nox | C40: =L43*L$48 -> 0.0017134357 | D40: kg/m3 of biogas | E40: Labutong, 2012 | K40: Sox | L40: 0.0111 | M40: lb/MCF
B41: NH3 | C41: =L44*L$48 -> 5.4125353e-05 | D41: kg/m3 of biogas | E41: Labutong, 2012 | K41: PM10 | L41: 0.00814 | M41: lb/MCF
B42: CO | C42: =L45*L$48 -> 0.0014412076 | D42: kg/m3 of biogas | E42: Labutong, 2012 | K42: PM2.5 | L42: 0.00814 | M42: lb/MCF
B43: VOC | C43: =L46*L$48 -> 8.6152189e-05 | D43: kg/m3 of biogas | E43: Labutong, 2012 | K43: Nox | L43: 0.107 | M43: lb/MCF
B44: Electricity requirement (low voltage) | C44: 0.00272 | D44: kWh/m3 of biogas | E44: Ecoinvent | F44: heat production, biomethane, at boiler condensing modulating <100kW | heat, central or small-scale, biomethane | Cutoff, U | K44: NH3 | L44: 0.00338 | M44: lb/MCF
K45: CO | L45: 0.09 | M45: lb/MCF
A46: Biogas upgrading | B46: :Using Pressure Swing Adsorption technology | K46: VOC | L46: 0.00538 | M46: lb/MCF
B47: CO2 removal rate | C47: 0.985 | D47: % volume of CO2 | F47: https://www.sciencedirect.com/science/article/pii/S0013935122009598?casa_token=b-5UAciDODcAAAAA:iPTgJGz224xsnoQdrEctjVyXjbgpRksrTp6NPBa96VQZoPJqxyo5SRxUSGA4QFvLo7qp_-bQrQ
B48: CH4 fugitive | C48: 0.018 | D48: % volume of methane | E48: Ardolino, 2021 | F48: https://www.sciencedirect.com/science/article/pii/S0013935122009598?casa_token=b-5UAciDODcAAAAA:iPTgJGz224xsnoQdrEctjVyXjbgpRksrTp6NPBa96VQZoPJqxyo5SRxUSGA4QFvLo7qp_-bQrQ | K48: 1 lb/MCF | L48: =0.4535/28.32 -> 0.016013418 | M48: kg/m3
B49: H2S | C49: 6e-06 | D49: kg/m3 of biogas | E49: Ardolino, 2021 | F49: https://www.sciencedirect.com/science/article/pii/S0013935122009598?casa_token=b-5UAciDODcAAAAA:iPTgJGz224xsnoQdrEctjVyXjbgpRksrTp6NPBa96VQZoPJqxyo5SRxUSGA4QFvLo7qp_-bQrQ
B50: Sox | C50: 6.6e-06 | D50: kg/m3 of biogas | E50: Ardolino, 2021 | F50: https://www.sciencedirect.com/science/article/pii/S0013935122009598?casa_token=b-5UAciDODcAAAAA:iPTgJGz224xsnoQdrEctjVyXjbgpRksrTp6NPBa96VQZoPJqxyo5SRxUSGA4QFvLo7qp_-bQrQ
B51: Electricity requirement | C51: 0.34 | D51: kWh/m3 of biogas | E51: Ardolino, 2021 | F51: https://www.sciencedirect.com/science/article/pii/S1364032120308728?via%3Dihub#sec2 | G51: electricty for upgrading + injection | O51: =#REF!*C11*0.001 -> #REF! | P51: kg
B52: Activated carbon | C52: 0.00089 | D52: kg/m3 of biogas | E52: Ardolino, 2021 | F52: https://www.sciencedirect.com/science/article/pii/S1364032120308728?via%3Dihub#sec2
B53: Zeolite | C53: 0.0119 | D53: kg/m3 of biogas | E53: Ardolino, 2021 | F53: https://www.sciencedirect.com/science/article/pii/S1364032120308728?via%3Dihub#sec2
A54: Electric engine
B55: Efficiency | C55: 0.35 | D55: % of fuel combusted | F55: https://catalog.data.gov/dataset/food-waste-management-life-cycle-inventory-tool-v1-0-6
B56: Nitrogen Oxides (NOx) | C56: 0.029274119 | D56: kg/m3 of biogas | F56: https://catalog.data.gov/dataset/food-waste-management-life-cycle-inventory-tool-v1-0-6
B57: Volatile Organic Compounds (VOCs) | C57: 0.0011081685 | D57: kg/m3 of biogas | F57: https://catalog.data.gov/dataset/food-waste-management-life-cycle-inventory-tool-v1-0-6 | N57: CO2 | O57: =(#REF!*(0.4/0.6))*C12*0.001 -> #REF! | P57: kg
B58: Sulfur Dioxide (SO2) | C58: 5.4300258e-06 | D58: kg/m3 of biogas | F58: https://catalog.data.gov/dataset/food-waste-management-life-cycle-inventory-tool-v1-0-6 | N58: biogaz | O58: =O57+O51 -> #REF!
B59: Particulate Matter (PM) | C59: 0.0039922695 | D59: kg/m3 of biogas | F59: https://catalog.data.gov/dataset/food-waste-management-life-cycle-inventory-tool-v1-0-6 | N59: digestat | O59: =1000-O58 -> #REF!
B60: Carbon Monoxide (CO) | C60: 0.0035646088 | D60: kg/m3 of biogas | F60: https://catalog.data.gov/dataset/food-waste-management-life-cycle-inventory-tool-v1-0-6
B61: Methane (CH4) | C61: 0.01339037 | D61: kg/m3 of biogas | F61: https://catalog.data.gov/dataset/food-waste-management-life-cycle-inventory-tool-v1-0-6
B62: Electricity requirement
A65: Production of digestate
B66: Mass of digestate | C66: =(Waste_characteristics!B3)+(C16*Waste_characteristics!B2)-((Waste_characteristics!B3)*(1-Waste_characteristics!B4)*Parameters!C7*Parameters!C11*0.000001)-((Waste_characteristics!B3)*(1-Waste_characteristics!B4)*Parameters!C7*((1-C10)/C10)*C12*0.000001) -> 0.72184663 | D66: t/t FW | E66: 1 ton of waste passing through AD | F66: calculated (mass balance)
B67: Moisture content of digestate | C67: =(Waste_characteristics!B3*Waste_characteristics!B4)+(Waste_characteristics!B3*Parameters!C16) -> 0.63542863 | D67: t/t FW | E67: 1 ton of waste passing through AD | G67: C(T) | H67: =(-0.000001877*(298^2))+(0.001097*298)-0.156 -> 0.004220892
B68: Total solid of digestate | C68: =C66-C67 -> 0.086417998 | D68: t/t FW | E68: 1 ton of waste passing through AD
B69: VS in digestate | C69: =Waste_characteristics!B6*(1-Parameters!C8) -> 0.049235126 | D69: t/t FW | E69: 1 ton of waste passing through AD
B70: Density of liquid digestate | C70: =998*(1-(H67*C89))^-1 -> 998.8643 | D70: kg/m3
B71: C content of raw digestate | C71: =Waste_characteristics!B14-(C7*(1-H2O_FW)*((C11*0.001*0.001*12/16)+(((1-C10)/C10)*C12*0.001*0.001*12/44))) -> 0.047568408 | D71: t/t FW | E71: 1 ton of waste passing through AD
A72: Storage
B73: Volatile Solids Destruction, Storage | C73: 0.1 | D73: %of VS in digestate
B74: Volatile Solids Destruction, Storage | C74: =Waste_characteristics!B6*(1-Parameters!C8)*Parameters!C73 -> 0.0049235126 | D74: t VS/t | E74: 1 ton of waste passing through AD | F74: mass of biogas produced during storage
B75: Methane emitted | C75: =(C74/(C13*0.001))*C10*C11*0.001 -> 0.0017377103 | D75: t/t | E75: 1 ton of waste passing through AD
A77: Land application of digestate
B78: Mass of digestate after storage | C78: =C66-C75 -> 0.72010892 | D78: t
B79: N2O | C79: 0.013 | D79: kgN-N2O/kgN applied | F79: https://www.sciencedirect.com/science/article/pii/S0964830514002029?casa_token=CuYe3ZTSPycAAAAA:rRl8EoKYwznoEuX0VuPF32xCFrhHD9S8o6J9Rem4dyM93P7UKc0KSdNufZkaSkLN-jqlbWcV0A
B80: NH3 | C80: 0.4 | D80: kgN-NH3/kgN applied | F80: https://www.sciencedirect.com/science/article/pii/S0269749116318681?casa_token=rEHlW1O-mdgAAAAA:ajVYtblqpRrvAmnneRiCuHYjbAf28QtOFIZvNqxyyT-5bQeD04vvZbKV7yYKKyCFgeWfW8dgUQ#sec3
B81: NO3 | C81: 0.15 | D81: kgN-NO3-/kgN applied | E81: Fiona, 2017 | F81: https://pure.bangor.ac.uk/ws/portalfiles/portal/18797936/Nicholson_et_al_2017_pre_print.pdf
B82: N content of digestate | C82: =Waste_characteristics!B13 -> 0.011967698 | D82: t/t of FW
B83: N-available | C83: =Waste_characteristics!B13*(1-Parameters!C79-Parameters!C80-Parameters!C81) -> 0.0052298841 | D83: t/t of FW
B84: C content of digestate | C84: =Waste_characteristics!B14-(C7*(1-H2O_FW)*((C11*0.001*0.001*12/16)+(((1-C10)/C10)*C12*0.001*0.001*12/44)))-(C75*12/16)-((C74/C13)*(1-C10)*C12*12/44) -> 0.04539627 | D84: tC/t of FW
B85: K content of digestate | C85: =Waste_characteristics!B16 -> 0.011967698 | D85: t/t of FW
B86: P content of digestate | C86: =Waste_characteristics!B15 -> 0.0014671747 | D86: t/t of FW
A87: Digestate dewatering
B88: Dewatering, solids capture | C88: 0.915 | D88: % of TS
B89: Dewatering, solids concentration | C89: 0.205 | D89: % of wet mass
B90: Electricity, Digestate Dewatering | C90: 0.0036315143 | D90: kWh/kg digestate
B91: Nitrogen, partitioning to water | C91: 0.547 | D91: % of N
B92: Phosphorus, partitioning to water | C92: 0.364 | D92: % of P
B93: Potassium, partitioning to water | C93: 0.8462 | D93: % of K
B94: Carbon, partitioning to water | C94: 0.348 | D94: % of C
B95: Carbon, in solid phase | C95: =1-C94 -> 0.652 | D95: % of C
A96: Digestate composting
B97: Carbon degraded during composting | C97: 0.58 | D97: % of feedstock carbon
B98: Compost emission, methane | C98: 0.00986 | D98: % of incoming C
B99: Compost emission, nitrous oxide | C99: 0.0095 | D99: % of incoming N
B100: Compost emission, ammonia | C100: 0.04 | D100: % of incoming N
B101: Compost emission, NMVOC | C101: 0.104 | D101: kg NMVOC/Mg FW
B102: Compost emission, carbon monoxide | C102: 0.0004 | D102: % of incoming C
B103: Mass loss | C103: 0.48 | D103: % of incoming feedstock mass
...

Sheet LCI_AD-b
A1: AD+CHP+Composting
A2: Process | B2: Flow direction | C2: Flow type | D2: Flow name | E2: Value | F2: Unit
A3: Pretreatment | B3: input | C3: Technosphere flow | D3: Waste | E3: 1 | F3: t
B4: input | C4: Technosphere flow | D4: Electricity | E4: =E3*Parameters!C3 -> 9.98 | F4: kWh
B5: input | C5: Technosphere flow | D5: Water
B6: output | C6: Intermediate flow | D6: Pretreated biowaste | E6: =E3*Parameters!C5 -> 0.77 | F6: t
A7: Incineration | B7: input | C7: Intermediate flow | D7: transported discarded biowaste | E7: =E8*0.001*Parameters!C6 -> 2.3 | F7: tkm
B8: input | C8: Intermediate flow | D8: discarded biowaste | E8: =E3*(1-Parameters!C5)*1000 -> 230 | F8: kg
A9: AD | B9: input | C9: Intermediate flow | D9: Pretreated waste | E9: =E6 -> 0.77 | F9: t
B10: input | C10: Intermediate flow | D10: Electricity | E10: =Parameters!C14*E9 -> 22.33 | F10: kWh
B11: input | C11: Intermediate flow | D11: Heat | E11: =E9*Parameters!C15 -> 227.15 | F11: MJ
B12: output | C12: Elementary flow | D12: Methane | E12: =Parameters!C9*(Parameters!C7*(1-Waste_characteristics!B4))*E9*Parameters!C11*0.001 -> 1.5118454 | F12: kg
B13: output | C13: Intermediate flow | D13: Biogas | E13: =(((Parameters!C7*(1-Waste_characteristics!B4))/Parameters!C10)*0.001)-((E12/Parameters!C11)*(1/Parameters!C10)) -> 223.74985 | F13: m3
B14: output | C14: Technosphere flow | D14: Digestate | E14: =Parameters!C66*E9 -> 0.5558219 | F14: t
A15: CHP | B15: input | C15: Intermediate flow | D15: Biogas | E15: =E13 -> 223.74985 | F15: m3
B16: output | C16: Elementary flow | D16: Nitrogen Oxides (NOx) | E16: =E15*Parameters!C24 -> 0.036718365 | F16: kg
B17: output | C17: Elementary flow | D17: Volatile Organic Compounds (VOCs) | E17: =E15*Parameters!C25 -> 0.3538951 | F17: kg
B18: output | C18: Elementary flow | D18: Sulfur Dioxide (SO2) | E18: =E15*Parameters!C26 -> 0.0031472884 | F18: kg
B19: output | C19: Elementary flow | D19: Particulate Matter (PM) | E19: =LCI!E14*Parameters!C27 -> 0.0076933718 | F19: kg
B20: output | C20: Elementary flow | D20: Carbon Monoxide (CO) | E20: =E15*Parameters!C28 -> 0.23901907 | F20: kg
B21: output | C21: Elementary flow | D21: Ammonia (NH3) | E21: =E15*Parameters!C29 -> 0.014337647 | F21: kg
B22: output | C22: Elementary flow | D22: Methane (CH4) | E22: =E15*Parameters!C30 -> 0.96288796 | F22: kg
B23: output | C23: Elementary flow | D23: Nitrous Oxide (N2O) | E23: =LCI!E14*Parameters!C31 -> 0.022925904 | F23: kg
B24: output | C24: Technosphere flow | D24: Electricity | E24: =E15*Parameters!C10*Parameters!C20*Parameters!C19/3.6 -> 509.0309 | F24: kWh
B25: output | C25: Technosphere flow | D25: Heat | E25: =E15*Parameters!C10*Parameters!C20*Parameters!C18 -> 2161.4235 | F25: MJ
A26: Dewatering | B26: input | C26: Technosphere flow | D26: Digestate | E26: =E14 -> 0.5558219 | F26: t
B27: input | C27: Technosphere flow | D27: electricity | E27: =E26*Parameters!C90*1000 -> 2.0184752 | F27: kWh
B28: output | C28: Technosphere flow | D28: dewatered digestate | E28: =Parameters!C68*E9*Parameters!C88*(1/Parameters!C89) -> 0.2970039 | F28: t
B29: output | C29: Technosphere flow | D29: wastewater | E29: =(E26-E28)*1000/Parameters!C70 -> 0.25911227 | F29: m3
A30: Composting of digestate | B30: input | C30: Technosphere flow | D30: dewatered digestate | E30: =E28 -> 0.2970039 | F30: t
B31: output | C31: Elementary flow | D31: CH4 | E31: =(16/12)*Parameters!C98*(1-Parameters!C94)*((E6*1000*(1-Waste_characteristics!B4)*Waste_characteristics!B9)-((E13*(1-Parameters!C10)*Parameters!C12*(12/44)))-((E13*(Parameters!C10)*Parameters!C11*(12/16)))) -> 0.088228561 | F31: kg | H31: Cinit - C(CO2,CH4 in biogas) - C lost in water fraction of digestate
B32: output | C32: Elementary flow | D32: N2O | E32: =(E6*1000*(1-Waste_characteristics!B4)*Waste_characteristics!B8)*(1-Parameters!C91)*Parameters!C99*(44/28) -> 0.062318617 | F32: kg
B33: output | C33: Elementary flow | D33: NH3 | E33: =(E6*1000*(1-Waste_characteristics!B4)*Waste_characteristics!B8)*(1-Parameters!C91)*Parameters!C100*(17/14) -> 0.20275914 | F33: kg
B34: output | C34: Elementary flow | D34: NMVOC | E34: =E30*Parameters!C101 -> 0.030888406 | F34: kg
B35: output | C35: Elementary flow | D35: CO | E35: =(44/12)*Parameters!C102*(1-Parameters!C94)*((E6*1000*(1-Waste_characteristics!B4)*Waste_characteristics!B9)-((E14*(1-Parameters!C10)*Parameters!C12*(12/44)))-((E14*(Parameters!C10)*Parameters!C11*(12/16)))) -> 0.12509677 | F35: kg
B36: output | C36: Technosphere flow | D36: compost | E36: =E30*(1-Parameters!C103) -> 0.15444203 | F36: t
B37: input | C37: Technosphere flow | D37: electricity | E37: =E30*Parameters!C104 -> 3.1254739 | F37: kWh
B38: input | C38: Technosphere flow | D38: diesel | E38: =E30*Parameters!C105*Parameters!C106 -> 0.44883056 | F38: kg
A39: Land application of compost
B40: output | C40: Elementary flow | D40: N2O | E40: =(Parameters!C107*E9*1000*Parameters!C108*44/28)-(E46*Parameters!C123*Parameters!C125*44/28) -> 0.013194214 | F40: kg
B41: output | C41: Elementary flow | D41: NH3 | E41: =(Parameters!C107*'LCI_AD-a'!E9*1000*Parameters!C109*17/14)-(E46*Parameters!C123*Parameters!C124*17/14) -> 0.078947678 | F41: kg
B42: output | C42: Elementary flow | D42: NO3 | E42: =(Parameters!C107*'LCI_AD-a'!E9*1000*Parameters!C110*62/14)-(E46*Parameters!C123*Parameters!C126*62/14) -> 2.6495849 | F42: kg
B43: output | C43: Elementary flow | D43: (PO4)3- | E43: =-Parameters!C129*'LCI_AD-b'!E47*Parameters!C128*0.001 -> -0.039495206 | F43: kg
B44: output | C44: Elementary flow | D44: CO2 fossil | E44: =-'LCI_AD-b'!E49*Parameters!C136*Parameters!C134*44/12 -> -30.816321 | F44: kg
A45: Substituted products
C46: Technosphere flow | D46: N-fertilizer | E46: =(Parameters!C111/Parameters!C127)*FW_mass*1000*E6/Parameters!C123 -> 9.8391403 | F46: kg
C47: Technosphere flow | D47: P-fertilizer | E47: =(Parameters!C113/Parameters!C131)*1000*'LCI_AD-a'!E9/Parameters!C128 -> 31.938546 | F47: kg
C48: Technosphere flow | D48: K-fertilizer | E48: =(Parameters!C114/Parameters!C132)*'LCI_AD-a'!E9*1000 -> 2.8466868 | F48: kg
C49: Technosphere flow | D49: Peat | E49: =(Parameters!C112/Parameters!C136)*1000*E9 -> 42.109845 | F49: kg
C50: Technosphere flow | D50: Marginal heat | E50: =E25 -> 2161.4235 | F50: MJ
C51: Technosphere flow | D51: Marginal electricity | E51: =E24 -> 509.0309 | F51: kWh
A52: Use of products from biogas | C52: (already included in heat and electricity production processus)

Sheet LCI
A2: Process | B2: Flow direction | C2: Flow type | D2: Flow name | E2: Value | F2: Unit | I2: UF | J2: Treatment of 1t of biowaste
A3: Pretreatment | B3: input | C3: Technosphere flow | D3: Waste | E3: 1 | F3: t
B4: input | C4: Technosphere flow | D4: Electricity | E4: =E3*Parameters!C3 -> 9.98 | F4: kWh
B5: input | C5: Technosphere flow | D5: Water
B6: output | C6: Intermediate flow | D6: Pretreated biowaste | E6: =E3*Parameters!C5 -> 0.77 | F6: t
A7: Incineration | B7: input | C7: Intermediate flow | D7: discarded biowaste | E7: =E3*(1-Parameters!C5)*1000 -> 230 | F7: kg
A9: AD | B9: input | C9: Intermediate flow | D9: Pretreated waste | E9: =E6 -> 0.77 | F9: t
B10: input | C10: Intermediate flow | D10: Electricity | E10: =Parameters!C14*LCI!E9 -> 22.33 | F10: kWh
B11: input | C11: Intermediate flow | D11: Heat | E11: =E9*Parameters!C15 -> 227.15 | F11: MJ
B12: output | C12: Elementary flow | D12: Methane | E12: =Parameters!C9*(Parameters!C7*(1-Waste_characteristics!B4))*LCI!E9*Parameters!C11*0.001 -> 1.5118454 | F12: kg
B13: output | C13: Intermediate flow | D13: Biogas | E13: =(((Parameters!C7*(1-Waste_characteristics!B4))/Parameters!C10)*0.001)-((E12/Parameters!C11)*(1/Parameters!C10)) -> 223.74985 | F13: m3
A14: CHP | B14: input | C14: Intermediate flow | D14: Biogas | E14: =E13 -> 223.74985 | F14: m3
B15: output | C15: Elementary flow | D15: Nitrogen Oxides (NOx) | E15: =E14*Parameters!C24 -> 0.036718365 | F15: kg
B16: output | C16: Elementary flow | D16: Volatile Organic Compounds (VOCs) | E16: =E14*Parameters!C25 -> 0.3538951 | F16: kg
B17: output | C17: Elementary flow | D17: Sulfur Dioxide (SO2) | E17: =E14*Parameters!C26 -> 0.0031472884 | F17: kg
B18: output | C18: Elementary flow | D18: Particulate Matter (PM) | E18: =LCI!E14*Parameters!C27 -> 0.0076933718 | F18: kg
B19: output | C19: Elementary flow | D19: Carbon Monoxide (CO) | E19: =E14*Parameters!C28 -> 0.23901907 | F19: kg
B20: output | C20: Elementary flow | D20: Ammonia (NH3) | E20: =E14*Parameters!C29 -> 0.014337647 | F20: kg
B21: output | C21: Elementary flow | D21: Methane (CH4) | E21: =E14*Parameters!C30 -> 0.96288796 | F21: kg
B22: output | C22: Elementary flow | D22: Nitrous Oxide (N2O) | E22: =LCI!E14*Parameters!C31 -> 0.022925904 | F22: kg
B23: output | C23: Technosphere flow | D23: Electricity | E23: =E14*Parameters!C10*Parameters!C20*Parameters!C19/3.6 -> 509.0309 | F23: kWh
B24: output | C24: Technosphere flow | D24: Heat | E24: =E14*Parameters!C10*Parameters!C20*Parameters!C18 -> 2161.4235 | F24: MJ
A27: Biogas boiler | B27: input | C27: Intermediate flow | D27: Biogas | E27: =E13 -> 223.74985 | F27: m3
B28: output | C28: Elementary flow | D28: CO2 | E28: =$E$27*Parameters!C34 -> 449.66648 | F28: kg
B29: output | C29: Elementary flow | D29: CH4 | E29: =$E$27*Parameters!C35 -> 0.0057327997 | F29: kg
B30: output | C30: Elementary flow | D30: N2O | E30: =$E$27*Parameters!C36 -> 0.0057327997 | F30: kg
B31: output | C31: Elementary flow | D31: Sox | E31: =$E$27*Parameters!C37 -> 0.039771298 | F31: kg
B32: output | C32: Elementary flow | D32: PM10 | E32: =$E$27*Parameters!C38 -> 0.029165619 | F32: kg
B33: output | C33: Elementary flow | D33: PM2.5 | E33: =$E$27*Parameters!C39 -> 0.029165619 | F33: kg
B34: output | C34: Elementary flow | D34: Nox | E34: =$E$27*Parameters!C40 -> 0.38338098 | F34: kg
B35: output | C35: Elementary flow | D35: NH3 | E35: =$E$27*Parameters!C41 -> 0.012110539 | F35: kg
B36: output | C36: Elementary flow | D36: CO | E36: =$E$27*Parameters!C42 -> 0.32246998 | F36: kg
B37: output | C37: Elementary flow | D37: VOC | E37: =$E$27*Parameters!C43 -> 0.019276539 | F37: kg
B38: input | C38: Technosphere flow | D38: Electricity | E38: =Parameters!C44*LCI!E27 -> 0.60859958 | F38: kWh
B39: output | C39: Technosphere flow | D39: Heat | E39: =E27*Parameters!C10*Parameters!C20*Parameters!C33 -> 3876.4661 | F39: MJ
A42: Biogas upgrading | B42: input | C42: Technosphere flow | D42: Biogas | E42: =E13 -> 223.74985 | F42: m3
B43: output | C43: Elementary flow | D43: CO2 | E43: =E42*(1-Parameters!C10)*Parameters!C47*Parameters!C12 -> 174.55173 | F43: kg
B44: output | C44: Elementary flow | D44: CH4 | E44: =E42*Parameters!C10*Parameters!C48*Parameters!C11 -> 1.7398788 | F44: kg
B45: output | C45: Elementary flow | D45: H2S | E45: =Parameters!C49*LCI!E42 -> 0.0013424991 | F45: kg
B46: output | C46: Elementary flow | D46: Sox | E46: =E42*Parameters!C50 -> 0.001476749 | F46: kg
B47: input | C47: Technosphere flow | D47: Electricity requirement | E47: =E42*Parameters!C51 -> 76.074947 | F47: kWh
B48: input | C48: Technosphere flow | D48: Activated carbon | E48: =E42*Parameters!C52 -> 0.19913736 | F48: kg
B49: input | C49: Technosphere flow | D49: Zeolite | E49: =E42*Parameters!C53 -> 2.6626232 | F49: kg
B50: output | C50: Technosphere flow | D50: Biomethane | E50: =(E42*Parameters!C10*(1-Parameters!C48)) -> 131.83341 | F50: m3
A52: Electric engine | B52: input | C52: Technosphere flow | D52: Biogas | E52: =E13 -> 223.74985 | F52: m3
B53: output | C53: Elementary flow | D53: Nitrogen Oxides (NOx) | E53: =E52*Parameters!C56 -> 6.5500795 | F53: kg
B54: output | C54: Elementary flow | D54: Volatile Organic Compounds (VOCs) | E54: =E52*Parameters!C57 -> 0.24795254 | F54: kg
B55: output | C55: Elementary flow | D55: Sulfur Dioxide (SO2) | E55: =E52*Parameters!C58 -> 0.0012149674 | F55: kg
B56: output | C56: Elementary flow | D56: Particulate Matter (PM) | E56: =E52*Parameters!C59 -> 0.89326968 | F56: kg
B57: output | C57: Elementary flow | D57: Carbon Monoxide (CO) | E57: =E52*Parameters!C60 -> 0.79758066 | F57: kg
B58: output | C58: Elementary flow | D58: Methane (CH4) | E58: =E52*Parameters!C61 -> 2.9960932 | F58: kg
B59: output | C59: Technosphere flow | D59: Electricity | E59: =E52*Parameters!C10*Parameters!C20*Parameters!C55/3.6 -> 456.8226 | F59: kWh
A61: Storage
B62: input | C62: Technosphere flow | D62: digestate | E62: =Parameters!C66 -> 0.72184663 | F62: t
B63: output | C63: Elementary flow | D63: CH4 | E63: =Parameters!C75*1000 -> 1.7377103 | F63: kg
A65: Land application of digestate after storage
B66: input | C66: Technosphere flow | D66: digestate after storage | E66: =E62-E63*0.001 -> 0.72010892 | F66: t
B67: output | C67: Elementary flow | D67: N2O | E67: =Waste_characteristics!B3*Parameters!C5*(1-Waste_characteristics!B4)*Waste_characteristics!B8*Parameters!C79*(44/28)*1000 -> 0.18825189 | F67: kg
B68: output | C68: Elementary flow | D68: NH3 | E68: =Waste_characteristics!B3*Parameters!C5*(1-Waste_characteristics!B4)*Waste_characteristics!B8*Parameters!C80*(17/14)*1000 -> 4.4759191 | F68: kg
B69: output | C69: Elementary flow | D69: NO3 | E69: =Waste_characteristics!B3*Parameters!C5*(1-Waste_characteristics!B4)*Waste_characteristics!B8*Parameters!C81*(62/14)*1000 -> 6.1214777 | F69: kg
A71: Dewatering
B72: input | C72: Technosphere flow | D72: digestate | E72: =Parameters!C66 -> 0.72184663 | F72: t
B73: input | C73: Technosphere flow | D73: electricity | E73: =Parameters!C90*LCI!E72*1000 -> 2.6213963 | F73: kWh
B74: output | C74: Technosphere flow | D74: dewatered digestate | E74: =Parameters!C68*Parameters!C88*(1/Parameters!C89) -> 0.38571936 | F74: t
B75: output | C75: Technosphere flow | D75: wastewater | E75: =((E72-E74)*1000)/Parameters!C70 -> 0.33650945 | F75: m3
A77: Wastewater treatment
B78: input | C78: Technosphere flow | D78: wastewater | E78: =E75 -> 0.33650945 | F78: m3
B79: input | C79: Technosphere flow | D79: transport | F79: tkm
A81: Composting of digestate
B82: input | C82: Technosphere flow | D82: dewatered digestate | E82: =E74 -> 0.38571936 | F82: t
B83: output | C83: Elementary flow | D83: CH4 | E83: =(16/12)*Parameters!C98*(1-Parameters!C94)*((E6*1000*(1-Waste_characteristics!B4)*Waste_characteristics!B9)-((E13*(1-Parameters!C10)*Parameters!C12*(12/44)))-((E13*(Parameters!C10)*Parameters!C11*(12/16)))) -> 0.088228561 | F83: kg | G83: Cinit - C(CO2,CH4 in biogas) - C lost in water fraction of digestate
B84: output | C84: Elementary flow | D84: N2O | E84: =(E6*1000*(1-Waste_characteristics!B4)*Waste_characteristics!B8)*(1-Parameters!C91)*Parameters!C99*(44/28) -> 0.062318617 | F84: kg
B85: output | C85: Elementary flow | D85: NH3 | E85: =(E6*1000*(1-Waste_characteristics!B4)*Waste_characteristics!B8)*(1-Parameters!C91)*Parameters!C100*(17/14) -> 0.20275914 | F85: kg
B86: output | C86: Elementary flow | D86: NMVOC | E86: =E82*Parameters!C101 -> 0.040114813 | F86: kg
B87: output | C87: Elementary flow | D87: CO | E87: =(44/12)*Parameters!C102*(1-Parameters!C94)*((E6*1000*(1-Waste_characteristics!B4)*Waste_characteristics!B9)-((E13*(1-Parameters!C10)*Parameters!C12*(12/44)))-((E13*(Parameters!C10)*Parameters!C11*(12/16)))) -> 0.0098429429 | F87: kg
B88: output | C88: Technosphere flow | D88: compost | E88: =E82*(1-Parameters!C103) -> 0.20057406 | F88: t
B89: input | C89: Technosphere flow | D89: electricity | E89: =Parameters!C104*LCI!E82 -> 4.0590571 | F89: kWh
B90: input | C90: Technosphere flow | D90: diesel | E90: =Parameters!C105*LCI!E82*Parameters!C106 -> 0.58289683 | F90: kg
A93: Home Composting
B94: input | C94: Technosphere flow | D94: Waste | E94: 1 | F94: t
B95: output | C95: Elementary flow | D95: CH4 | E95: =[3]LCI!$B$4*1000 -> 0.34805 | F95: kg | G95: data from PaCTEA
B96: output | C96: Elementary flow | D96: N2O | E96: =[3]LCI!$B$6*1000 -> 0.070149 | F96: kg | G96: data from PaCTEA
B97: output | C97: Elementary flow | D97: NH3 | E97: =[3]LCI!$B$5*1000 -> 0.064732 | F97: kg | G97: data from PaCTEA
B98: input | C98: Technosphere flow | D98: Wood chips consumption | E98: =E94*(1/8)*1000 -> 125 | F98: kg | G98: data from PaCTEA
A100: Industrial composting
A101: Pretreatment | B101: input | C101: Technosphere flow | D101: Waste | E101: 1 | F101: t
B102: input | C102: Technosphere flow | D102: Electricity | E102: =E101*Parameters!C3 -> 9.98 | F102: kWh
B103: input | C103: Technosphere flow | D103: Water
B104: output | C104: Intermediate flow | D104: Pretreated biowaste | E104: =E101*Parameters!C5 -> 0.77 | F104: t
A105: Incineration | B105: input | C105: Intermediate flow | D105: discarded biowaste | E105: =E101*(1-Parameters!C5)*1000 -> 230 | F105: kg
A107: C/N correction | B107: input | C107: Technosphere flow | D107: Pretreated biowaste | E107: =E104 -> 0.77 | F107: t
B108: input | C108: Technosphere flow | D108: Wood chips consumption | E108: =E107*(1/8)*1000 -> 96.25 | F108: kg
B109: output | C109: Technosphere flow | D109: Biowaste+WC | E109: =E107+(E108/1000) -> 0.86625 | F109: t
A111: Active composting | B111: input | C111: Technosphere flow | D111: Biowaste+WC | E111: =E109 -> 0.86625 | F111: t
B112: output | C112: Elementary flow | D112: CH4 | E112: =[4]LCI!C4*1000 -> 0.1410178 | F112: kg | G112: data from PaCTEA
B113: output | C113: Elementary flow | D113: NH3 | E113: =[4]LCI!C5*1000 -> 0.1932546 | F113: kg | G113: data from PaCTEA
B114: output | C114: Elementary flow | D114: N2O | E114: =[4]LCI!C6*1000 -> 0.06009465 | F114: kg | G114: data from PaCTEA
B115: output | C115: Elementary flow | D115: CO2 | E115: =[4]LCI!C7*1000 -> 314.006 | F115: kg | G115: data from PaCTEA
B116: output | C116: Technosphere flow | D116: Electricity (aeration) | E116: =[4]LCI!$C$31*1000 -> 6.93 | F116: kWh | G116: data from PaCTEA
B117: output | C117: Technosphere flow | D117: Diesel | E117: =[4]LCI!$C$34*1000 -> 0 | F117: l | G117: data from PaCTEA

Sheet LCI_AD-a
A1: AD+CHP+Digestate
A2: Process | B2: Flow direction | C2: Flow type | D2: Flow name | E2: Value | F2: Unit
A3: Pretreatment | B3: input | C3: Technosphere flow | D3: Waste | E3: 1 | F3: t
B4: input | C4: Technosphere flow | D4: Electricity | E4: =E3*Parameters!C3 -> 9.98 | F4: kWh
B5: input | C5: Technosphere flow | D5: Water
B6: output | C6: Intermediate flow | D6: Pretreated biowaste | E6: =E3*Parameters!C5 -> 0.77 | F6: t
A7: Incineration | B7: input | C7: Intermediate flow | D7: transported discarded biowaste | E7: =E8*0.001*Parameters!C6 -> 2.3 | F7: tkm
B8: input | C8: Intermediate flow | D8: discarded biowaste | E8: =E3*(1-Parameters!C5)*1000 -> 230 | F8: kg
A9: AD | B9: input | C9: Intermediate flow | D9: Pretreated waste | E9: =E6 -> 0.77 | F9: t
B10: input | C10: Intermediate flow | D10: Electricity | E10: =Parameters!C14*E9 -> 22.33 | F10: kWh
B11: input | C11: Intermediate flow | D11: Heat | E11: =E9*Parameters!C15 -> 227.15 | F11: MJ
B12: output | C12: Elementary flow | D12: Methane | E12: =Parameters!C9*(Parameters!C7*(1-Waste_characteristics!B4))*E9*Parameters!C11*0.001 -> 1.5118454 | F12: kg
B13: output | C13: Intermediate flow | D13: Biogas | E13: =(((Parameters!C7*(1-Waste_characteristics!B4))/Parameters!C10)*0.001)-((E12/Parameters!C11)*(1/Parameters!C10)) -> 223.74985 | F13: m3
B14: output | C14: Technosphere flow | D14: Digestate | E14: =Parameters!C66*E9 -> 0.5558219 | F14: t
A15: CHP | B15: input | C15: Intermediate flow | D15: Biogas | E15: =E13 -> 223.74985 | F15: m3
B16: output | C16: Elementary flow | D16: Nitrogen Oxides (NOx) | E16: =E15*Parameters!C24 -> 0.036718365 | F16: kg
B17: output | C17: Elementary flow | D17: Volatile Organic Compounds (VOCs) | E17: =E15*Parameters!C25 -> 0.3538951 | F17: kg
B18: output | C18: Elementary flow | D18: Sulfur Dioxide (SO2) | E18: =E15*Parameters!C26 -> 0.0031472884 | F18: kg
B19: output | C19: Elementary flow | D19: Particulate Matter (PM) | E19: =LCI!E14*Parameters!C27 -> 0.0076933718 | F19: kg
B20: output | C20: Elementary flow | D20: Carbon Monoxide (CO) | E20: =E15*Parameters!C28 -> 0.23901907 | F20: kg
B21: output | C21: Elementary flow | D21: Ammonia (NH3) | E21: =E15*Parameters!C29 -> 0.014337647 | F21: kg
B22: output | C22: Elementary flow | D22: Methane (CH4) | E22: =E15*Parameters!C30 -> 0.96288796 | F22: kg
B23: output | C23: Elementary flow | D23: Nitrous Oxide (N2O) | E23: =LCI!E14*Parameters!C31 -> 0.022925904 | F23: kg
B24: output | C24: Technosphere flow | D24: Electricity | E24: =E15*Parameters!C10*Parameters!C20*Parameters!C19/3.6 -> 509.0309 | F24: kWh
B25: output | C25: Technosphere flow | D25: Heat | E25: =E15*Parameters!C10*Parameters!C20*Parameters!C18 -> 2161.4235 | F25: MJ
A26: Storage | B26: input | C26: Technosphere flow | D26: Digestate | E26: =E14 -> 0.5558219 | F26: t
B27: output | C27: Elementary flow | D27: CH4 | E27: =Parameters!C75*E9*1000 -> 1.338037 | F27: kg
B28: output | C28: Technosphere flow | D28: Digestate after storage | E28: =E26-(E27*0.001) -> 0.55448387 | F28: t
A29: Land application of digestate | B29: input | C29: Technosphere flow | D29: Digestate after storage | E29: =E28 -> 0.55448387 | F29: t
B30: output | C30: Elementary flow | D30: N2O | E30: =(Parameters!C82*'LCI_AD-a'!E9*1000*Parameters!C79*44/28)-(E36*Parameters!C123*Parameters!C125*44/28) -> 0.069747028 | F30: kg | H30: NET EMISSION TO BE calculated
B31: output | C31: Elementary flow | D31: NH3 | E31: =(Parameters!C82*'LCI_AD-a'!E9*1000*Parameters!C80*17/14)-(E36*Parameters!C123*Parameters!C124*17/14) -> 4.329404 | F31: kg
B32: output | C32: Elementary flow | D32: NO3 | E32: =(Parameters!C82*'LCI_AD-a'!E9*1000*Parameters!C81*62/14)-(E36*Parameters!C123*Parameters!C126*62/14) -> -1.8937605 | F32: kg
B33: output | C33: Elementary flow | D33: (PO4)3- | E33: =-Parameters!C129*'LCI_AD-a'!E37*Parameters!C128*0.001 -> -0.06209938 | F33: kg
B34: output | C34: Elementary flow | D34: CO2 fossil | E34: =-E39*Parameters!C136*Parameters!C134*44/12 -> -115.35192 | F34: kg
A35: Substituted products
C36: Technosphere flow | D36: N-fertilizer | E36: =(Parameters!C83/Parameters!C127)*FW_mass*1000*E6/Parameters!C123 -> 18.00888 | F36: kg | G36: NH4NO3
C37: Technosphere flow | D37: P-fertilizer | E37: =(Parameters!C86/Parameters!C131)*1000*'LCI_AD-a'!E9/Parameters!C128 -> 50.217839 | F37: kg | G37: single superphosphate
C38: Technosphere flow | D38: K-fertilizer | E38: =(Parameters!C85/Parameters!C132)*'LCI_AD-a'!E9*1000 -> 18.509017 | F38: kg
C39: Technosphere flow | D39: Peat | E39: =(Parameters!C84/Parameters!C136)*1000*E9 -> 157.62594 | F39: kg
C40: Technosphere flow | D40: Marginal heat | E40: =E25 -> 2161.4235 | F40: MJ
C41: Technosphere flow | D41: Marginal electricity | E41: =E24 -> 509.0309 | F41: kWh
A42: Use of products from biogas | C42: (already included in heat and electricity production processus)

Sheet LCI_AD-c
A1: AD+injection+Digestate
A2: Process | B2: Flow direction | C2: Flow type | D2: Flow name | E2: Value | F2: Unit
A3: Pretreatment | B3: input | C3: Technosphere flow | D3: Waste | E3: 1 | F3: t
B4: input | C4: Technosphere flow | D4: Electricity | E4: =E3*Parameters!C3 -> 9.98 | F4: kWh
B5: input | C5: Technosphere flow | D5: Water
B6: output | C6: Intermediate flow | D6: Pretreated biowaste | E6: =E3*Parameters!C5 -> 0.77 | F6: t
A7: Incineration | B7: input | C7: Intermediate flow | D7: transported discarded biowaste | E7: =E8*0.001*Parameters!C6 -> 2.3 | F7: tkm
B8: input | C8: Intermediate flow | D8: discarded biowaste | E8: =E3*(1-Parameters!C5)*1000 -> 230 | F8: kg
A9: AD | B9: input | C9: Intermediate flow | D9: Pretreated waste | E9: =E6 -> 0.77 | F9: t
B10: input | C10: Intermediate flow | D10: Electricity | E10: =Parameters!C14*E9 -> 22.33 | F10: kWh
B11: input | C11: Intermediate flow | D11: Heat | E11: =E9*Parameters!C15 -> 227.15 | F11: MJ
B12: output | C12: Elementary flow | D12: Methane | E12: =Parameters!C9*(Parameters!C7*(1-Waste_characteristics!B4))*E9*Parameters!C11*0.001 -> 1.5118454 | F12: kg
B13: output | C13: Intermediate flow | D13: Biogas | E13: =(((Parameters!C7*(1-Waste_characteristics!B4))/Parameters!C10)*0.001)-((E12/Parameters!C11)*(1/Parameters!C10)) -> 223.74985 | F13: m3
B14: output | C14: Technosphere flow | D14: Digestate | E14: =Parameters!C66*E9 -> 0.5558219 | F14: t
A15: Biogas upgrading | B15: input | C15: Technosphere flow | D15: Biogas | E15: =E13 -> 223.74985 | F15: m3
B16: output | C16: Elementary flow | D16: CO2 | E16: =E15*(1-Parameters!C10)*Parameters!C47*Parameters!C12 -> 174.55173 | F16: kg
B17: output | C17: Elementary flow | D17: CH4 | E17: =E15*Parameters!C10*Parameters!C48*Parameters!C11 -> 1.7398788 | F17: kg
B18: output | C18: Elementary flow | D18: H2S | E18: =Parameters!C49*E15 -> 0.0013424991 | F18: kg
B19: output | C19: Elementary flow | D19: Sox | E19: =E15*Parameters!C50 -> 0.001476749 | F19: kg
B20: input | C20: Technosphere flow | D20: Electricity requirement | E20: =E15*Parameters!C51 -> 76.074947 | F20: kWh
B21: input | C21: Technosphere flow | D21: Activated carbon | E21: =E15*Parameters!C52 -> 0.19913736 | F21: kg
B22: input | C22: Technosphere flow | D22: Zeolite | E22: =E15*Parameters!C53 -> 2.6626232 | F22: kg
B23: output | C23: Technosphere flow | D23: Biomethane | E23: =(E15*Parameters!C10*(1-Parameters!C48)) -> 131.83341 | F23: m3
A24: Storage | B24: input | C24: Technosphere flow | D24: Digestate | E24: ='LCI_AD-a'!E26 -> 0.5558219 | F24: t
B25: output | C25: Elementary flow | D25: CH4 | E25: ='LCI_AD-a'!E27 -> 1.338037 | F25: kg
B26: output | C26: Technosphere flow | D26: Digestate after storage | E26: ='LCI_AD-a'!E28 -> 0.55448387 | F26: t
A27: Land application of digestate | B27: input | C27: Technosphere flow | D27: Digestate after storage | E27: ='LCI_AD-a'!E29 -> 0.55448387 | F27: t
B28: output | C28: Elementary flow | D28: N2O | E28: ='LCI_AD-a'!E30 -> 0.069747028 | F28: kg
B29: output | C29: Elementary flow | D29: NH3 | E29: ='LCI_AD-a'!E31 -> 4.329404 | F29: kg
B30: output | C30: Elementary flow | D30: NO3 | E30: ='LCI_AD-a'!E32 -> -1.8937605 | F30: kg
B31: output | C31: Elementary flow | D31: (PO4)3- | E31: ='LCI_AD-a'!E33 -> -0.06209938 | F31: kg
B32: output | C32: Elementary flow | D32: CO2 fossil | E32: ='LCI_AD-a'!E34 -> -115.35192 | F32: kg
A33: Substituted products
C34: Technosphere flow | D34: N-fertilizer | E34: ='LCI_AD-a'!E36 -> 18.00888 | F34: kg
C35: Technosphere flow | D35: P-fertilizer | E35: ='LCI_AD-a'!E37 -> 50.217839 | F35: kg
C36: Technosphere flow | D36: K-fertilizer | E36: ='LCI_AD-a'!E38 -> 18.509017 | F36: kg
C37: Technosphere flow | D37: Peat | E37: ='LCI_AD-a'!E39 -> 157.62594 | F37: kg
C38: Technosphere flow | D38: Gas | E38: =E23 -> 131.83341 | F38: m3 | G38: =E38/J40 -> 4394.447 | H38: MJ
A39: Use of biomethane
B40: output | C40: Elementary flow | D40: CO2 fossil | E40: =-I41*G38 -> -260.85437 | F40: kg | I40: 1 MJ | J40: 0.03 | K40: m3
B41: output | C41: Elementary flow | D41: CO2 non-fossil | E41: =G38*I41 -> 260.85437 | F41: kg | H41: CO2 | I41: 0.05936 | J41: kg/MJ
B42: output | C42: Elementary flow | D42: CH4 fossil | E42: =-I42*G38 -> -0.0093162276 | F42: kg | H42: CH4 | I42: 2.12e-06 | J42: kg/MJ
B43: output | C43: Elementary flow | D43: CH4 non-fossil | E43: =I42*G38 -> 0.0093162276 | F43: kg

Sheet LCI_AD-d
A1: AD+injection+Composting of digestate
A2: Process | B2: Flow direction | C2: Flow type | D2: Flow name | E2: Value | F2: Unit
A3: Pretreatment | B3: input | C3: Technosphere flow | D3: Waste | E3: 1 | F3: t
B4: input | C4: Technosphere flow | D4: Electricity | E4: =E3*Parameters!C3 -> 9.98 | F4: kWh
B5: input | C5: Technosphere flow | D5: Water
B6: output | C6: Intermediate flow | D6: Pretreated biowaste | E6: =E3*Parameters!C5 -> 0.77 | F6: t
A7: Incineration | B7: input | C7: Intermediate flow | D7: transported discarded biowaste | E7: =E8*0.001*Parameters!C6 -> 2.3 | F7: tkm
B8: input | C8: Intermediate flow | D8: discarded biowaste | E8: =E3*(1-Parameters!C5)*1000 -> 230 | F8: kg
A9: AD | B9: input | C9: Intermediate flow | D9: Pretreated waste | E9: =E6 -> 0.77 | F9: t
B10: input | C10: Intermediate flow | D10: Electricity | E10: =Parameters!C14*E9 -> 22.33 | F10: kWh
B11: input | C11: Intermediate flow | D11: Heat | E11: =E9*Parameters!C15 -> 227.15 | F11: MJ
B12: output | C12: Elementary flow | D12: Methane | E12: =Parameters!C9*(Parameters!C7*(1-Waste_characteristics!B4))*E9*Parameters!C11*0.001 -> 1.5118454 | F12: kg
B13: output | C13: Intermediate flow | D13: Biogas | E13: =(((Parameters!C7*(1-Waste_characteristics!B4))/Parameters!C10)*0.001)-((E12/Parameters!C11)*(1/Parameters!C10)) -> 223.74985 | F13: m3
B14: output | C14: Technosphere flow | D14: Digestate | E14: =Parameters!C66*E9 -> 0.5558219 | F14: t
A15: Biogas upgrading | B15: input | C15: Technosphere flow | D15: Biogas | E15: =E13 -> 223.74985 | F15: m3
B16: output | C16: Elementary flow | D16: CO2 | E16: =E15*(1-Parameters!C10)*Parameters!C47*Parameters!C12 -> 174.55173 | F16: kg
B17: output | C17: Elementary flow | D17: CH4 | E17: =E15*Parameters!C10*Parameters!C48*Parameters!C11 -> 1.7398788 | F17: kg
B18: output | C18: Elementary flow | D18: H2S | E18: =Parameters!C49*E15 -> 0.0013424991 | F18: kg
B19: output | C19: Elementary flow | D19: Sox | E19: =E15*Parameters!C50 -> 0.001476749 | F19: kg
B20: input | C20: Technosphere flow | D20: Electricity requirement | E20: =E15*Parameters!C51 -> 76.074947 | F20: kWh
B21: input | C21: Technosphere flow | D21: Activated carbon | E21: =E15*Parameters!C52 -> 0.19913736 | F21: kg
B22: input | C22: Technosphere flow | D22: Zeolite | E22: =E15*Parameters!C53 -> 2.6626232 | F22: kg
B23: output | C23: Technosphere flow | D23: Biomethane | E23: =(E15*Parameters!C10*(1-Parameters!C48)) -> 131.83341 | F23: m3
A24: Dewatering | B24: input | C24: Technosphere flow | D24: Digestate | E24: =E14 -> 0.5558219 | F24: t
B25: input | C25: Technosphere flow | D25: electricity | E25: =E24*Parameters!C90*1000 -> 2.0184752 | F25: kWh
B26: output | C26: Technosphere flow | D26: dewatered digestate | E26: =Parameters!C68*Parameters!C88*(1/Parameters!C89)*E9 -> 0.2970039 | F26: t
B27: output | C27: Technosphere flow | D27: wastewater | E27: =(E24-E26)*1000/Parameters!C70 -> 0.25911227 | F27: m3
A28: Composting of digestate | B28: input | C28: Technosphere flow | D28: dewatered digestate | E28: =E26 -> 0.2970039 | F28: t
B29: output | C29: Elementary flow | D29: CH4 | E29: =(16/12)*Parameters!C98*(1-Parameters!C94)*((E6*1000*(1-Waste_characteristics!B4)*Waste_characteristics!B9)-((E13*(1-Parameters!C10)*Parameters!C12*(12/44)))-((E13*(Parameters!C10)*Parameters!C11*(12/16)))) -> 0.088228561 | F29: kg
B30: output | C30: Elementary flow | D30: N2O | E30: =(E6*1000*(1-Waste_characteristics!B4)*Waste_characteristics!B8)*(1-Parameters!C91)*Parameters!C99*(44/28) -> 0.062318617 | F30: kg
B31: output | C31: Elementary flow | D31: NH3 | E31: =(E6*1000*(1-Waste_characteristics!B4)*Waste_characteristics!B8)*(1-Parameters!C91)*Parameters!C100*(17/14) -> 0.20275914 | F31: kg
B32: output | C32: Elementary flow | D32: NMVOC | E32: =E28*Parameters!C101 -> 0.030888406 | F32: kg
B33: output | C33: Elementary flow | D33: CO | E33: =(44/12)*Parameters!C102*(1-Parameters!C94)*((E6*1000*(1-Waste_characteristics!B4)*Waste_characteristics!B9)-((E14*(1-Parameters!C10)*Parameters!C12*(12/44)))-((E14*(Parameters!C10)*Parameters!C11*(12/16)))) -> 0.12509677 | F33: kg
B34: output | C34: Technosphere flow | D34: compost | E34: =E28*(1-Parameters!C103) -> 0.15444203 | F34: t
B35: input | C35: Technosphere flow | D35: electricity | E35: =E28*Parameters!C104 -> 3.1254739 | F35: kWh
B36: input | C36: Technosphere flow | D36: diesel | E36: =E28*Parameters!C105*Parameters!C106 -> 0.44883056 | F36: kg
A37: Land application of compost
B38: output | C38: Elementary flow | D38: N2O | E38: ='LCI_AD-b'!E40 -> 0.013194214 | F38: kg
B39: output | C39: Elementary flow | D39: NH3 | E39: ='LCI_AD-b'!E41 -> 0.078947678 | F39: kg
B40: output | C40: Elementary flow | D40: NO3 | E40: ='LCI_AD-b'!E42 -> 2.6495849 | F40: kg
B41: output | C41: Elementary flow | D41: (PO4)3- | E41: ='LCI_AD-b'!E43 -> -0.039495206 | F41: kg
B42: output | C42: Elementary flow | D42: CO2 fossil | E42: ='LCI_AD-b'!E44 -> -30.816321 | F42: kg
A43: Substituted products | E43: ='LCI_AD-b'!E45 -> 0 | F43: kg
C44: Technosphere flow | D44: N-fertilizer | E44: ='LCI_AD-b'!E46 -> 9.8391403 | F44: kg
C45: Technosphere flow | D45: P-fertilizer | E45: ='LCI_AD-b'!E47 -> 31.938546 | F45: kg
C46: Technosphere flow | D46: K-fertilizer | E46: ='LCI_AD-b'!E48 -> 2.8466868 | F46: kg
C47: Technosphere flow | D47: Peat | E47: ='LCI_AD-b'!E49 -> 42.109845 | F47: kg
C48: Technosphere flow | D48: Gas | E48: =E23 -> 131.83341 | F48: m3
A49: Use of biomethane
B50: output | C50: Elementary flow | D50: CO2 fossil | E50: ='LCI_AD-c'!E40 -> -260.85437 | F50: kg
B51: output | C51: Elementary flow | D51: CO2 non-fossil | E51: ='LCI_AD-c'!E41 -> 260.85437 | F51: kg
B52: output | C52: Elementary flow | D52: CH4 fossil | E52: ='LCI_AD-c'!E42 -> -0.0093162276 | F52: kg
B53: output | C53: Elementary flow | D53: CH4 non-fossil | E53: ='LCI_AD-c'!E43 -> 0.0093162276 | F53: kg

Sheet params_HC
B2: Technology | I2: Pretratment technology
B3: Pretreatement technology | C3: 1 | D3: (don't select if home composting) | I3: 0 | J3: None
B4: Ratio Biowaste/WC | C4: 8_1 | I4: 1 | J4: Drum-screen + Shredder + Piston press
B5: Aeration mode for industrial composting | C5: Active | D5: (don't select if home composting) | I5: 2 | J5: Shredder + Piston press + Screw press
B6: Distance of biowaste collection | C6: 20 | D6: km | I6: 3 | J6: Separation-mill
B7: Distance of compost transport from composting site to land | C7: 20 | D7: km | I7: 4 | J7: Pulp + Drum-screen

Sheet LCI_HC
A1: Home Composting
A2: Process | B2: Flow direction | C2: Flow type | D2: Flow name | E2: Value | F2: Unit
A3: Home composting | B3: input | C3: Technosphere flow | D3: Waste | E3: 1 | F3: t
B4: output | C4: Elementary flow | D4: CH4 | E4: =[3]LCI!$B$4*1000 -> 0.34805 | F4: kg | G4: data from PaCTEA
B5: output | C5: Elementary flow | D5: N2O | E5: =[3]LCI!$B$6*1000 -> 0.070149 | F5: kg | G5: data from PaCTEA
B6: output | C6: Elementary flow | D6: NH3 | E6: =[3]LCI!$B$5*1000 -> 0.064732 | F6: kg | G6: data from PaCTEA
B7: input | C7: Technosphere flow | D7: Wood chips consumption | E7: =E3*(1/8)*1000 -> 125 | F7: kg | G7: data from PaCTEA
A8: Land application
B9: output | C9: Elementary flow | D9: NH3 | E9: =[3]LCI!$C$18*1000 -> 0.36486015 | F9: kg | G9: data from PaCTEA
B10: output | C10: Elementary flow | D10: N2O | E10: =[3]LCI!$C$19*1000 -> 0.13095325 | F10: kg | G10: data from PaCTEA
B11: output | C11: Elementary flow | D11: NO3 | E11: =[3]LCI!$C$20*1000 -> 13.608329 | F11: kg | G11: data from PaCTEA
B12: output | C12: Elementary flow | D12: (PO4)3- | E12: =[3]LCI!$C$22*1000 -> -0.08127857 | F12: kg | G12: data from PaCTEA
B13: output | C13: Elementary flow | D13: CO2 fossil | E13: 0 | F13: kg | G13: data from PaCTEA
A14: Substitued products
C15: Technosphere flow | D15: N-fertilizer | E15: 0 | F15: kg | G15: data from PaCTEA
C16: Technosphere flow | D16: P-fertilizer | E16: 0 | F16: kg | G16: data from PaCTEA
C17: Technosphere flow | D17: K-fertilizer | E17: 0 | F17: kg | G17: data from PaCTEA
C18: Technosphere flow | D18: Peat | E18: 0 | F18: kg | G18: data from PaCTEA

Sheet LCIA_HC
A2: RECIPE - MIDPOINT
A3: Process | C3: acidification: terrestrial - terrestrial acidification potential (TAP) | D3: climate change - global warming potential (GWP100) | E3: ecotoxicity: freshwater - freshwater ecotoxicity potential (FETP) | F3: ecotoxicity: marine - marine ecotoxicity potential (METP) | G3: ecotoxicity: terrestrial - terrestrial ecotoxicity potential (TETP) | H3: energy resources: non-renewable, fossil - fossil fuel potential (FFP) | I3: eutrophication: freshwater - freshwater eutrophication potential (FEP) | J3: eutrophication: marine - marine eutrophication potential (MEP) | K3: human toxicity: carcinogenic - human toxicity potential (HTPc) | L3: human toxicity: non-carcinogenic - human toxicity potential (HTPnc) | M3: ionising radiation - ionising radiation potential (IRP) | N3: land use - agricultural land occupation (LOP) | O3: material resources: metals/minerals - surplus ore potential (SOP) | P3: ozone depletion - ozone depletion potential (ODPinfinite) | Q3: particulate matter formation - particulate matter formation potential (PMFP) | R3: photochemical oxidant formation: human health - photochemical oxidant formation potential: humans (HOFP) | S3: photochemical oxidant formation: terrestrial ecosystems - photochemical oxidant formation potential: ecosystems (EOFP) | T3: water use - water consumption potential (WCP)
A4: Composting | C4: =SUM(C5:C7) -> 0.12687472 | D4: =SUM(D5:D7) -> 32.738102 | E4: =SUM(E5:E7) -> 0 | F4: =SUM(F5:F7) -> 0 | G4: =SUM(G5:G7) -> 0 | H4: =SUM(H5:H7) -> 0 | I4: =SUM(I5:I7) -> 0 | J4: =SUM(J5:J7) -> 0 | ... T4: =SUM(T5:T7) -> 0
B5: CH4 | C5: =LCI_HC!$E4*impact_process_mid!C11 -> 0 | D5: =LCI_HC!$E4*impact_process_mid!D11 -> 11.8337 | E5: =LCI_HC!$E4*impact_process_mid!E11 -> 0 | F5: =LCI_HC!$E4*impact_process_mid!F11 -> 0 | G5: =LCI_HC!$E4*impact_process_mid!G11 -> 0 | H5: =LCI_HC!$E4*impact_process_mid!H11 -> 0 | I5: =LCI_HC!$E4*impact_process_mid!I11 -> 0 | J5: =LCI_HC!$E4*impact_process_mid!J11 -> 0 | ... T5: =LCI_HC!$E4*impact_process_mid!T11 -> 0
B6: NH3 | C6: =LCI_HC!$E6*impact_process_mid!C17 -> 0.12687472 | D6: =LCI_HC!$E6*impact_process_mid!D17 -> 0 | E6: =LCI_HC!$E6*impact_process_mid!E17 -> 0 | F6: =LCI_HC!$E6*impact_process_mid!F17 -> 0 | G6: =LCI_HC!$E6*impact_process_mid!G17 -> 0 | H6: =LCI_HC!$E6*impact_process_mid!H17 -> 0 | I6: =LCI_HC!$E6*impact_process_mid!I17 -> 0 | J6: =LCI_HC!$E6*impact_process_mid!J17 -> 0 | ... T6: =LCI_HC!$E6*impact_process_mid!T17 -> 0
B7: N2O | C7: =LCI_HC!$E5*impact_process_mid!C19 -> 0 | D7: =LCI_HC!$E5*impact_process_mid!D19 -> 20.904402 | E7: =LCI_HC!$E5*impact_process_mid!E19 -> 0 | F7: =LCI_HC!$E5*impact_process_mid!F19 -> 0 | G7: =LCI_HC!$E5*impact_process_mid!G19 -> 0 | H7: =LCI_HC!$E5*impact_process_mid!H19 -> 0 | I7: =LCI_HC!$E5*impact_process_mid!I19 -> 0 | J7: =LCI_HC!$E5*impact_process_mid!J19 -> 0 | ... T7: =LCI_HC!$E5*impact_process_mid!T19 -> 0
B8: Wood chips | C8: =LCI_HC!$E7*impact_process_mid!C33 -> 0.014295467 | D8: =LCI_HC!$E7*impact_process_mid!D33 -> 5.7556617 | E8: =LCI_HC!$E7*impact_process_mid!E33 -> 0.12930887 | F8: =LCI_HC!$E7*impact_process_mid!F33 -> 0.20158553 | G8: =LCI_HC!$E7*impact_process_mid!G33 -> 57.734745 | H8: =LCI_HC!$E7*impact_process_mid!H33 -> 1.7373117 | I8: =LCI_HC!$E7*impact_process_mid!I33 -> 0.0019765582 | J8: =LCI_HC!$E7*impact_process_mid!J33 -> 0.00031560347 | ... T8: =LCI_HC!$E7*impact_process_mid!T33 -> 0.026932346
A9: Land application
A13: RECIPE - ENDPOINT
A14: Process | C14: ecosystem quality - acidification: terrestrial | D14: ecosystem quality - climate change: freshwater ecosystems | E14: ecosystem quality - climate change: terrestrial ecosystems | F14: ecosystem quality - ecotoxicity: freshwater | G14: ecosystem quality - ecotoxicity: marine | H14: ecosystem quality - ecotoxicity: terrestrial | I14: ecosystem quality - eutrophication: freshwater | J14: ecosystem quality - eutrophication: marine | K14: ecosystem quality - land use | L14: ecosystem quality - photochemical oxidant formation: terrestrial ecosystems | M14: ecosystem quality - water use: aquatic ecosystems | N14: ecosystem quality - water use: terrestrial ecosystems | O14: human health - climate change: human health | P14: human health - human toxicity: carcinogenic | Q14: human health - human toxicity: non-carcinogenic | R14: human health - ionising radiation | S14: human health - ozone depletion | T14: human health - particulate matter formation | U14: human health - photochemical oxidant formation: human health | V14: human health - water use: human health | W14: natural resources - energy resources: non-renewable, fossil | X14: natural resources - material resources: metals/minerals | Y14: total: ecosystem quality - ecosystem quality | Z14: total: human health - human health | AA14: total: natural resources - natural resources
A15: Composting
B16: CH4 | C16: =LCI_HC!$E4*impact_process_end!C11 -> 0 | D16: =LCI_HC!$E4*impact_process_end!D11 -> 9.0493e-13 | E16: =LCI_HC!$E4*impact_process_end!E11 -> 3.313436e-08 | F16: =LCI_HC!$E4*impact_process_end!F11 -> 0 | G16: =LCI_HC!$E4*impact_process_end!G11 -> 0 | H16: =LCI_HC!$E4*impact_process_end!H11 -> 0 | I16: =LCI_HC!$E4*impact_process_end!I11 -> 0 | J16: =LCI_HC!$E4*impact_process_end!J11 -> 0 | ... AA16: =LCI_HC!$E4*impact_process_end!AA11 -> 0
B17: NH3 | C17: =LCI_HC!$E6*impact_process_end!C17 -> 2.6928512e-08 | D17: =LCI_HC!$E6*impact_process_end!D17 -> 0 | E17: =LCI_HC!$E6*impact_process_end!E17 -> 0 | F17: =LCI_HC!$E6*impact_process_end!F17 -> 0 | G17: =LCI_HC!$E6*impact_process_end!G17 -> 0 | H17: =LCI_HC!$E6*impact_process_end!H17 -> 0 | I17: =LCI_HC!$E6*impact_process_end!I17 -> 0 | J17: =LCI_HC!$E6*impact_process_end!J17 -> 0 | ... AA17: =LCI_HC!$E6*impact_process_end!AA17 -> 0
B18: N2O | C18: =LCI_HC!$E5*impact_process_end!C19 -> 0 | D18: =LCI_HC!$E5*impact_process_end!D19 -> 1.5993972e-12 | E18: =LCI_HC!$E5*impact_process_end!E19 -> 5.8504266e-08 | F18: =LCI_HC!$E5*impact_process_end!F19 -> 0 | G18: =LCI_HC!$E5*impact_process_end!G19 -> 0 | H18: =LCI_HC!$E5*impact_process_end!H19 -> 0 | I18: =LCI_HC!$E5*impact_process_end!I19 -> 0 | J18: =LCI_HC!$E5*impact_process_end!J19 -> 0 | ... AA18: =LCI_HC!$E5*impact_process_end!AA19 -> 0
B19: Wood chips | C19: =LCI_HC!$E7*impact_process_end!C33 -> 3.030288e-09 | D19: =LCI_HC!$E7*impact_process_end!D33 -> 4.4028427e-13 | E19: =LCI_HC!$E7*impact_process_end!E33 -> 1.6121281e-08 | F19: =LCI_HC!$E7*impact_process_end!F33 -> 8.9550842e-11 | G19: =LCI_HC!$E7*impact_process_end!G33 -> 2.1182825e-11 | H19: =LCI_HC!$E7*impact_process_end!H33 -> 6.5822853e-10 | I19: =LCI_HC!$E7*impact_process_end!I33 -> 1.3248147e-09 | J19: =LCI_HC!$E7*impact_process_end!J33 -> 5.3657236e-13 | ... AA19: =LCI_HC!$E7*impact_process_end!AA33 -> 0.7227007
A28: IMPACT WORLD + ENDPOINT
A29: Process | C29: Climate change, ecosystem quality, long term | D29: Climate change, ecosystem quality, short term | E29: Climate change, human health, long term | F29: Climate change, human health, short term | G29: Fisheries impact | H29: Freshwater acidification | I29: Freshwater ecotoxicity, long term | J29: Freshwater ecotoxicity, short term | K29: Freshwater eutrophication | L29: Human toxicity cancer, long term | M29: Human toxicity cancer, short term | N29: Human toxicity non-cancer, long term | O29: Human toxicity non-cancer, short term | P29: Ionizing radiations, ecosystem quality | Q29: Ionizing radiations, human health | R29: Land occupation, biodiversity | S29: Land transformation, biodiversity | T29: Marine acidification, long term | U29: Marine acidification, short term | V29: Marine ecotoxicity, long term | W29: Marine ecotoxicity, short term | X29: Marine eutrophication | Y29: Ozone layer depletion | Z29: Particulate matter formation | AA29: Photochemical ozone formation, ecosystem quality | AB29: Photochemical ozone formation, human health | AC29: Terrestrial acidification | AD29: Terrestrial ecotoxicity, long term | AE29: Terrestrial ecotoxicity, short term | AF29: Thermally polluted water | AG29: Total ecosystem quality | AH29: Total human health | AI29: Water availability, freshwater ecosystem | AJ29: Water availability, human health | AK29: Water availability, terrestrial ecosystem
A30: Composting | C30: =SUM(C31:C34) -> 5.9124722 | D30: =SUM(D31:D34) -> 4.1174273 | E30: =SUM(E31:E34) -> 7.9682226e-05 | F30: =SUM(F31:F34) -> 5.5490464e-05 | G30: =SUM(G31:G34) -> 5.6277794e-18 | H30: =SUM(H31:H34) -> 0.15195189 | I30: =SUM(I31:I34) -> 0.51155103 | J30: =SUM(J31:J34) -> 0.087051064 | ... AK30: =SUM(AK31:AK34) -> 0.00034125772
B31: CH4 | C31: =LCI_HC!$E4*'IW+_end'!C12 -> 0.21593705 | D31: =LCI_HC!$E4*'IW+_end'!D12 -> 0.82011228 | E31: =LCI_HC!$E4*'IW+_end'!E12 -> 2.9101777e-06 | F31: =LCI_HC!$E4*'IW+_end'!F12 -> 1.1052641e-05 | G31: =LCI_HC!$E4*'IW+_end'!G12 -> 0 | H31: =LCI_HC!$E4*'IW+_end'!H12 -> 0 | I31: =LCI_HC!$E4*'IW+_end'!I12 -> 0 | J31: =LCI_HC!$E4*'IW+_end'!J12 -> 0 | ... AK31: =LCI_HC!$E4*'IW+_end'!AK12 -> 0
B32: NH3 | C32: =LCI_HC!$E6*'IW+_end'!C18 -> 0 | D32: =LCI_HC!$E6*'IW+_end'!D18 -> 0 | E32: =LCI_HC!$E6*'IW+_end'!E18 -> 0 | F32: =LCI_HC!$E6*'IW+_end'!F18 -> 0 | G32: =LCI_HC!$E6*'IW+_end'!G18 -> 0 | H32: =LCI_HC!$E6*'IW+_end'!H18 -> 0.11954159 | I32: =LCI_HC!$E6*'IW+_end'!I18 -> 0 | J32: =LCI_HC!$E6*'IW+_end'!J18 -> 0 | ... AK32: =LCI_HC!$E6*'IW+_end'!AK18 -> 0
B33: N2O | C33: =LCI_HC!$E5*'IW+_end'!C20 -> 3.5672544 | D33: =LCI_HC!$E5*'IW+_end'!D20 -> 2.6464982 | E33: =LCI_HC!$E5*'IW+_end'!E20 -> 4.8075789e-05 | F33: =LCI_HC!$E5*'IW+_end'!F20 -> 3.5666784e-05 | G33: =LCI_HC!$E5*'IW+_end'!G20 -> 0 | H33: =LCI_HC!$E5*'IW+_end'!H20 -> 0 | I33: =LCI_HC!$E5*'IW+_end'!I20 -> 0 | J33: =LCI_HC!$E5*'IW+_end'!J20 -> 0 | ... AK33: =LCI_HC!$E5*'IW+_end'!AK20 -> 0
B34: Wood chips | C34: =LCI_HC!$E7*'IW+_end'!C35 -> 2.1292808 | D34: =LCI_HC!$E7*'IW+_end'!D35 -> 0.65081677 | E34: =LCI_HC!$E7*'IW+_end'!E35 -> 2.8696259e-05 | F34: =LCI_HC!$E7*'IW+_end'!F35 -> 8.7710397e-06 | G34: =LCI_HC!$E7*'IW+_end'!G35 -> 5.6277794e-18 | H34: =LCI_HC!$E7*'IW+_end'!H35 -> 0.032410306 | I34: =LCI_HC!$E7*'IW+_end'!I35 -> 0.51155103 | J34: =LCI_HC!$E7*'IW+_end'!J35 -> 0.087051064 | ... AK34: =LCI_HC!$E7*'IW+_end'!AK35 -> 0.00034125772
A35: Land application | C35: =SUM(C36:C40) -> 6.6593046 | D35: =SUM(D36:D40) -> 4.9404488 | E35: =SUM(E36:E40) -> 8.9747264e-05 | F35: =SUM(F36:F40) -> 6.6582292e-05 | G35: =SUM(G36:G40) -> 0 | H35: =SUM(H36:H40) -> 0.6737929 | I35: =SUM(I36:I40) -> 0 | J35: =SUM(J36:J40) -> 1.5513495e-09 | ... AK35: =SUM(AK36:AK40) -> 0
B36: NH3 | C36: =LCI_HC!$E9*'IW+_end'!C18 -> 0 | D36: =LCI_HC!$E9*'IW+_end'!D18 -> 0 | E36: =LCI_HC!$E9*'IW+_end'!E18 -> 0 | F36: =LCI_HC!$E9*'IW+_end'!F18 -> 0 | G36: =LCI_HC!$E9*'IW+_end'!G18 -> 0 | H36: =LCI_HC!$E9*'IW+_end'!H18 -> 0.6737929 | I36: =LCI_HC!$E9*'IW+_end'!I18 -> 0 | J36: =LCI_HC!$E9*'IW+_end'!J18 -> 0 | ... AK36: =LCI_HC!$E9*'IW+_end'!AK18 -> 0
B37: N2O | C37: =LCI_HC!$E10*'IW+_end'!C20 -> 6.6593046 | D37: =LCI_HC!$E10*'IW+_end'!D20 -> 4.9404488 | E37: =LCI_HC!$E10*'IW+_end'!E20 -> 8.9747264e-05 | F37: =LCI_HC!$E10*'IW+_end'!F20 -> 6.6582292e-05 | G37: =LCI_HC!$E10*'IW+_end'!G20 -> 0 | H37: =LCI_HC!$E10*'IW+_end'!H20 -> 0 | I37: =LCI_HC!$E10*'IW+_end'!I20 -> 0 | J37: =LCI_HC!$E10*'IW+_end'!J20 -> 0 | ... AK37: =LCI_HC!$E10*'IW+_end'!AK20 -> 0
B38: NO3 | C38: =LCI_HC!$E11*impact_process_end!C20 -> 0 | D38: =LCI_HC!$E11*impact_process_end!D20 -> 0 | E38: =LCI_HC!$E11*impact_process_end!E20 -> 0 | F38: =LCI_HC!$E11*impact_process_end!F20 -> 0 | G38: =LCI_HC!$E11*impact_process_end!G20 -> 0 | H38: =LCI_HC!$E11*impact_process_end!H20 -> 0 | I38: =LCI_HC!$E11*impact_process_end!I20 -> 0 | J38: =LCI_HC!$E11*impact_process_end!J20 -> 1.5513495e-09 | ... AK38: =LCI_HC!$E11*impact_process_end!AK20 -> 0
B39: (PO4)3- | C39: =LCI_HC!$E12*'IW+_end'!C25 -> 0 | D39: =LCI_HC!$E12*'IW+_end'!D25 -> 0 | E39: =LCI_HC!$E12*'IW+_end'!E25 -> 0 | F39: =LCI_HC!$E12*'IW+_end'!F25 -> 0 | G39: =LCI_HC!$E12*'IW+_end'!G25 -> 0 | H39: =LCI_HC!$E12*'IW+_end'!H25 -> 0 | I39: =LCI_HC!$E12*'IW+_end'!I25 -> 0 | J39: =LCI_HC!$E12*'IW+_end'!J25 -> 0 | ... AK39: =LCI_HC!$E12*'IW+_end'!AK25 -> 0
B40: CO2 fossil | C40: =LCI_HC!$E13*'IW+_end'!C26 -> 0 | D40: =LCI_HC!$E13*'IW+_end'!D26 -> 0 | E40: =LCI_HC!$E13*'IW+_end'!E26 -> 0 | F40: =LCI_HC!$E13*'IW+_end'!F26 -> 0 | G40: =LCI_HC!$E13*'IW+_end'!G26 -> 0 | H40: =LCI_HC!$E13*'IW+_end'!H26 -> 0 | I40: =LCI_HC!$E13*'IW+_end'!I26 -> 0 | J40: =LCI_HC!$E13*'IW+_end'!J26 -> 0 | ... AK40: =LCI_HC!$E13*'IW+_end'!AK26 -> 0
A41: Substitued products | C41: =SUM(C42:C45) -> 0 | D41: =SUM(D42:D45) -> 0 | E41: =SUM(E42:E45) -> 0 | F41: =SUM(F42:F45) -> 0 | G41: =SUM(G42:G45) -> 0 | H41: =SUM(H42:H45) -> 0 | I41: =SUM(I42:I45) -> 0 | J41: =SUM(J42:J45) -> 0 | ... AK41: =SUM(AK42:AK45) -> 0
B42: N-fertilizer | C42: =LCI_HC!$E15*'IW+_end'!C28 -> 0 | D42: =LCI_HC!$E15*'IW+_end'!D28 -> 0 | E42: =LCI_HC!$E15*'IW+_end'!E28 -> 0 | F42: =LCI_HC!$E15*'IW+_end'!F28 -> 0 | G42: =LCI_HC!$E15*'IW+_end'!G28 -> 0 | H42: =LCI_HC!$E15*'IW+_end'!H28 -> 0 | I42: =LCI_HC!$E15*'IW+_end'!I28 -> 0 | J42: =LCI_HC!$E15*'IW+_end'!J28 -> 0 | ... AK42: =LCI_HC!$E15*'IW+_end'!AK28 -> 0
B43: P-fertilizer | C43: =LCI_HC!$E16*'IW+_end'!C30 -> 0 | D43: =LCI_HC!$E16*'IW+_end'!D30 -> 0 | E43: =LCI_HC!$E16*'IW+_end'!E30 -> 0 | F43: =LCI_HC!$E16*'IW+_end'!F30 -> 0 | G43: =LCI_HC!$E16*'IW+_end'!G30 -> 0 | H43: =LCI_HC!$E16*'IW+_end'!H30 -> 0 | I43: =LCI_HC!$E16*'IW+_end'!I30 -> 0 | J43: =LCI_HC!$E16*'IW+_end'!J30 -> 0 | ... AK43: =LCI_HC!$E16*'IW+_end'!AK30 -> 0
B44: K-fertilizer | C44: =LCI_HC!$E17*'IW+_end'!C29 -> 0 | D44: =LCI_HC!$E17*'IW+_end'!D29 -> 0 | E44: =LCI_HC!$E17*'IW+_end'!E29 -> 0 | F44: =LCI_HC!$E17*'IW+_end'!F29 -> 0 | G44: =LCI_HC!$E17*'IW+_end'!G29 -> 0 | H44: =LCI_HC!$E17*'IW+_end'!H29 -> 0 | I44: =LCI_HC!$E17*'IW+_end'!I29 -> 0 | J44: =LCI_HC!$E17*'IW+_end'!J29 -> 0 | ... AK44: =LCI_HC!$E17*'IW+_end'!AK29 -> 0
B45: Peat | C45: =LCI_HC!$E18*'IW+_end'!C31 -> 0 | D45: =LCI_HC!$E18*'IW+_end'!D31 -> 0 | E45: =LCI_HC!$E18*'IW+_end'!E31 -> 0 | F45: =LCI_HC!$E18*'IW+_end'!F31 -> 0 | G45: =LCI_HC!$E18*'IW+_end'!G31 -> 0 | H45: =LCI_HC!$E18*'IW+_end'!H31 -> 0 | I45: =LCI_HC!$E18*'IW+_end'!I31 -> 0 | J45: =LCI_HC!$E18*'IW+_end'!J31 -> 0 | ... AK45: =LCI_HC!$E18*'IW+_end'!AK31 -> 0
A48: IMPACT WORLD + MIDPOINT
A49: Process | C49: Climate change, long term | D49: Climate change, short term | E49: Fossil and nuclear energy use | F49: Freshwater acidification | G49: Freshwater ecotoxicity | H49: Freshwater eutrophication | I49: Human toxicity cancer | J49: Human toxicity non-cancer | K49: Ionizing radiations | L49: Land occupation, biodiversity | M49: Land transformation, biodiversity | N49: Marine eutrophication | O49: Mineral resources use | P49: Ozone layer depletion | Q49: Particulate matter formation | R49: Photochemical ozone formation | S49: Terrestrial acidification | T49: Water scarcity
A50: Composting | C50: =SUM(C51:C54) -> 23.266495 | D50: =SUM(D51:D54) -> 34.264521 | E50: =SUM(E51:E54) -> 89.514107 | F50: =SUM(F51:F54) -> 0.05979692 | G50: =SUM(G51:G54) -> 1068.2938 | H50: =SUM(H51:H54) -> 0.005492882 | I50: =SUM(I51:I54) -> 1.1845593e-07 | J50: =SUM(J51:J54) -> 3.3416997e-07 | ... T50: =SUM(T51:T54) -> 1.4632062
B51: CH4 | C51: =LCI_HC!$E4*'IW+_mid'!C12 -> 1.635835 | D51: =LCI_HC!$E4*'IW+_mid'!D12 -> 9.39735 | E51: =LCI_HC!$E4*'IW+_mid'!E12 -> 0 | F51: =LCI_HC!$E4*'IW+_mid'!F12 -> 0 | G51: =LCI_HC!$E4*'IW+_mid'!G12 -> 0 | H51: =LCI_HC!$E4*'IW+_mid'!H12 -> 0 | I51: =LCI_HC!$E4*'IW+_mid'!I12 -> 0 | J51: =LCI_HC!$E4*'IW+_mid'!J12 -> 0 | ... T51: =LCI_HC!$E4*'IW+_mid'!T12 -> 0
B52: NH3 | C52: =LCI_HC!$E6*'IW+_mid'!C18 -> 0 | D52: =LCI_HC!$E6*'IW+_mid'!D18 -> 0 | E52: =LCI_HC!$E6*'IW+_mid'!E18 -> 0 | F52: =LCI_HC!$E6*'IW+_mid'!F18 -> 0.044981165 | G52: =LCI_HC!$E6*'IW+_mid'!G18 -> 0 | H52: =LCI_HC!$E6*'IW+_mid'!H18 -> 0 | I52: =LCI_HC!$E6*'IW+_mid'!I18 -> 0 | J52: =LCI_HC!$E6*'IW+_mid'!J18 -> 0 | ... T52: =LCI_HC!$E6*'IW+_mid'!T18 -> 0
B53: N2O | C53: =LCI_HC!$E5*'IW+_mid'!C20 -> 16.344717 | D53: =LCI_HC!$E5*'IW+_mid'!D20 -> 19.150677 | E53: =LCI_HC!$E5*'IW+_mid'!E20 -> 0 | F53: =LCI_HC!$E5*'IW+_mid'!F20 -> 0 | G53: =LCI_HC!$E5*'IW+_mid'!G20 -> 0 | H53: =LCI_HC!$E5*'IW+_mid'!H20 -> 0 | I53: =LCI_HC!$E5*'IW+_mid'!I20 -> 0 | J53: =LCI_HC!$E5*'IW+_mid'!J20 -> 0 | ... T53: =LCI_HC!$E5*'IW+_mid'!T20 -> 0
B54: Wood chips | C54: =LCI_HC!$E7*'IW+_mid'!C35 -> 5.2859429 | D54: =LCI_HC!$E7*'IW+_mid'!D35 -> 5.716494 | E54: =LCI_HC!$E7*'IW+_mid'!E35 -> 89.514107 | F54: =LCI_HC!$E7*'IW+_mid'!F35 -> 0.014815755 | G54: =LCI_HC!$E7*'IW+_mid'!G35 -> 1068.2938 | H54: =LCI_HC!$E7*'IW+_mid'!H35 -> 0.005492882 | I54: =LCI_HC!$E7*'IW+_mid'!I35 -> 1.1845593e-07 | J54: =LCI_HC!$E7*'IW+_mid'!J35 -> 3.3416997e-07 | ... T54: =LCI_HC!$E7*'IW+_mid'!T35 -> 1.4632062
A55: Land application | C55: =SUM(C56:C60) -> 30.512107 | D55: =SUM(D56:D60) -> 35.750237 | E55: =SUM(E56:E60) -> 0 | F55: =SUM(F56:F60) -> 0.25353511 | G55: =SUM(G56:G60) -> 0 | H55: =SUM(H56:H60) -> -0.08127857 | I55: =SUM(I56:I60) -> 0 | J55: =SUM(J56:J60) -> 0 | ... T55: =SUM(T56:T60) -> 0
B56: NH3 | C56: =LCI_HC!$E9*'IW+_mid'!C18 -> 0 | D56: =LCI_HC!$E9*'IW+_mid'!D18 -> 0 | E56: =LCI_HC!$E9*'IW+_mid'!E18 -> 0 | F56: =LCI_HC!$E9*'IW+_mid'!F18 -> 0.25353511 | G56: =LCI_HC!$E9*'IW+_mid'!G18 -> 0 | H56: =LCI_HC!$E9*'IW+_mid'!H18 -> 0 | I56: =LCI_HC!$E9*'IW+_mid'!I18 -> 0 | J56: =LCI_HC!$E9*'IW+_mid'!J18 -> 0 | ... T56: =LCI_HC!$E9*'IW+_mid'!T18 -> 0
B57: N2O | C57: =LCI_HC!$E10*'IW+_mid'!C20 -> 30.512107 | D57: =LCI_HC!$E10*'IW+_mid'!D20 -> 35.750237 | E57: =LCI_HC!$E10*'IW+_mid'!E20 -> 0 | F57: =LCI_HC!$E10*'IW+_mid'!F20 -> 0 | G57: =LCI_HC!$E10*'IW+_mid'!G20 -> 0 | H57: =LCI_HC!$E10*'IW+_mid'!H20 -> 0 | I57: =LCI_HC!$E10*'IW+_mid'!I20 -> 0 | J57: =LCI_HC!$E10*'IW+_mid'!J20 -> 0 | ... T57: =LCI_HC!$E10*'IW+_mid'!T20 -> 0
B58: NO3 | C58: =LCI_HC!$E11*'IW+_mid'!C21 -> 0 | D58: =LCI_HC!$E11*'IW+_mid'!D21 -> 0 | E58: =LCI_HC!$E11*'IW+_mid'!E21 -> 0 | F58: =LCI_HC!$E11*'IW+_mid'!F21 -> 0 | G58: =LCI_HC!$E11*'IW+_mid'!G21 -> 0 | H58: =LCI_HC!$E11*'IW+_mid'!H21 -> 0 | I58: =LCI_HC!$E11*'IW+_mid'!I21 -> 0 | J58: =LCI_HC!$E11*'IW+_mid'!J21 -> 0 | ... T58: =LCI_HC!$E11*'IW+_mid'!T21 -> 0
B59: (PO4)3- | C59: =LCI_HC!$E12*'IW+_mid'!C25 -> 0 | D59: =LCI_HC!$E12*'IW+_mid'!D25 -> 0 | E59: =LCI_HC!$E12*'IW+_mid'!E25 -> 0 | F59: =LCI_HC!$E12*'IW+_mid'!F25 -> 0 | G59: =LCI_HC!$E12*'IW+_mid'!G25 -> 0 | H59: =LCI_HC!$E12*'IW+_mid'!H25 -> -0.08127857 | I59: =LCI_HC!$E12*'IW+_mid'!I25 -> 0 | J59: =LCI_HC!$E12*'IW+_mid'!J25 -> 0 | ... T59: =LCI_HC!$E12*'IW+_mid'!T25 -> 0
B60: CO2 fossil | C60: =LCI_HC!$E13*'IW+_mid'!C26 -> 0 | D60: =LCI_HC!$E13*'IW+_mid'!D26 -> 0 | E60: =LCI_HC!$E13*'IW+_mid'!E26 -> 0 | F60: =LCI_HC!$E13*'IW+_mid'!F26 -> 0 | G60: =LCI_HC!$E13*'IW+_mid'!G26 -> 0 | H60: =LCI_HC!$E13*'IW+_mid'!H26 -> 0 | I60: =LCI_HC!$E13*'IW+_mid'!I26 -> 0 | J60: =LCI_HC!$E13*'IW+_mid'!J26 -> 0 | ... T60: =LCI_HC!$E13*'IW+_mid'!T26 -> 0
A61: Substitued products | C61: =SUM(C62:C65) -> 0 | D61: =SUM(D62:D65) -> 0 | E61: =SUM(E62:E65) -> 0 | F61: =SUM(F62:F65) -> 0 | G61: =SUM(G62:G65) -> 0 | H61: =SUM(H62:H65) -> 0 | I61: =SUM(I62:I65) -> 0 | J61: =SUM(J62:J65) -> 0 | ... T61: =SUM(T62:T65) -> 0
B62: N-fertilizer | C62: =LCI_HC!$E15*'IW+_mid'!C28 -> 0 | D62: =LCI_HC!$E15*'IW+_mid'!D28 -> 0 | E62: =LCI_HC!$E15*'IW+_mid'!E28 -> 0 | F62: =LCI_HC!$E15*'IW+_mid'!F28 -> 0 | G62: =LCI_HC!$E15*'IW+_mid'!G28 -> 0 | H62: =LCI_HC!$E15*'IW+_mid'!H28 -> 0 | I62: =LCI_HC!$E15*'IW+_mid'!I28 -> 0 | J62: =LCI_HC!$E15*'IW+_mid'!J28 -> 0 | ... T62: =LCI_HC!$E15*'IW+_mid'!T28 -> 0
B63: P-fertilizer | C63: =LCI_HC!$E16*'IW+_mid'!C30 -> 0 | D63: =LCI_HC!$E16*'IW+_mid'!D30 -> 0 | E63: =LCI_HC!$E16*'IW+_mid'!E30 -> 0 | F63: =LCI_HC!$E16*'IW+_mid'!F30 -> 0 | G63: =LCI_HC!$E16*'IW+_mid'!G30 -> 0 | H63: =LCI_HC!$E16*'IW+_mid'!H30 -> 0 | I63: =LCI_HC!$E16*'IW+_mid'!I30 -> 0 | J63: =LCI_HC!$E16*'IW+_mid'!J30 -> 0 | ... T63: =LCI_HC!$E16*'IW+_mid'!T30 -> 0
B64: K-fertilizer | C64: =LCI_HC!$E17*'IW+_mid'!C29 -> 0 | D64: =LCI_HC!$E17*'IW+_mid'!D29 -> 0 | E64: =LCI_HC!$E17*'IW+_mid'!E29 -> 0 | F64: =LCI_HC!$E17*'IW+_mid'!F29 -> 0 | G64: =LCI_HC!$E17*'IW+_mid'!G29 -> 0 | H64: =LCI_HC!$E17*'IW+_mid'!H29 -> 0 | I64: =LCI_HC!$E17*'IW+_mid'!I29 -> 0 | J64: =LCI_HC!$E17*'IW+_mid'!J29 -> 0 | ... T64: =LCI_HC!$E17*'IW+_mid'!T29 -> 0
B65: Peat | C65: =LCI_HC!$E18*'IW+_mid'!C31 -> 0 | D65: =LCI_HC!$E18*'IW+_mid'!D31 -> 0 | E65: =LCI_HC!$E18*'IW+_mid'!E31 -> 0 | F65: =LCI_HC!$E18*'IW+_mid'!F31 -> 0 | G65: =LCI_HC!$E18*'IW+_mid'!G31 -> 0 | H65: =LCI_HC!$E18*'IW+_mid'!H31 -> 0 | I65: =LCI_HC!$E18*'IW+_mid'!I31 -> 0 | J65: =LCI_HC!$E18*'IW+_mid'!J31 -> 0 | ... T65: =LCI_HC!$E18*'IW+_mid'!T31 -> 0
A68: IMPACT WORLD + FOOTPRINT
A69: Process | C69: Carbon footprint | D69: Ecosystem quality (residual) | E69: Energetic resource depletion | F69: Human health (residual) | G69: Water footprint - Scarcity
A70: Composting | C70: =SUM(C71:C74) -> 34.264521 | D70: =SUM(D71:D74) -> 34.167498 | E70: =SUM(E71:E74) -> 89.514107 | F70: =SUM(F71:F74) -> 1.6236576e-05 | G70: =SUM(G71:G74) -> 1.4632062
B71: CH4 | C71: =LCI_HC!$E4*'IW+f'!C12 -> 9.39735 | D71: =LCI_HC!$E4*'IW+f'!D12 -> 0 | E71: =LCI_HC!$E4*'IW+f'!E12 -> 0 | F71: =LCI_HC!$E4*'IW+f'!F12 -> 0 | G71: =LCI_HC!$E4*'IW+f'!G12 -> 0
B72: NH3 | C72: =LCI_HC!$E6*'IW+f'!C18 -> 0 | D72: =LCI_HC!$E6*'IW+f'!D18 -> 1.7066434 | E72: =LCI_HC!$E6*'IW+f'!E18 -> 0 | F72: =LCI_HC!$E6*'IW+f'!F18 -> 1.148316e-05 | G72: =LCI_HC!$E6*'IW+f'!G18 -> 0
B73: N2O | C73: =LCI_HC!$E5*'IW+f'!C20 -> 19.150677 | D73: =LCI_HC!$E5*'IW+f'!D20 -> 0 | E73: =LCI_HC!$E5*'IW+f'!E20 -> 0 | F73: =LCI_HC!$E5*'IW+f'!F20 -> 0 | G73: =LCI_HC!$E5*'IW+f'!G20 -> 0
B74: Wood chips | C74: =LCI_HC!$E7*'IW+f'!C35 -> 5.716494 | D74: =LCI_HC!$E7*'IW+f'!D35 -> 32.460855 | E74: =LCI_HC!$E7*'IW+f'!E35 -> 89.514107 | F74: =LCI_HC!$E7*'IW+f'!F35 -> 4.7534162e-06 | G74: =LCI_HC!$E7*'IW+f'!G35 -> 1.4632062
A75: Land application | C75: =SUM(C76:C80) -> 35.750237 | D75: =SUM(D76:D80) -> 36.26382 | E75: =SUM(E76:E80) -> 0 | F75: =SUM(F76:F80) -> 6.4724517e-05 | G75: =SUM(G76:G80) -> 0
B76: NH3 | C76: =LCI_HC!$E9*'IW+f'!C18 -> 0 | D76: =LCI_HC!$E9*'IW+f'!D18 -> 9.6194491 | E76: =LCI_HC!$E9*'IW+f'!E18 -> 0 | F76: =LCI_HC!$E9*'IW+f'!F18 -> 6.4724517e-05 | G76: =LCI_HC!$E9*'IW+f'!G18 -> 0
B77: N2O | C77: =LCI_HC!$E10*'IW+f'!C20 -> 35.750237 | D77: =LCI_HC!$E10*'IW+f'!D20 -> 0 | E77: =LCI_HC!$E10*'IW+f'!E20 -> 0 | F77: =LCI_HC!$E10*'IW+f'!F20 -> 0 | G77: =LCI_HC!$E10*'IW+f'!G20 -> 0
B78: NO3 | C78: =LCI_HC!$E11*'IW+f'!C21 -> 0 | D78: =LCI_HC!$E11*'IW+f'!D21 -> 26.898563 | E78: =LCI_HC!$E11*'IW+f'!E21 -> 0 | F78: =LCI_HC!$E11*'IW+f'!F21 -> 0 | G78: =LCI_HC!$E11*'IW+f'!G21 -> 0
B79: (PO4)3- | C79: =LCI_HC!$E12*'IW+f'!C25 -> 0 | D79: =LCI_HC!$E12*'IW+f'!D25 -> -0.25419204 | E79: =LCI_HC!$E12*'IW+f'!E25 -> 0 | F79: =LCI_HC!$E12*'IW+f'!F25 -> 0 | G79: =LCI_HC!$E12*'IW+f'!G25 -> 0
B80: CO2 fossil | C80: =LCI_HC!$E13*'IW+f'!C26 -> 0 | D80: =LCI_HC!$E13*'IW+f'!D26 -> 0 | E80: =LCI_HC!$E13*'IW+f'!E26 -> 0 | F80: =LCI_HC!$E13*'IW+f'!F26 -> 0 | G80: =LCI_HC!$E13*'IW+f'!G26 -> 0
A81: Substitued products | C81: =SUM(C82:C85) -> 0 | D81: =SUM(D82:D85) -> 0 | E81: =SUM(E82:E85) -> 0 | F81: =SUM(F82:F85) -> 0 | G81: =SUM(G82:G85) -> 0
B82: N-fertilizer | C82: =LCI_HC!$E15*'IW+f'!C28 -> 0 | D82: =LCI_HC!$E15*'IW+f'!D28 -> 0 | E82: =LCI_HC!$E15*'IW+f'!E28 -> 0 | F82: =LCI_HC!$E15*'IW+f'!F28 -> 0 | G82: =LCI_HC!$E15*'IW+f'!G28 -> 0
B83: P-fertilizer | C83: =LCI_HC!$E16*'IW+f'!C30 -> 0 | D83: =LCI_HC!$E16*'IW+f'!D30 -> 0 | E83: =LCI_HC!$E16*'IW+f'!E30 -> 0 | F83: =LCI_HC!$E16*'IW+f'!F30 -> 0 | G83: =LCI_HC!$E16*'IW+f'!G30 -> 0
B84: K-fertilizer | C84: =LCI_HC!$E17*'IW+f'!C29 -> 0 | D84: =LCI_HC!$E17*'IW+f'!D29 -> 0 | E84: =LCI_HC!$E17*'IW+f'!E29 -> 0 | F84: =LCI_HC!$E17*'IW+f'!F29 -> 0 | G84: =LCI_HC!$E17*'IW+f'!G29 -> 0
B85: Peat | C85: =LCI_HC!$E18*'IW+f'!C31 -> 0 | D85: =LCI_HC!$E18*'IW+f'!D31 -> 0 | E85: =LCI_HC!$E18*'IW+f'!E31 -> 0 | F85: =LCI_HC!$E18*'IW+f'!F31 -> 0 | G85: =LCI_HC!$E18*'IW+f'!G31 -> 0
A87: Total impact | C87: =C70+C75-C81 -> 70.014758 | D87: =D70+D75-D81 -> 70.431318 | E87: =E70+E75-E81 -> 89.514107 | F87: =F70+F75-F81 -> 8.0961093e-05 | G87: =G70+G75-G81 -> 1.4632062

Sheet LCIA_AD-a
A3: IMPACT WORLD + FOOTPRINT
A4: Process | C4: Carbon footprint | D4: Ecosystem quality (residual) | E4: Energetic resource depletion | F4: Human health (residual) | G4: Water footprint - Scarcity
A5: AD | C5: =SUM(C6,C9,C12,C16,C25) -> 130.89984 | D5: =SUM(D6,D9,D12,D16,D25) -> 5.712669 | E5: =SUM(E6,E9,E12,E16,E25) -> 603.93844 | F5: =SUM(F6,F9,F12,F16,F25) -> 9.9635856e-05 | G5: =SUM(G6,G9,G12,G16,G25) -> 15.583776
A6: Pretreatment | C6: =SUM(C7:C8) -> 0.7761065 | D6: =SUM(D7:D8) -> 0.11916921 | E6: =SUM(E7:E8) -> 116.96083 | F6: =SUM(F7:F8) -> 7.7420483e-07 | G6: =SUM(G7:G8) -> 1.2592267
B7: Electricity consumption | C7: ='LCI_AD-a'!$E4*'IW+f'!C2 -> 0.7761065 | D7: ='LCI_AD-a'!$E4*'IW+f'!D2 -> 0.11916921 | E7: ='LCI_AD-a'!$E4*'IW+f'!E2 -> 116.96083 | F7: ='LCI_AD-a'!$E4*'IW+f'!F2 -> 7.7420483e-07 | G7: ='LCI_AD-a'!$E4*'IW+f'!G2 -> 1.2592267
B8: Water consumption | C8: ='LCI_AD-a'!$E5*'IW+f'!C3 -> 0 | D8: ='LCI_AD-a'!$E5*'IW+f'!D3 -> 0 | E8: ='LCI_AD-a'!$E5*'IW+f'!E3 -> 0 | F8: ='LCI_AD-a'!$E5*'IW+f'!F3 -> 0 | G8: ='LCI_AD-a'!$E5*'IW+f'!G3 -> 0
A9: Incineration | C9: =SUM(C10:C11) -> 9.4912725 | D9: =SUM(D10:D11) -> 1.7760545 | E9: =SUM(E10:E11) -> 70.109594 | F9: =SUM(F10:F11) -> 3.9183036e-05 | G9: =SUM(G10:G11) -> 10.01854
B10: Transport | C10: ='LCI_AD-a'!$E7*'IW+f'!C4 -> 0.43472979 | D10: ='LCI_AD-a'!$E7*'IW+f'!D4 -> 0.063594202 | E10: ='LCI_AD-a'!$E7*'IW+f'!E4 -> 6.576112 | F10: ='LCI_AD-a'!$E7*'IW+f'!F4 -> 3.4579966e-07 | G10: ='LCI_AD-a'!$E7*'IW+f'!G4 -> 0.039223403
B11: Incineration | C11: ='LCI_AD-a'!$E8*'IW+f'!C5 -> 9.0565427 | D11: ='LCI_AD-a'!$E8*'IW+f'!D5 -> 1.7124603 | E11: ='LCI_AD-a'!$E8*'IW+f'!E5 -> 63.533482 | F11: ='LCI_AD-a'!$E8*'IW+f'!F5 -> 3.8837236e-05 | G11: ='LCI_AD-a'!$E8*'IW+f'!G5 -> 9.9793169
A12: AD | C12: =SUM(C13:C15) -> 52.248712 | D12: =SUM(D13:D15) -> 2.7873234 | E12: =SUM(E13:E15) -> 416.86802 | F12: =SUM(F13:F15) -> 4.5598348e-05 | G12: =SUM(G13:G15) -> 4.3060094
B13: Electricity | C13: ='LCI_AD-a'!$E10*'IW+f'!C2 -> 1.7365189 | D13: ='LCI_AD-a'!$E10*'IW+f'!D2 -> 0.26663811 | E13: ='LCI_AD-a'!$E10*'IW+f'!E2 -> 261.69692 | F13: ='LCI_AD-a'!$E10*'IW+f'!F2 -> 1.7322639e-06 | G13: ='LCI_AD-a'!$E10*'IW+f'!G2 -> 2.8174882
B14: Heat | C14: ='LCI_AD-a'!$E11*'IW+f'!C11 -> 9.6923673 | D14: ='LCI_AD-a'!$E11*'IW+f'!D11 -> 2.5206853 | E14: ='LCI_AD-a'!$E11*'IW+f'!E11 -> 155.1711 | F14: ='LCI_AD-a'!$E11*'IW+f'!F11 -> 4.3866084e-05 | G14: ='LCI_AD-a'!$E11*'IW+f'!G11 -> 1.4885212
B15: CH4 | C15: ='LCI_AD-a'!$E12*'IW+f'!C12 -> 40.819826 | D15: ='LCI_AD-a'!$E12*'IW+f'!D12 -> 0 | E15: ='LCI_AD-a'!$E12*'IW+f'!E12 -> 0 | F15: ='LCI_AD-a'!$E12*'IW+f'!F12 -> 0 | G15: ='LCI_AD-a'!$E12*'IW+f'!G12 -> 0
A16: CHP | C16: =SUM(C17:C24) -> 32.256747 | D16: =SUM(D17:D24) -> 1.0301218 | E16: =SUM(E17:E24) -> 0 | F16: =SUM(F17:F24) -> 1.4080268e-05 | G16: =SUM(G17:G24) -> 0
B17: Nitrogen Oxides (NOx) | C17: ='LCI_AD-a'!$E16*'IW+f'!C13 -> 0 | D17: ='LCI_AD-a'!$E16*'IW+f'!D13 -> 0.599713 | E17: ='LCI_AD-a'!$E16*'IW+f'!E13 -> 0 | F17: ='LCI_AD-a'!$E16*'IW+f'!F13 -> 7.2309636e-07 | G17: ='LCI_AD-a'!$E16*'IW+f'!G13 -> 0
B18: Volatile Organic Compounds (VOCs) | C18: ='LCI_AD-a'!$E17*'IW+f'!C14 -> 0 | D18: ='LCI_AD-a'!$E17*'IW+f'!D14 -> 0 | E18: ='LCI_AD-a'!$E17*'IW+f'!E14 -> 0 | F18: ='LCI_AD-a'!$E17*'IW+f'!F14 -> 0 | G18: ='LCI_AD-a'!$E17*'IW+f'!G14 -> 0
B19: Sulfur Dioxide (SO2) | C19: ='LCI_AD-a'!$E18*'IW+f'!C15 -> 0 | D19: ='LCI_AD-a'!$E18*'IW+f'!D15 -> 0.052400241 | E19: ='LCI_AD-a'!$E18*'IW+f'!E15 -> 0 | F19: ='LCI_AD-a'!$E18*'IW+f'!F15 -> 2.9229407e-07 | G19: ='LCI_AD-a'!$E18*'IW+f'!G15 -> 0
B20: Particulate Matter (PM) | C20: ='LCI_AD-a'!$E19*'IW+f'!C22 -> 0 | D20: ='LCI_AD-a'!$E19*'IW+f'!D22 -> 0 | E20: ='LCI_AD-a'!$E19*'IW+f'!E22 -> 0 | F20: ='LCI_AD-a'!$E19*'IW+f'!F22 -> 1.0521444e-05 | G20: ='LCI_AD-a'!$E19*'IW+f'!G22 -> 0
B21: Carbon Monoxide (CO) | C21: ='LCI_AD-a'!$E20*'IW+f'!C17 -> 0 | D21: ='LCI_AD-a'!$E20*'IW+f'!D17 -> 0 | E21: ='LCI_AD-a'!$E20*'IW+f'!E17 -> 0 | F21: ='LCI_AD-a'!$E20*'IW+f'!F17 -> 0 | G21: ='LCI_AD-a'!$E20*'IW+f'!G17 -> 0
B22: Ammonia (NH3) | C22: ='LCI_AD-a'!$E21*'IW+f'!C18 -> 0 | D22: ='LCI_AD-a'!$E21*'IW+f'!D18 -> 0.37800858 | E22: ='LCI_AD-a'!$E21*'IW+f'!E18 -> 0 | F22: ='LCI_AD-a'!$E21*'IW+f'!F18 -> 2.5434328e-06 | G22: ='LCI_AD-a'!$E21*'IW+f'!G18 -> 0
B23: Methane (CH4) | C23: ='LCI_AD-a'!$E22*'IW+f'!C12 -> 25.997975 | D23: ='LCI_AD-a'!$E22*'IW+f'!D12 -> 0 | E23: ='LCI_AD-a'!$E22*'IW+f'!E12 -> 0 | F23: ='LCI_AD-a'!$E22*'IW+f'!F12 -> 0 | G23: ='LCI_AD-a'!$E22*'IW+f'!G12 -> 0
B24: Nitrous Oxide (N2O) | C24: ='LCI_AD-a'!$E23*'IW+f'!C20 -> 6.2587717 | D24: ='LCI_AD-a'!$E23*'IW+f'!D20 -> 0 | E24: ='LCI_AD-a'!$E23*'IW+f'!E20 -> 0 | F24: ='LCI_AD-a'!$E23*'IW+f'!F20 -> 0 | G24: ='LCI_AD-a'!$E23*'IW+f'!G20 -> 0
A25: Storage | C25: =C26 -> 36.126998 | D25: =D26 -> 0 | E25: =E26 -> 0 | F25: =F26 -> 0 | G25: =G26 -> 0
B26: CH4 | C26: ='LCI_AD-a'!$E27*'IW+f'!C12 -> 36.126998 | D26: ='LCI_AD-a'!$E27*'IW+f'!D12 -> 0 | E26: ='LCI_AD-a'!$E27*'IW+f'!E12 -> 0 | F26: ='LCI_AD-a'!$E27*'IW+f'!F12 -> 0 | G26: ='LCI_AD-a'!$E27*'IW+f'!G12 -> 0
A27: Land application of digestate | C27: =SUM(C28:C32) -> -96.310983 | D27: =SUM(D28:D32) -> 108.30291 | E27: =SUM(E28:E32) -> 0 | F27: =SUM(F28:F32) -> 0.00076801641 | G27: =SUM(G28:G32) -> 0
B28: N2O | C28: ='LCI_AD-a'!$E30*'IW+f'!C20 -> 19.040939 | D28: ='LCI_AD-a'!$E30*'IW+f'!D20 -> 0 | E28: ='LCI_AD-a'!$E30*'IW+f'!E20 -> 0 | F28: ='LCI_AD-a'!$E30*'IW+f'!F20 -> 0 | G28: ='LCI_AD-a'!$E30*'IW+f'!G20 -> 0
B29: NH3 | C29: ='LCI_AD-a'!$E31*'IW+f'!C18 -> 0 | D29: ='LCI_AD-a'!$E31*'IW+f'!D18 -> 114.14368 | E29: ='LCI_AD-a'!$E31*'IW+f'!E18 -> 0 | F29: ='LCI_AD-a'!$E31*'IW+f'!F18 -> 0.00076801641 | G29: ='LCI_AD-a'!$E31*'IW+f'!G18 -> 0
B30: NO3 | C30: ='LCI_AD-a'!$E32*'IW+f'!C21 -> 0 | D30: ='LCI_AD-a'!$E32*'IW+f'!D21 -> -3.7432544 | E30: ='LCI_AD-a'!$E32*'IW+f'!E21 -> 0 | F30: ='LCI_AD-a'!$E32*'IW+f'!F21 -> 0 | G30: ='LCI_AD-a'!$E32*'IW+f'!G21 -> 0
B31: (PO4)3- | C31: ='LCI_AD-a'!$E33*'IW+f'!C25 -> 0 | D31: ='LCI_AD-a'!$E33*'IW+f'!D25 -> -0.1942107 | E31: ='LCI_AD-a'!$E33*'IW+f'!E25 -> 0 | F31: ='LCI_AD-a'!$E33*'IW+f'!F25 -> 0 | G31: ='LCI_AD-a'!$E33*'IW+f'!G25 -> 0
B32: CO2 fossil | C32: ='LCI_AD-a'!$E34*'IW+f'!C26 -> -115.35192 | D32: ='LCI_AD-a'!$E34*'IW+f'!D26 -> -1.9033067 | E32: ='LCI_AD-a'!$E34*'IW+f'!E26 -> 0 | F32: ='LCI_AD-a'!$E34*'IW+f'!F26 -> 0 | G32: ='LCI_AD-a'!$E34*'IW+f'!G26 -> 0
A33: Substituted products | C33: =SUM(C34:C39) -> 0 | D33: =SUM(D34:D39) -> 49.019576 | E33: =SUM(E34:E39) -> 5307.7061 | F33: =SUM(F34:F39) -> 0.0001924256 | G33: =SUM(G34:G39) -> 110.13711
B34: N-fertilizer | C34: 0 | D34: ='LCI_AD-a'!$E36*'IW+f'!D28 -> 3.7699223 | E34: ='LCI_AD-a'!$E36*'IW+f'!E28 -> 417.80642 | F34: ='LCI_AD-a'!$E36*'IW+f'!F28 -> 2.0842492e-05 | G34: ='LCI_AD-a'!$E36*'IW+f'!G28 -> 42.781721
B35: P-fertilizer | C35: 0 | D35: ='LCI_AD-a'!$E37*'IW+f'!D30 -> 9.1248032 | E35: ='LCI_AD-a'!$E37*'IW+f'!E30 -> 343.26966 | F35: ='LCI_AD-a'!$E37*'IW+f'!F30 -> 7.5312485e-05 | G35: ='LCI_AD-a'!$E37*'IW+f'!G30 -> 46.443677
B36: K-fertilizer | C36: 0 | D36: ='LCI_AD-a'!$E38*'IW+f'!D29 -> 3.005312 | E36: ='LCI_AD-a'!$E38*'IW+f'!E29 -> 200.19933 | F36: ='LCI_AD-a'!$E38*'IW+f'!F29 -> 1.3850636e-05 | G36: ='LCI_AD-a'!$E38*'IW+f'!G29 -> 5.8101607
B37: Peat | C37: 0 | D37: ='LCI_AD-a'!$E39*'IW+f'!D31 -> 0.97385909 | E37: ='LCI_AD-a'!$E39*'IW+f'!E31 -> 1587.6139 | F37: ='LCI_AD-a'!$E39*'IW+f'!F31 -> 1.8073802e-06 | G37: ='LCI_AD-a'!$E39*'IW+f'!G31 -> 5.0453778
B38: Marginal heat | C38: 0 | D38: ='LCI_AD-a'!$E40*'IW+f'!D39 -> 7.1920017 | E38: ='LCI_AD-a'!$E40*'IW+f'!E39 -> 2543.1617 | F38: ='LCI_AD-a'!$E40*'IW+f'!F39 -> 1.1187239e-05 | G38: ='LCI_AD-a'!$E40*'IW+f'!G39 -> 3.075272
B39: Marginal electricity | C39: 0 | D39: ='LCI_AD-a'!$E41*'IW+f'!D37 -> 24.953677 | E39: ='LCI_AD-a'!$E41*'IW+f'!E37 -> 215.65515 | F39: ='LCI_AD-a'!$E41*'IW+f'!F37 -> 6.9425369e-05 | G39: ='LCI_AD-a'!$E41*'IW+f'!G37 -> 6.9808995
A41: Total impact | C41: =C5+C27-C33 -> 34.588853 | D41: =D5+D27-D33 -> 64.996005 | E41: =E5+E27-E33 -> -4703.7677 | F41: =F5+F27-F33 -> 0.00067522666 | G41: =G5+G27-G33 -> -94.553331
A44: Process
A45: AD
A46: Pretreatment
B47: Electricity consumption
B48: Water consumption
A49: Incineration
B50: Transport
B51: Incineration
A52: AD
B53: Electricity
B54: Heat
B55: CH4
A56: CHP
B57: Nitrogen Oxides (NOx)
B58: Volatile Organic Compounds (VOCs)
B59: Sulfur Dioxide (SO2)
B60: Particulate Matter (PM)
B61: Carbon Monoxide (CO)
B62: Ammonia (NH3)
B63: Methane (CH4)
B64: Nitrous Oxide (N2O)
A65: Storage
B66: CH4
A67: Land application of digestate
B68: N2O
B69: NH3
B70: NO3
B71: (PO4)3-
B72: CO2 fossil
A73: Substituted products
B74: N-fertilizer
B75: P-fertilizer
B76: K-fertilizer
B77: Peat
B78: Marginal heat
B79: Marginal electricity

Sheet LCIA_AD-b
A3: IMPACT WORLD + FOOTPRINT
A4: Process | C4: Carbon footprint | D4: Ecosystem quality (residual) | E4: Energetic resource depletion | F4: Human health (residual) | G4: Water footprint - Scarcity
A5: AD | C5: =SUM(C6,C9,C12,C16,C25,C28) -> 115.03586 | D5: =SUM(D6,D9,D12,D16,D25,D28) -> 11.454435 | E5: =SUM(E6,E9,E12,E16,E25,E28) -> 690.22819 | F5: =SUM(F6,F9,F12,F16,F25,F28) -> 0.00013649693 | G5: =SUM(G6,G9,G12,G16,G25,G28) -> 16.267041
A6: Pretreatment | C6: =SUM(C7:C8) -> 0.7761065 | D6: =SUM(D7:D8) -> 0.11916921 | E6: =SUM(E7:E8) -> 116.96083 | F6: =SUM(F7:F8) -> 7.7420483e-07 | G6: =SUM(G7:G8) -> 1.2592267
B7: Electricity consumption | C7: ='LCI_AD-b'!$E4*'IW+f'!C2 -> 0.7761065 | D7: ='LCI_AD-b'!$E4*'IW+f'!D2 -> 0.11916921 | E7: ='LCI_AD-b'!$E4*'IW+f'!E2 -> 116.96083 | F7: ='LCI_AD-b'!$E4*'IW+f'!F2 -> 7.7420483e-07 | G7: ='LCI_AD-b'!$E4*'IW+f'!G2 -> 1.2592267
B8: Water consumption | C8: ='LCI_AD-b'!$E5*'IW+f'!C3 -> 0 | D8: ='LCI_AD-b'!$E5*'IW+f'!D3 -> 0 | E8: ='LCI_AD-b'!$E5*'IW+f'!E3 -> 0 | F8: ='LCI_AD-b'!$E5*'IW+f'!F3 -> 0 | G8: ='LCI_AD-b'!$E5*'IW+f'!G3 -> 0
A9: Incineration | C9: =SUM(C10:C11) -> 9.4912725 | D9: =SUM(D10:D11) -> 1.7760545 | E9: =SUM(E10:E11) -> 70.109594 | F9: =SUM(F10:F11) -> 3.9183036e-05 | G9: =SUM(G10:G11) -> 10.01854
B10: Transport | C10: ='LCI_AD-b'!$E7*'IW+f'!C4 -> 0.43472979 | D10: ='LCI_AD-b'!$E7*'IW+f'!D4 -> 0.063594202 | E10: ='LCI_AD-b'!$E7*'IW+f'!E4 -> 6.576112 | F10: ='LCI_AD-b'!$E7*'IW+f'!F4 -> 3.4579966e-07 | G10: ='LCI_AD-b'!$E7*'IW+f'!G4 -> 0.039223403
B11: Incineration | C11: ='LCI_AD-b'!$E8*'IW+f'!C5 -> 9.0565427 | D11: ='LCI_AD-b'!$E8*'IW+f'!D5 -> 1.7124603 | E11: ='LCI_AD-b'!$E8*'IW+f'!E5 -> 63.533482 | F11: ='LCI_AD-b'!$E8*'IW+f'!F5 -> 3.8837236e-05 | G11: ='LCI_AD-b'!$E8*'IW+f'!G5 -> 9.9793169
A12: AD | C12: =SUM(C13:C15) -> 52.248712 | D12: =SUM(D13:D15) -> 2.7873234 | E12: =SUM(E13:E15) -> 416.86802 | F12: =SUM(F13:F15) -> 4.5598348e-05 | G12: =SUM(G13:G15) -> 4.3060094
B13: Electricity | C13: ='LCI_AD-b'!$E10*'IW+f'!C2 -> 1.7365189 | D13: ='LCI_AD-b'!$E10*'IW+f'!D2 -> 0.26663811 | E13: ='LCI_AD-b'!$E10*'IW+f'!E2 -> 261.69692 | F13: ='LCI_AD-b'!$E10*'IW+f'!F2 -> 1.7322639e-06 | G13: ='LCI_AD-b'!$E10*'IW+f'!G2 -> 2.8174882
B14: Heat | C14: ='LCI_AD-b'!$E11*'IW+f'!C11 -> 9.6923673 | D14: ='LCI_AD-b'!$E11*'IW+f'!D11 -> 2.5206853 | E14: ='LCI_AD-b'!$E11*'IW+f'!E11 -> 155.1711 | F14: ='LCI_AD-b'!$E11*'IW+f'!F11 -> 4.3866084e-05 | G14: ='LCI_AD-b'!$E11*'IW+f'!G11 -> 1.4885212
B15: CH4 | C15: ='LCI_AD-b'!$E12*'IW+f'!C12 -> 40.819826 | D15: ='LCI_AD-b'!$E12*'IW+f'!D12 -> 0 | E15: ='LCI_AD-b'!$E12*'IW+f'!E12 -> 0 | F15: ='LCI_AD-b'!$E12*'IW+f'!F12 -> 0 | G15: ='LCI_AD-b'!$E12*'IW+f'!G12 -> 0
A16: CHP | C16: =SUM(C17:C24) -> 32.256747 | D16: =SUM(D17:D24) -> 1.0301218 | E16: =SUM(E17:E24) -> 0 | F16: =SUM(F17:F24) -> 1.4080268e-05 | G16: =SUM(G17:G24) -> 0
B17: Nitrogen Oxides (NOx) | C17: ='LCI_AD-b'!$E16*'IW+f'!C13 -> 0 | D17: ='LCI_AD-b'!$E16*'IW+f'!D13 -> 0.599713 | E17: ='LCI_AD-b'!$E16*'IW+f'!E13 -> 0 | F17: ='LCI_AD-b'!$E16*'IW+f'!F13 -> 7.2309636e-07 | G17: ='LCI_AD-b'!$E16*'IW+f'!G13 -> 0
B18: Volatile Organic Compounds (VOCs) | C18: ='LCI_AD-b'!$E17*'IW+f'!C14 -> 0 | D18: ='LCI_AD-b'!$E17*'IW+f'!D14 -> 0 | E18: ='LCI_AD-b'!$E17*'IW+f'!E14 -> 0 | F18: ='LCI_AD-b'!$E17*'IW+f'!F14 -> 0 | G18: ='LCI_AD-b'!$E17*'IW+f'!G14 -> 0
B19: Sulfur Dioxide (SO2) | C19: ='LCI_AD-b'!$E18*'IW+f'!C15 -> 0 | D19: ='LCI_AD-b'!$E18*'IW+f'!D15 -> 0.052400241 | E19: ='LCI_AD-b'!$E18*'IW+f'!E15 -> 0 | F19: ='LCI_AD-b'!$E18*'IW+f'!F15 -> 2.9229407e-07 | G19: ='LCI_AD-b'!$E18*'IW+f'!G15 -> 0
B20: Particulate Matter (PM) | C20: ='LCI_AD-b'!$E19*'IW+f'!C22 -> 0 | D20: ='LCI_AD-b'!$E19*'IW+f'!D22 -> 0 | E20: ='LCI_AD-b'!$E19*'IW+f'!E22 -> 0 | F20: ='LCI_AD-b'!$E19*'IW+f'!F22 -> 1.0521444e-05 | G20: ='LCI_AD-b'!$E19*'IW+f'!G22 -> 0
B21: Carbon Monoxide (CO) | C21: ='LCI_AD-b'!$E20*'IW+f'!C17 -> 0 | D21: ='LCI_AD-b'!$E20*'IW+f'!D17 -> 0 | E21: ='LCI_AD-b'!$E20*'IW+f'!E17 -> 0 | F21: ='LCI_AD-b'!$E20*'IW+f'!F17 -> 0 | G21: ='LCI_AD-b'!$E20*'IW+f'!G17 -> 0
B22: Ammonia (NH3) | C22: ='LCI_AD-b'!$E21*'IW+f'!C18 -> 0 | D22: ='LCI_AD-b'!$E21*'IW+f'!D18 -> 0.37800858 | E22: ='LCI_AD-b'!$E21*'IW+f'!E18 -> 0 | F22: ='LCI_AD-b'!$E21*'IW+f'!F18 -> 2.5434328e-06 | G22: ='LCI_AD-b'!$E21*'IW+f'!G18 -> 0
B23: Methane (CH4) | C23: ='LCI_AD-b'!$E22*'IW+f'!C12 -> 25.997975 | D23: ='LCI_AD-b'!$E22*'IW+f'!D12 -> 0 | E23: ='LCI_AD-b'!$E22*'IW+f'!E12 -> 0 | F23: ='LCI_AD-b'!$E22*'IW+f'!F12 -> 0 | G23: ='LCI_AD-b'!$E22*'IW+f'!G12 -> 0
B24: Nitrous Oxide (N2O) | C24: ='LCI_AD-b'!$E23*'IW+f'!C20 -> 6.2587717 | D24: ='LCI_AD-b'!$E23*'IW+f'!D20 -> 0 | E24: ='LCI_AD-b'!$E23*'IW+f'!E20 -> 0 | F24: ='LCI_AD-b'!$E23*'IW+f'!F20 -> 0 | G24: ='LCI_AD-b'!$E23*'IW+f'!G20 -> 0
A25: Dewatering | C25: =SUM(C26:C27) -> 0.23986337 | D25: =SUM(D26:D27) -> 0.20397057 | E25: =SUM(E26:E27) -> 24.618326 | F25: =SUM(F26:F27) -> 4.0335814e-07 | G25: =SUM(G26:G27) -> 0.25421574
B26: electricity | C26: ='LCI_AD-b'!$E27*'IW+f'!C2 -> 0.15696911 | D26: ='LCI_AD-b'!$E27*'IW+f'!D2 -> 0.024102213 | E26: ='LCI_AD-b'!$E27*'IW+f'!E2 -> 23.655564 | F26: ='LCI_AD-b'!$E27*'IW+f'!F2 -> 1.5658449e-07 | G26: ='LCI_AD-b'!$E27*'IW+f'!G2 -> 0.25468114
B27: wastewater treatment | C27: ='LCI_AD-b'!$E29*'IW+f'!C34 -> 0.08289426 | D27: ='LCI_AD-b'!$E29*'IW+f'!D34 -> 0.17986836 | E27: ='LCI_AD-b'!$E29*'IW+f'!E34 -> 0.96276199 | F27: ='LCI_AD-b'!$E29*'IW+f'!F34 -> 2.4677365e-07 | G27: ='LCI_AD-b'!$E29*'IW+f'!G34 -> -0.00046540191
A28: Composting of digestate | C28: =SUM(C29:C35) -> 20.023162 | D28: =SUM(D29:D35) -> 5.537795 | E28: =SUM(E29:E35) -> 61.671424 | F28: =SUM(F29:F35) -> 3.6457712e-05 | G28: =SUM(G29:G35) -> 0.42904899
B29: CH4 | C29: ='LCI_AD-b'!$E31*'IW+f'!C12 -> 2.3821712 | D29: ='LCI_AD-b'!$E31*'IW+f'!D12 -> 0 | E29: ='LCI_AD-b'!$E31*'IW+f'!E12 -> 0 | F29: ='LCI_AD-b'!$E31*'IW+f'!F12 -> 0 | G29: ='LCI_AD-b'!$E31*'IW+f'!G12 -> 0
B30: N2O | C30: ='LCI_AD-b'!$E32*'IW+f'!C20 -> 17.012982 | D30: ='LCI_AD-b'!$E32*'IW+f'!D20 -> 0 | E30: ='LCI_AD-b'!$E32*'IW+f'!E20 -> 0 | F30: ='LCI_AD-b'!$E32*'IW+f'!F20 -> 0 | G30: ='LCI_AD-b'!$E32*'IW+f'!G20 -> 0
B31: NH3 | C31: ='LCI_AD-b'!$E33*'IW+f'!C18 -> 0 | D31: ='LCI_AD-b'!$E33*'IW+f'!D18 -> 5.3456953 | E31: ='LCI_AD-b'!$E33*'IW+f'!E18 -> 0 | F31: ='LCI_AD-b'!$E33*'IW+f'!F18 -> 3.596854e-05 | G31: ='LCI_AD-b'!$E33*'IW+f'!G18 -> 0
B32: NMVOC | C32: ='LCI_AD-b'!$E34*'IW+f'!C23 -> 0 | D32: ='LCI_AD-b'!$E34*'IW+f'!D23 -> 0.078076707 | E32: ='LCI_AD-b'!$E34*'IW+f'!E23 -> 0 | F32: ='LCI_AD-b'!$E34*'IW+f'!F23 -> 5.0595209e-09 | G32: ='LCI_AD-b'!$E34*'IW+f'!G23 -> 0
B33: CO | C33: ='LCI_AD-b'!$E35*'IW+f'!C17 -> 0 | D33: ='LCI_AD-b'!$E35*'IW+f'!D17 -> 0 | E33: ='LCI_AD-b'!$E35*'IW+f'!E17 -> 0 | F33: ='LCI_AD-b'!$E35*'IW+f'!F17 -> 0 | G33: ='LCI_AD-b'!$E35*'IW+f'!G17 -> 0
B34: electricity | C34: ='LCI_AD-b'!$E37*'IW+f'!C2 -> 0.24305618 | D34: ='LCI_AD-b'!$E37*'IW+f'!D2 -> 0.037320666 | E34: ='LCI_AD-b'!$E37*'IW+f'!E2 -> 36.62906 | F34: ='LCI_AD-b'!$E37*'IW+f'!F2 -> 2.4246062e-07 | G34: ='LCI_AD-b'!$E37*'IW+f'!G2 -> 0.39435674
B35: diesel | C35: ='LCI_AD-b'!$E38*'IW+f'!C27 -> 0.38495173 | D35: ='LCI_AD-b'!$E38*'IW+f'!D27 -> 0.076702309 | E35: ='LCI_AD-b'!$E38*'IW+f'!E27 -> 25.042364 | F35: ='LCI_AD-b'!$E38*'IW+f'!F27 -> 2.4165125e-07 | G35: ='LCI_AD-b'!$E38*'IW+f'!G27 -> 0.034692256
A36: Land application of compost | C36: =SUM(C37:C41) -> -27.214301 | D36: =SUM(D37:D41) -> 7.1951541 | E36: =SUM(E37:E41) -> 0 | F36: =SUM(F37:F41) -> 1.4004956e-05 | G36: =SUM(G37:G41) -> 0
B37: N2O | C37: ='LCI_AD-b'!$E40*'IW+f'!C20 -> 3.6020203 | D37: ='LCI_AD-b'!$E40*'IW+f'!D20 -> 0 | E37: ='LCI_AD-b'!$E40*'IW+f'!E20 -> 0 | F37: ='LCI_AD-b'!$E40*'IW+f'!F20 -> 0 | G37: ='LCI_AD-b'!$E40*'IW+f'!G20 -> 0
B38: NH3 | C38: ='LCI_AD-b'!$E41*'IW+f'!C18 -> 0 | D38: ='LCI_AD-b'!$E41*'IW+f'!D18 -> 2.0814363 | E38: ='LCI_AD-b'!$E41*'IW+f'!E18 -> 0 | F38: ='LCI_AD-b'!$E41*'IW+f'!F18 -> 1.4004956e-05 | G38: ='LCI_AD-b'!$E41*'IW+f'!G18 -> 0
B39: NO3 | C39: ='LCI_AD-b'!$E42*'IW+f'!C21 -> 0 | D39: ='LCI_AD-b'!$E42*'IW+f'!D21 -> 5.2372358 | E39: ='LCI_AD-b'!$E42*'IW+f'!E21 -> 0 | F39: ='LCI_AD-b'!$E42*'IW+f'!F21 -> 0 | G39: ='LCI_AD-b'!$E42*'IW+f'!G21 -> 0
B40: (PO4)3- | C40: ='LCI_AD-b'!$E43*'IW+f'!C25 -> 0 | D40: ='LCI_AD-b'!$E43*'IW+f'!D25 -> -0.123518 | E40: ='LCI_AD-b'!$E43*'IW+f'!E25 -> 0 | F40: ='LCI_AD-b'!$E43*'IW+f'!F25 -> 0 | G40: ='LCI_AD-b'!$E43*'IW+f'!G25 -> 0
B41: CO2 fossil | C41: ='LCI_AD-b'!E44*'IW+f'!C26 -> -30.816321 | D41: ='LCI_AD-b'!$E45*'IW+f'!D26 -> 0 | E41: ='LCI_AD-b'!$E45*'IW+f'!E26 -> 0 | F41: ='LCI_AD-b'!$E45*'IW+f'!F26 -> 0 | G41: ='LCI_AD-b'!$E45*'IW+f'!G26 -> 0
A42: Substituted products | C42: =SUM(C43:C48) -> 0 | D42: =SUM(D43:D48) -> 40.731132 | E42: =SUM(E43:E48) -> 3660.3271 | F42: =SUM(F43:F48) -> 0.0001425117 | G42: =SUM(G43:G48) -> 65.209593
B43: N-fertilizer | C43: 0 | D43: ='LCI_AD-b'!$E46*'IW+f'!D28 -> 2.0596946 | E43: ='LCI_AD-b'!$E46*'IW+f'!E28 -> 228.26827 | F43: ='LCI_AD-b'!$E46*'IW+f'!F28 -> 1.1387282e-05 | G43: ='LCI_AD-b'!$E46*'IW+f'!G28 -> 23.373766
B44: P-fertilizer | C44: 0 | D44: ='LCI_AD-b'!$E47*'IW+f'!D30 -> 5.8033748 | E44: ='LCI_AD-b'!$E47*'IW+f'!E30 -> 218.3195 | F44: ='LCI_AD-b'!$E47*'IW+f'!F30 -> 4.7898741e-05 | G44: ='LCI_AD-b'!$E47*'IW+f'!G30 -> 29.538178
B45: K-fertilizer | C45: 0 | D45: ='LCI_AD-b'!$E48*'IW+f'!D29 -> 0.46221699 | E45: ='LCI_AD-b'!$E48*'IW+f'!E29 -> 30.790657 | F45: ='LCI_AD-b'!$E48*'IW+f'!F29 -> 2.1302278e-06 | G45: ='LCI_AD-b'!$E48*'IW+f'!G29 -> 0.89360271
B46: Peat | C46: 0 | D46: ='LCI_AD-b'!$E49*'IW+f'!D31 -> 0.26016692 | E46: ='LCI_AD-b'!$E49*'IW+f'!E31 -> 424.13181 | F46: ='LCI_AD-b'!$E49*'IW+f'!F31 -> 4.8284248e-07 | G46: ='LCI_AD-b'!$E49*'IW+f'!G31 -> 1.3478751
B47: Marginal heat | C47: 0 | D47: ='LCI_AD-b'!$E50*'IW+f'!D39 -> 7.1920017 | E47: ='LCI_AD-b'!$E50*'IW+f'!E39 -> 2543.1617 | F47: ='LCI_AD-b'!$E50*'IW+f'!F39 -> 1.1187239e-05 | G47: ='LCI_AD-b'!$E50*'IW+f'!G39 -> 3.075272
B48: Marginal electricity | C48: 0 | D48: ='LCI_AD-b'!$E51*'IW+f'!D37 -> 24.953677 | E48: ='LCI_AD-b'!$E51*'IW+f'!E37 -> 215.65515 | F48: ='LCI_AD-b'!$E51*'IW+f'!F37 -> 6.9425369e-05 | G48: ='LCI_AD-b'!$E51*'IW+f'!G37 -> 6.9808995
A50: Total impact | C50: =C5+C36-C42 -> 87.821561 | D50: =D5+D36-D42 -> -22.081544 | E50: =E5+E36-E42 -> -2970.0989 | F50: =F5+F36-F42 -> 7.9901808e-06 | G50: =G5+G36-G42 -> -48.942552

Sheet LCIA_AD-c
A3: IMPACT WORLD + FOOTPRINT
A4: Process | C4: Carbon footprint | D4: Ecosystem quality (residual) | E4: Energetic resource depletion | F4: Human health (residual) | G4: Water footprint - Scarcity
A5: AD | C5: =SUM(C6,C9,C12,C16,C23) -> 166.06528 | D5: =SUM(D6,D9,D12,D16,D25,D28) -> 113.02127 | E5: =SUM(E6,E9,E12,E16,E25,E28) -> 1685.6231 | F5: =SUM(F6,F9,F12,F16,F25,F28) -> 0.00089962786 | G5: =SUM(G6,G9,G12,G16,G25,G28) -> 34.39535
A6: Pretreatment | C6: =SUM(C7:C8) -> 0.7761065 | D6: =SUM(D7:D8) -> 0.11916921 | E6: =SUM(E7:E8) -> 116.96083 | F6: =SUM(F7:F8) -> 7.7420483e-07 | G6: =SUM(G7:G8) -> 1.2592267
B7: Electricity consumption | C7: ='LCI_AD-c'!$E4*'IW+f'!C2 -> 0.7761065 | D7: ='LCI_AD-c'!$E4*'IW+f'!D2 -> 0.11916921 | E7: ='LCI_AD-c'!$E4*'IW+f'!E2 -> 116.96083 | F7: ='LCI_AD-c'!$E4*'IW+f'!F2 -> 7.7420483e-07 | G7: ='LCI_AD-c'!$E4*'IW+f'!G2 -> 1.2592267
B8: Water consumption | C8: ='LCI_AD-c'!$E5*'IW+f'!C3 -> 0 | D8: ='LCI_AD-c'!$E5*'IW+f'!D3 -> 0 | E8: ='LCI_AD-c'!$E5*'IW+f'!E3 -> 0 | F8: ='LCI_AD-c'!$E5*'IW+f'!F3 -> 0 | G8: ='LCI_AD-c'!$E5*'IW+f'!G3 -> 0
A9: Incineration | C9: =SUM(C10:C11) -> 9.4912725 | D9: =SUM(D10:D11) -> 1.7760545 | E9: =SUM(E10:E11) -> 70.109594 | F9: =SUM(F10:F11) -> 3.9183036e-05 | G9: =SUM(G10:G11) -> 10.01854
B10: Transport | C10: ='LCI_AD-c'!$E7*'IW+f'!C4 -> 0.43472979 | D10: ='LCI_AD-c'!$E7*'IW+f'!D4 -> 0.063594202 | E10: ='LCI_AD-c'!$E7*'IW+f'!E4 -> 6.576112 | F10: ='LCI_AD-c'!$E7*'IW+f'!F4 -> 3.4579966e-07 | G10: ='LCI_AD-c'!$E7*'IW+f'!G4 -> 0.039223403
B11: Incineration | C11: ='LCI_AD-c'!$E8*'IW+f'!C5 -> 9.0565427 | D11: ='LCI_AD-c'!$E8*'IW+f'!D5 -> 1.7124603 | E11: ='LCI_AD-c'!$E8*'IW+f'!E5 -> 63.533482 | F11: ='LCI_AD-c'!$E8*'IW+f'!F5 -> 3.8837236e-05 | G11: ='LCI_AD-c'!$E8*'IW+f'!G5 -> 9.9793169
A12: AD | C12: =SUM(C13:C15) -> 52.248712 | D12: =SUM(D13:D15) -> 2.7873234 | E12: =SUM(E13:E15) -> 416.86802 | F12: =SUM(F13:F15) -> 4.5598348e-05 | G12: =SUM(G13:G15) -> 4.3060094
B13: Electricity | C13: ='LCI_AD-c'!$E10*'IW+f'!C2 -> 1.7365189 | D13: ='LCI_AD-c'!$E10*'IW+f'!D2 -> 0.26663811 | E13: ='LCI_AD-c'!$E10*'IW+f'!E2 -> 261.69692 | F13: ='LCI_AD-c'!$E10*'IW+f'!F2 -> 1.7322639e-06 | G13: ='LCI_AD-c'!$E10*'IW+f'!G2 -> 2.8174882
B14: Heat | C14: ='LCI_AD-c'!$E11*'IW+f'!C11 -> 9.6923673 | D14: ='LCI_AD-c'!$E11*'IW+f'!D11 -> 2.5206853 | E14: ='LCI_AD-c'!$E11*'IW+f'!E11 -> 155.1711 | F14: ='LCI_AD-c'!$E11*'IW+f'!F11 -> 4.3866084e-05 | G14: ='LCI_AD-c'!$E11*'IW+f'!G11 -> 1.4885212
B15: CH4 | C15: ='LCI_AD-c'!$E12*'IW+f'!C12 -> 40.819826 | D15: ='LCI_AD-c'!$E12*'IW+f'!D12 -> 0 | E15: ='LCI_AD-c'!$E12*'IW+f'!E12 -> 0 | F15: ='LCI_AD-c'!$E12*'IW+f'!F12 -> 0 | G15: ='LCI_AD-c'!$E12*'IW+f'!G12 -> 0
A16: Biogas upgrading | C16: =SUM(C17:C22) -> 67.422192 | D16: =SUM(D17:D22) -> 3.7790662 | E16: =SUM(E17:E22) -> 1081.6847 | F16: =SUM(F17:F22) -> 4.6055862e-05 | G16: =SUM(G17:G22) -> 18.811574
B17: CH4 | C17: ='LCI_AD-c'!$E17*'IW+f'!C12 -> 46.976728 | D17: ='LCI_AD-c'!$E17*'IW+f'!D12 -> 0 | E17: ='LCI_AD-c'!$E17*'IW+f'!E12 -> 0 | F17: ='LCI_AD-c'!$E17*'IW+f'!F12 -> 0 | G17: ='LCI_AD-c'!$E17*'IW+f'!G12 -> 0
B18: H2S | C18: ='LCI_AD-c'!$E18*'IW+f'!C24 -> 0 | D18: ='LCI_AD-c'!$E18*'IW+f'!D24 -> 0 | E18: ='LCI_AD-c'!$E18*'IW+f'!E24 -> 0 | F18: ='LCI_AD-c'!$E18*'IW+f'!F24 -> 0 | G18: ='LCI_AD-c'!$E18*'IW+f'!G24 -> 0
B19: Sox | C19: ='LCI_AD-c'!$E19*'IW+f'!C19 -> 0 | D19: ='LCI_AD-c'!$E19*'IW+f'!D19 -> 0.02458688 | E19: ='LCI_AD-c'!$E19*'IW+f'!E19 -> 0 | F19: ='LCI_AD-c'!$E19*'IW+f'!F19 -> 1.3714821e-07 | G19: ='LCI_AD-c'!$E19*'IW+f'!G19 -> 0
B20: Electricity | C20: ='LCI_AD-c'!$E20*'IW+f'!C2 -> 5.9160582 | D20: ='LCI_AD-c'!$E20*'IW+f'!D2 -> 0.9083959 | E20: ='LCI_AD-c'!$E20*'IW+f'!E2 -> 891.56201 | F20: ='LCI_AD-c'!$E20*'IW+f'!F2 -> 5.9015623e-06 | G20: ='LCI_AD-c'!$E20*'IW+f'!G2 -> 9.598758
B21: Activated carbon | C21: ='LCI_AD-c'!$E21*'IW+f'!C32 -> 0.6640648 | D21: ='LCI_AD-c'!$E21*'IW+f'!D32 -> 0.11414325 | E21: ='LCI_AD-c'!$E21*'IW+f'!E32 -> 8.3706898 | F21: ='LCI_AD-c'!$E21*'IW+f'!F32 -> 9.7423406e-07 | G21: ='LCI_AD-c'!$E21*'IW+f'!G32 -> 0.083275453
B22: Zeolite | C22: ='LCI_AD-c'!$E22*'IW+f'!C33 -> 13.865341 | D22: ='LCI_AD-c'!$E22*'IW+f'!D33 -> 2.7319401 | E22: ='LCI_AD-c'!$E22*'IW+f'!E33 -> 181.75197 | F22: ='LCI_AD-c'!$E22*'IW+f'!F33 -> 3.9042917e-05 | G22: ='LCI_AD-c'!$E22*'IW+f'!G33 -> 9.1295404
A23: Storage | C23: =C24 -> 36.126998 | D23: =D24 -> 0 | E23: =E24 -> 0 | F23: =F24 -> 0 | G23: =G24 -> 0
B24: CH4 | C24: ='LCI_AD-c'!$E25*'IW+f'!C12 -> 36.126998 | D24: ='LCI_AD-c'!$E25*'IW+f'!D12 -> 0 | E24: ='LCI_AD-c'!$E25*'IW+f'!E12 -> 0 | F24: ='LCI_AD-c'!$E25*'IW+f'!F12 -> 0 | G24: ='LCI_AD-c'!$E25*'IW+f'!G12 -> 0
A25: Land application of digestate | C25: =SUM(C26:C30) -> -96.310983 | D25: =SUM(D26:D30) -> 108.30291 | E25: =SUM(E26:E30) -> 0 | F25: =SUM(F26:F30) -> 0.00076801641 | G25: =SUM(G26:G30) -> 0
B26: N2O | C26: ='LCI_AD-c'!$E28*'IW+f'!C20 -> 19.040939 | D26: ='LCI_AD-c'!$E28*'IW+f'!D20 -> 0 | E26: ='LCI_AD-c'!$E28*'IW+f'!E20 -> 0 | F26: ='LCI_AD-c'!$E28*'IW+f'!F20 -> 0 | G26: ='LCI_AD-c'!$E28*'IW+f'!G20 -> 0
B27: NH3 | C27: ='LCI_AD-c'!$E29*'IW+f'!C18 -> 0 | D27: ='LCI_AD-c'!$E29*'IW+f'!D18 -> 114.14368 | E27: ='LCI_AD-c'!$E29*'IW+f'!E18 -> 0 | F27: ='LCI_AD-c'!$E29*'IW+f'!F18 -> 0.00076801641 | G27: ='LCI_AD-c'!$E29*'IW+f'!G18 -> 0
B28: NO3 | C28: ='LCI_AD-c'!$E30*'IW+f'!C21 -> 0 | D28: ='LCI_AD-c'!$E30*'IW+f'!D21 -> -3.7432544 | E28: ='LCI_AD-c'!$E30*'IW+f'!E21 -> 0 | F28: ='LCI_AD-c'!$E30*'IW+f'!F21 -> 0 | G28: ='LCI_AD-c'!$E30*'IW+f'!G21 -> 0
B29: (PO4)3- | C29: ='LCI_AD-c'!$E31*'IW+f'!C25 -> 0 | D29: ='LCI_AD-c'!$E31*'IW+f'!D25 -> -0.1942107 | E29: ='LCI_AD-c'!$E31*'IW+f'!E25 -> 0 | F29: ='LCI_AD-c'!$E31*'IW+f'!F25 -> 0 | G29: ='LCI_AD-c'!$E31*'IW+f'!G25 -> 0
B30: CO2 fossil | C30: ='LCI_AD-c'!$E32*'IW+f'!C26 -> -115.35192 | D30: ='LCI_AD-c'!$E32*'IW+f'!D26 -> -1.9033067 | E30: ='LCI_AD-c'!$E32*'IW+f'!E26 -> 0 | F30: ='LCI_AD-c'!$E32*'IW+f'!F26 -> 0 | G30: ='LCI_AD-c'!$E32*'IW+f'!G26 -> 0
A31: Substituted products | C31: =SUM(C32:C36) -> 0 | D31: =SUM(D32:D36) -> 29.674005 | E31: =SUM(E32:E36) -> 8837.3894 | F31: =SUM(F32:F36) -> 0.00014122565 | G31: =SUM(G32:G36) -> 110.4817
B32: N-fertilizer | C32: 0 | D32: ='LCI_AD-c'!$E34*'IW+f'!D28 -> 3.7699223 | E32: ='LCI_AD-c'!$E34*'IW+f'!E28 -> 417.80642 | F32: ='LCI_AD-c'!$E34*'IW+f'!F28 -> 2.0842492e-05 | G32: ='LCI_AD-c'!$E34*'IW+f'!G28 -> 42.781721
B33: P-fertilizer | C33: 0 | D33: ='LCI_AD-c'!$E35*'IW+f'!D30 -> 9.1248032 | E33: ='LCI_AD-c'!$E35*'IW+f'!E30 -> 343.26966 | F33: ='LCI_AD-c'!$E35*'IW+f'!F30 -> 7.5312485e-05 | G33: ='LCI_AD-c'!$E35*'IW+f'!G30 -> 46.443677
B34: K-fertilizer | C34: 0 | D34: ='LCI_AD-c'!$E36*'IW+f'!D29 -> 3.005312 | E34: ='LCI_AD-c'!$E36*'IW+f'!E29 -> 200.19933 | F34: ='LCI_AD-c'!$E36*'IW+f'!F29 -> 1.3850636e-05 | G34: ='LCI_AD-c'!$E36*'IW+f'!G29 -> 5.8101607
B35: Peat | C35: 0 | D35: ='LCI_AD-c'!$E37*'IW+f'!D31 -> 0.97385909 | E35: ='LCI_AD-c'!$E37*'IW+f'!E31 -> 1587.6139 | F35: ='LCI_AD-c'!$E37*'IW+f'!F31 -> 1.8073802e-06 | G35: ='LCI_AD-c'!$E37*'IW+f'!G31 -> 5.0453778
B36: Gas | C36: 0 | D36: ='LCI_AD-c'!$E38*'IW+f'!D38 -> 12.800108 | E36: ='LCI_AD-c'!$E38*'IW+f'!E38 -> 6288.5001 | F36: ='LCI_AD-c'!$E38*'IW+f'!F38 -> 2.9412656e-05 | G36: ='LCI_AD-c'!$E38*'IW+f'!G38 -> 10.400766
A37: Use of biomethane | H37: biomethane and natural gas are converted into heat
B38: CO2 fossil | C38: 0
A40: Total impact | C40: =C5+C25-C31+C38 -> 69.754298 | D40: =D5+D25-D31+D38 -> 191.65018 | E40: =E5+E25-E31+E38 -> -7151.7663 | F40: =F5+F25-F31+F38 -> 0.0015264186 | G40: =G5+G25-G31+G38 -> -76.086351

Sheet LCI_IC
A1: Industrial composting
A2: Process | B2: Flow direction | C2: Flow type | D2: Flow name | E2: Value | F2: Unit
A3: Pretreatment | B3: input | C3: Technosphere flow | D3: Waste | E3: 1 | F3: t
B4: input | C4: Technosphere flow | D4: Electricity | E4: =E3*Parameters!C3 -> 9.98 | F4: kWh
B5: input | C5: Technosphere flow | D5: Water
B6: output | C6: Intermediate flow | D6: Pretreated biowaste | E6: =E3*Parameters!C5 -> 0.77 | F6: t
A7: Incineration | B7: input | C7: Intermediate flow | D7: discarded biowaste | E7: =E3*(1-Parameters!C5)*1000 -> 230 | F7: kg
B8: input | C8: Intermediate flow | D8: Transprted discarded biowaste | E8: =E7*0.001*Parameters!C6 -> 2.3 | F8: tkm
A9: C/N correction | B9: input | C9: Technosphere flow | D9: Pretreated biowaste | E9: =E6 -> 0.77 | F9: t
B10: input | C10: Technosphere flow | D10: Wood chips consumption | E10: =E9*(1/8)*1000 -> 96.25 | F10: kg
B11: output | C11: Technosphere flow | D11: Biowaste+WC | E11: =E9+(E10/1000) -> 0.86625 | F11: t
A12: Active composting | B12: input | C12: Technosphere flow | D12: Biowaste+WC | E12: =E11 -> 0.86625 | F12: t
B13: output | C13: Elementary flow | D13: CH4 | E13: =[4]LCI!C4*1000 -> 0.1410178 | F13: kg | G13: data from PaCTEA
B14: output | C14: Elementary flow | D14: NH3 | E14: =[4]LCI!C5*1000 -> 0.1932546 | F14: kg | G14: data from PaCTEA
B15: output | C15: Elementary flow | D15: N2O | E15: =[4]LCI!C6*1000 -> 0.06009465 | F15: kg | G15: data from PaCTEA
B16: output | C16: Elementary flow | D16: CO2 | E16: =[4]LCI!C7*1000 -> 314.006 | F16: kg | G16: data from PaCTEA
B17: output | C17: Technosphere flow | D17: Electricity (aeration) | E17: =[4]LCI!$C$31*1000 -> 6.93 | F17: kWh | G17: data from PaCTEA
B18: output | C18: Technosphere flow | D18: Diesel | E18: =[4]LCI!$C$34*1000 -> 0 | F18: l | G18: data from PaCTEA
A19: Land application | B19: output | C19: Elementary flow | D19: NH3 | E19: =[4]LCI!C18*1000 -> 0.28248773 | F19: kg | G19: data from PaCTEA
B20: output | C20: Elementary flow | D20: N2O | E20: =[4]LCI!C19*1000 -> 0.099088 | F20: kg | G20: data from PaCTEA
B21: output | C21: Elementary flow | D21: NO3 | E21: =[4]LCI!C20*1000 -> 10.35596 | F21: kg | G21: data from PaCTEA
B22: output | C22: Elementary flow | D22: (PO4)3- | E22: =[4]LCI!$C$22*1000 -> -0.062584499 | F22: kg | G22: data from PaCTEA
B23: output | C23: Elementary flow | D23: CO2 fossil | E23: 0 | F23: kg | G23: data from PaCTEA
A24: Substitued products
C25: Technosphere flow | D25: N-fertilizer | E25: 0 | F25: kg
C26: Technosphere flow | D26: P-fertilizer | E26: 0 | F26: kg
C27: Technosphere flow | D27: K-fertilizer | E27: 0 | F27: kg
C28: Technosphere flow | D28: Peat | E28: 0 | F28: kg

Sheet LCIA_IC
A1: Process | C1: acidification: terrestrial - terrestrial acidification potential (TAP) | D1: climate change - global warming potential (GWP100) | E1: ecotoxicity: freshwater - freshwater ecotoxicity potential (FETP) | F1: ecotoxicity: marine - marine ecotoxicity potential (METP) | G1: ecotoxicity: terrestrial - terrestrial ecotoxicity potential (TETP) | H1: energy resources: non-renewable, fossil - fossil fuel potential (FFP) | I1: eutrophication: freshwater - freshwater eutrophication potential (FEP) | J1: eutrophication: marine - marine eutrophication potential (MEP) | K1: human toxicity: carcinogenic - human toxicity potential (HTPc) | L1: human toxicity: non-carcinogenic - human toxicity potential (HTPnc) | M1: ionising radiation - ionising radiation potential (IRP) | N1: land use - agricultural land occupation (LOP) | O1: material resources: metals/minerals - surplus ore potential (SOP) | P1: ozone depletion - ozone depletion potential (ODPinfinite) | Q1: particulate matter formation - particulate matter formation potential (PMFP) | R1: photochemical oxidant formation: human health - photochemical oxidant formation potential: humans (HOFP) | S1: photochemical oxidant formation: terrestrial ecosystems - photochemical oxidant formation potential: ecosystems (EOFP) | T1: water use - water consumption potential (WCP)
A2: Pretreatment
B3: Electricity consumption | C3: =LCI!$E102*impact_process_mid!C2 -> 0.00090312822 | D3: =LCI!$E102*impact_process_mid!D2 -> 0.79247376 | E3: =LCI!$E102*impact_process_mid!E2 -> 0.061910243 | F3: =LCI!$E102*impact_process_mid!F2 -> 0.078345671 | G3: =LCI!$E102*impact_process_mid!G2 -> 5.6623345 | H3: =LCI!$E102*impact_process_mid!H2 -> 0.2432694 | I3: =LCI!$E102*impact_process_mid!I2 -> 0.00015313457 | J3: =LCI!$E102*impact_process_mid!J2 -> 0.0001154348 | ... T3: =LCI!$E102*impact_process_mid!T2 -> 0.03128965
B4: Water consumption | C4: =LCI!E$103*impact_process_mid!C3 -> 0 | D4: =LCI!F$103*impact_process_mid!D3 -> 0 | E4: =LCI!G$103*impact_process_mid!E3 -> 0 | F4: =LCI!H$103*impact_process_mid!F3 -> 0 | G4: =LCI!I$103*impact_process_mid!G3 -> 0 | H4: =LCI!J$103*impact_process_mid!H3 -> 0 | I4: =LCI!K$103*impact_process_mid!I3 -> 0 | J4: =LCI!L$103*impact_process_mid!J3 -> 0 | ... T4: =LCI!V$103*impact_process_mid!T3 -> 0
A5: Incineration
B6: Incineration | C6: =LCI!$E105*impact_process_mid!C4 -> 0.031368688 | D6: =LCI!$E105*impact_process_mid!D4 -> 9.4255904 | E6: =LCI!$E105*impact_process_mid!E4 -> 1.5611552 | F6: =LCI!$E105*impact_process_mid!F4 -> 2.0858238 | G6: =LCI!$E105*impact_process_mid!G4 -> 21.548877 | H6: =LCI!$E105*impact_process_mid!H4 -> 1.3294787 | I6: =LCI!$E105*impact_process_mid!I4 -> 0.011197026 | J6: =LCI!$E105*impact_process_mid!J4 -> 0.0027794864 | ... T6: =LCI!$E105*impact_process_mid!T4 -> 0.41857403
A7: C/N correction
B8: Wood chips consumption | C8: =LCI!$E108*impact_process_mid!C33 -> 0.011007509 | D8: =LCI!$E108*impact_process_mid!D33 -> 4.4318595 | E8: =LCI!$E108*impact_process_mid!E33 -> 0.099567826 | F8: =LCI!$E108*impact_process_mid!F33 -> 0.15522086 | G8: =LCI!$E108*impact_process_mid!G33 -> 44.455754 | H8: =LCI!$E108*impact_process_mid!H33 -> 1.33773 | I8: =LCI!$E108*impact_process_mid!I33 -> 0.0015219498 | J8: =LCI!$E108*impact_process_mid!J33 -> 0.00024301467 | ... T8: =LCI!$E108*impact_process_mid!T33 -> 0.020737907
A9: Active composting
B10: CH4direct | C10: =LCI!$E112*impact_process_mid!C11 -> 0 | D10: =LCI!$E112*impact_process_mid!D11 -> 4.7946052 | E10: =LCI!$E112*impact_process_mid!E11 -> 0 | F10: =LCI!$E112*impact_process_mid!F11 -> 0 | G10: =LCI!$E112*impact_process_mid!G11 -> 0 | H10: =LCI!$E112*impact_process_mid!H11 -> 0 | I10: =LCI!$E112*impact_process_mid!I11 -> 0 | J10: =LCI!$E112*impact_process_mid!J11 -> 0 | ... T10: =LCI!$E112*impact_process_mid!T11 -> 0
B11: NH3direct | C11: =LCI!$E113*impact_process_mid!C17 -> 0.37877902 | D11: =LCI!$E113*impact_process_mid!D17 -> 0 | E11: =LCI!$E113*impact_process_mid!E17 -> 0 | F11: =LCI!$E113*impact_process_mid!F17 -> 0 | G11: =LCI!$E113*impact_process_mid!G17 -> 0 | H11: =LCI!$E113*impact_process_mid!H17 -> 0 | I11: =LCI!$E113*impact_process_mid!I17 -> 0 | J11: =LCI!$E113*impact_process_mid!J17 -> 0 | ... T11: =LCI!$E113*impact_process_mid!T17 -> 0
B12: N2Odirect | C12: =LCI!$E114*impact_process_mid!C19 -> 0 | D12: =LCI!$E114*impact_process_mid!D19 -> 17.908206 | E12: =LCI!$E114*impact_process_mid!E19 -> 0 | F12: =LCI!$E114*impact_process_mid!F19 -> 0 | G12: =LCI!$E114*impact_process_mid!G19 -> 0 | H12: =LCI!$E114*impact_process_mid!H19 -> 0 | I12: =LCI!$E114*impact_process_mid!I19 -> 0 | J12: =LCI!$E114*impact_process_mid!J19 -> 0 | ... T12: =LCI!$E114*impact_process_mid!T19 -> 0
B13: Electricity consumption | C13: =LCI!$E116*impact_process_mid!C2 -> 0.0006271221 | D13: =LCI!$E116*impact_process_mid!D2 -> 0.55028489 | E13: =LCI!$E116*impact_process_mid!E2 -> 0.042989778 | F13: =LCI!$E116*impact_process_mid!F2 -> 0.054402355 | G13: =LCI!$E116*impact_process_mid!G2 -> 3.9318615 | H13: =LCI!$E116*impact_process_mid!H2 -> 0.16892354 | I13: =LCI!$E116*impact_process_mid!I2 -> 0.00010633493 | J13: =LCI!$E116*impact_process_mid!J2 -> 8.0156626e-05 | ... T13: =LCI!$E116*impact_process_mid!T2 -> 0.021727182
A14: Substitution
B15: Market of peat
B16: Market of Nfertilizer
B17: Market of Pfertilizer
B18: Market of Kfertilizer
A19: Use-on-land
B20: N2Onet from use-on-land
B21: NO3net from use-on-land
B22: NH3net from use on-land
B23: (PO4)3-net from use-on-land
B24: CO2net from use-on-land
A27: IMPACT WORLD + FOOTPRINT
A28: Process | C28: Carbon footprint | D28: Ecosystem quality (residual) | E28: Energetic resource depletion | F28: Human health (residual) | G28: Water footprint - Scarcity
A29: Composting | C29: =SUM(C30,C33,C36,C38) -> 35.421319 | D29: =SUM(D30,D33,D36,D38) -> 32.067942 | E29: =SUM(E30,E33,E36,E38) -> 337.21257 | F29: =SUM(F30,F33,F36,F38) -> 7.8437449e-05 | G29: =SUM(G30,G33,G36,G38) -> 13.278829
A30: Pretreatment | C30: =SUM(C31:C32) -> 0.7761065 | D30: =SUM(D31:D32) -> 0.11916921 | E30: =SUM(E31:E32) -> 116.96083 | F30: =SUM(F31:F32) -> 7.7420483e-07 | G30: =SUM(G31:G32) -> 1.2592267
B31: Electricity consumption | C31: =LCI_IC!$E4*'IW+f'!C2 -> 0.7761065 | D31: =LCI_IC!$E4*'IW+f'!D2 -> 0.11916921 | E31: =LCI_IC!$E4*'IW+f'!E2 -> 116.96083 | F31: =LCI_IC!$E4*'IW+f'!F2 -> 7.7420483e-07 | G31: =LCI_IC!$E4*'IW+f'!G2 -> 1.2592267
B32: Water consumption | C32: =LCI_IC!$E5*'IW+f'!C3 -> 0 | D32: =LCI_IC!$E5*'IW+f'!D3 -> 0 | E32: =LCI_IC!$E5*'IW+f'!E3 -> 0 | F32: =LCI_IC!$E5*'IW+f'!F3 -> 0 | G32: =LCI_IC!$E5*'IW+f'!G3 -> 0
A33: Incineration | C33: =SUM(C34:C35) -> 9.4912725 | D33: =SUM(D34:D35) -> 1.7760545 | E33: =SUM(E34:E35) -> 70.109594 | F33: =SUM(F34:F35) -> 3.9183036e-05 | G33: =SUM(G34:G35) -> 10.01854
B34: Transport | C34: =LCI_IC!$E8*'IW+f'!C4 -> 0.43472979 | D34: =LCI_IC!$E8*'IW+f'!D4 -> 0.063594202 | E34: =LCI_IC!$E8*'IW+f'!E4 -> 6.576112 | F34: =LCI_IC!$E8*'IW+f'!F4 -> 3.4579966e-07 | G34: =LCI_IC!$E8*'IW+f'!G4 -> 0.039223403
B35: Incineration | C35: =LCI_IC!$E7*'IW+f'!C5 -> 9.0565427 | D35: =LCI_IC!$E7*'IW+f'!D5 -> 1.7124603 | E35: =LCI_IC!$E7*'IW+f'!E5 -> 63.533482 | F35: =LCI_IC!$E7*'IW+f'!F5 -> 3.8837236e-05 | G35: =LCI_IC!$E7*'IW+f'!G5 -> 9.9793169
A36: C/N correction | C36: =C37 -> 4.4017004 | D36: =D37 -> 24.994858 | E36: =E37 -> 68.925863 | F36: =F37 -> 3.6601305e-06 | G36: =G37 -> 1.1266688
B37: Wood chips consumption | C37: =LCI_IC!$E10*'IW+f'!C35 -> 4.4017004 | D37: =LCI_IC!$E10*'IW+f'!D35 -> 24.994858 | E37: =LCI_IC!$E10*'IW+f'!E35 -> 68.925863 | F37: =LCI_IC!$E10*'IW+f'!F35 -> 3.6601305e-06 | G37: =LCI_IC!$E10*'IW+f'!G35 -> 1.1266688
A38: Active composting | C38: =SUM(C39:C42) -> 20.75224 | D38: =SUM(D39:D42) -> 5.1778602 | E38: =SUM(E39:E42) -> 81.216286 | F38: =SUM(F39:F42) -> 3.4820078e-05 | G38: =SUM(G39:G42) -> 0.87439288
B39: CH4 | C39: =LCI_IC!$E13*'IW+f'!C12 -> 3.8074806 | D39: =LCI_IC!$E13*'IW+f'!D12 -> 0 | E39: =LCI_IC!$E13*'IW+f'!E12 -> 0 | F39: =LCI_IC!$E13*'IW+f'!F12 -> 0 | G39: =LCI_IC!$E13*'IW+f'!G12 -> 0
B40: NH3 | C40: =LCI_IC!$E14*'IW+f'!C18 -> 0 | D40: =LCI_IC!$E14*'IW+f'!D18 -> 5.0951105 | E40: =LCI_IC!$E14*'IW+f'!E18 -> 0 | F40: =LCI_IC!$E14*'IW+f'!F18 -> 3.4282479e-05 | G40: =LCI_IC!$E14*'IW+f'!G18 -> 0
B41: N2O | C41: =LCI_IC!$E15*'IW+f'!C20 -> 16.405839 | D41: =LCI_IC!$E15*'IW+f'!D20 -> 0 | E41: =LCI_IC!$E15*'IW+f'!E20 -> 0 | F41: =LCI_IC!$E15*'IW+f'!F20 -> 0 | G41: =LCI_IC!$E15*'IW+f'!G20 -> 0
B42: Electricity consumption | C42: =LCI_IC!$E17*'IW+f'!C2 -> 0.53891964 | D42: =LCI_IC!$E17*'IW+f'!D2 -> 0.082749759 | E42: =LCI_IC!$E17*'IW+f'!E2 -> 81.216286 | F42: =LCI_IC!$E17*'IW+f'!F2 -> 5.3759914e-07 | G42: =LCI_IC!$E17*'IW+f'!G2 -> 0.87439288
A43: Land application | C43: =SUM(C44:C48) -> 27.051024 | D43: =SUM(D44:D48) -> 27.721841 | E43: =SUM(E44:E48) -> 0 | F43: =SUM(F44:F48) -> 5.0112026e-05 | G43: =SUM(G44:G48) -> 0
B44: NH3 | C44: =LCI_IC!$E19*'IW+f'!C18 -> 0 | D44: =LCI_IC!$E19*'IW+f'!D18 -> 7.4477201 | E44: =LCI_IC!$E19*'IW+f'!E18 -> 0 | F44: =LCI_IC!$E19*'IW+f'!F18 -> 5.0112026e-05 | G44: =LCI_IC!$E19*'IW+f'!G18 -> 0
B45: N2O | C45: =LCI_IC!$E20*'IW+f'!C20 -> 27.051024 | D45: =LCI_IC!$E20*'IW+f'!D20 -> 0 | E45: =LCI_IC!$E20*'IW+f'!E20 -> 0 | F45: =LCI_IC!$E20*'IW+f'!F20 -> 0 | G45: =LCI_IC!$E20*'IW+f'!G20 -> 0
B46: NO3 | C46: =LCI_IC!$E21*'IW+f'!C21 -> 0 | D46: =LCI_IC!$E21*'IW+f'!D21 -> 20.469849 | E46: =LCI_IC!$E21*'IW+f'!E21 -> 0 | F46: =LCI_IC!$E21*'IW+f'!F21 -> 0 | G46: =LCI_IC!$E21*'IW+f'!G21 -> 0
B47: (PO4)3- | C47: =LCI_IC!$E22*'IW+f'!C25 -> 0 | D47: =LCI_IC!$E22*'IW+f'!D25 -> -0.19572787 | E47: =LCI_IC!$E22*'IW+f'!E25 -> 0 | F47: =LCI_IC!$E22*'IW+f'!F25 -> 0 | G47: =LCI_IC!$E22*'IW+f'!G25 -> 0
B48: CO2 fossil | C48: =LCI_IC!$E23*'IW+f'!C26 -> 0 | D48: =LCI_IC!$E23*'IW+f'!D26 -> 0 | E48: =LCI_IC!$E23*'IW+f'!E26 -> 0 | F48: =LCI_IC!$E23*'IW+f'!F26 -> 0 | G48: =LCI_IC!$E23*'IW+f'!G26 -> 0
A49: Substituted products | C49: =SUM(C50:C53) -> 0 | D49: =SUM(D50:D53) -> 0 | E49: =SUM(E50:E53) -> 0 | F49: =SUM(F50:F53) -> 0 | G49: =SUM(G50:G53) -> 0
B50: N-fertilizer | C50: =LCI_IC!$E25*'IW+f'!C28 -> 0 | D50: =LCI_IC!$E25*'IW+f'!D28 -> 0 | E50: =LCI_IC!$E25*'IW+f'!E28 -> 0 | F50: =LCI_IC!$E25*'IW+f'!F28 -> 0 | G50: =LCI_IC!$E25*'IW+f'!G28 -> 0
B51: P-fertilizer | C51: =LCI_IC!$E26*'IW+f'!C30 -> 0 | D51: =LCI_IC!$E26*'IW+f'!D30 -> 0 | E51: =LCI_IC!$E26*'IW+f'!E30 -> 0 | F51: =LCI_IC!$E26*'IW+f'!F30 -> 0 | G51: =LCI_IC!$E26*'IW+f'!G30 -> 0
B52: K-fertilizer | C52: =LCI_IC!$E27*'IW+f'!C29 -> 0 | D52: =LCI_IC!$E27*'IW+f'!D29 -> 0 | E52: =LCI_IC!$E27*'IW+f'!E29 -> 0 | F52: =LCI_IC!$E27*'IW+f'!F29 -> 0 | G52: =LCI_IC!$E27*'IW+f'!G29 -> 0
B53: Peat | C53: =LCI_IC!$E28*'IW+f'!C31 -> 0 | D53: =LCI_IC!$E28*'IW+f'!D31 -> 0 | E53: =LCI_IC!$E28*'IW+f'!E31 -> 0 | F53: =LCI_IC!$E28*'IW+f'!F31 -> 0 | G53: =LCI_IC!$E28*'IW+f'!G31 -> 0
A55: Total impact | C55: =C29+C43-C49 -> 62.472343 | D55: =D29+D43-D49 -> 59.789784 | E55: =E29+E43-E49 -> 337.21257 | F55: =F29+F43-F49 -> 0.00012854948 | G55: =G29+G43-G49 -> 13.278829
A57: IMPACT WORLD + ENDPOINT
A58: Process | C58: Climate change, ecosystem quality, long term | D58: Climate change, ecosystem quality, short term | E58: Climate change, human health, long term | F58: Climate change, human health, short term | G58: Fisheries impact | H58: Freshwater acidification | I58: Freshwater ecotoxicity, long term | J58: Freshwater ecotoxicity, short term | K58: Freshwater eutrophication | L58: Human toxicity cancer, long term | M58: Human toxicity cancer, short term | N58: Human toxicity non-cancer, long term | O58: Human toxicity non-cancer, short term | P58: Ionizing radiations, ecosystem quality | Q58: Ionizing radiations, human health | R58: Land occupation, biodiversity | S58: Land transformation, biodiversity | T58: Marine acidification, long term | U58: Marine acidification, short term | V58: Marine ecotoxicity, long term | W58: Marine ecotoxicity, short term | X58: Marine eutrophication | Y58: Ozone layer depletion | Z58: Particulate matter formation | AA58: Photochemical ozone formation, ecosystem quality | AB58: Photochemical ozone formation, human health | AC58: Terrestrial acidification | AD58: Terrestrial ecotoxicity, long term | AE58: Terrestrial ecotoxicity, short term | AF58: Thermally polluted water | AG58: Total ecosystem quality | AH58: Total human health | AI58: Water availability, freshwater ecosystem | AJ58: Water availability, human health | AK58: Water availability, terrestrial ecosystem
A59: Composting
A60: Pretreatment
B61: Electricity consumption | C61: =LCI_IC!$E4*'IW+_end'!C2 -> 0.29375834 | D61: =LCI_IC!$E4*'IW+_end'!D2 -> 0.089990846 | E61: =LCI_IC!$E4*'IW+_end'!E2 -> 3.958973e-06 | F61: =LCI_IC!$E4*'IW+_end'!F2 -> 1.2128042e-06 | G61: =LCI_IC!$E4*'IW+_end'!G2 -> 9.0040098e-20 | H61: =LCI_IC!$E4*'IW+_end'!H2 -> 0.0051931115 | I61: =LCI_IC!$E4*'IW+_end'!I2 -> 0.24839019 | J61: =LCI_IC!$E4*'IW+_end'!J2 -> 0.012340834 | ... AK61: =LCI_IC!$E4*'IW+_end'!AK2 -> 1.4715139e-05
B62: Water consumption | C62: =LCI_IC!$E5*'IW+_end'!C3 -> 0 | D62: =LCI_IC!$E5*'IW+_end'!D3 -> 0 | E62: =LCI_IC!$E5*'IW+_end'!E3 -> 0 | F62: =LCI_IC!$E5*'IW+_end'!F3 -> 0 | G62: =LCI_IC!$E5*'IW+_end'!G3 -> 0 | H62: =LCI_IC!$E5*'IW+_end'!H3 -> 0 | I62: =LCI_IC!$E5*'IW+_end'!I3 -> 0 | J62: =LCI_IC!$E5*'IW+_end'!J3 -> 0 | ... AK62: =LCI_IC!$E5*'IW+_end'!AK3 -> 0
A63: Incineration
B64: Transport | C64: =LCI_IC!$E8*'IW+_end'!C5 -> 0.16422934 | D64: =LCI_IC!$E8*'IW+_end'!D5 -> 0.050160114 | E64: =LCI_IC!$E8*'IW+_end'!E5 -> 2.2133143e-06 | F64: =LCI_IC!$E8*'IW+_end'!F5 -> 6.7600648e-07 | G64: =LCI_IC!$E8*'IW+_end'!G5 -> 3.4259653e-19 | H64: =LCI_IC!$E8*'IW+_end'!H5 -> 0.0019088749 | I64: =LCI_IC!$E8*'IW+_end'!I5 -> 0.021165975 | J64: =LCI_IC!$E8*'IW+_end'!J5 -> 0.007784244 | ... AK64: =LCI_IC!$E8*'IW+_end'!AK5 -> 6.4212373e-06
B65: Incineration | C65: =LCI_IC!$E7*'IW+_end'!C4 -> 2.8461746 | D65: =LCI_IC!$E7*'IW+_end'!D4 -> 1.1214612 | E65: =LCI_IC!$E7*'IW+_end'!E4 -> 3.8357816e-05 | F65: =LCI_IC!$E7*'IW+_end'!F4 -> 1.5113901e-05 | G65: =LCI_IC!$E7*'IW+_end'!G4 -> 1.3417015e-18 | H65: =LCI_IC!$E7*'IW+_end'!H4 -> 0.070661974 | I65: =LCI_IC!$E7*'IW+_end'!I4 -> 0.93416719 | J65: =LCI_IC!$E7*'IW+_end'!J4 -> 0.11947233 | ... AK65: =LCI_IC!$E7*'IW+_end'!AK4 -> 0.00021385693
A66: C/N correction
B67: Wood chips consumption | C67: =LCI_IC!$E10*'IW+_end'!C35 -> 1.6395462 | D67: =LCI_IC!$E10*'IW+_end'!D35 -> 0.50112891 | E67: =LCI_IC!$E10*'IW+_end'!E35 -> 2.2096119e-05 | F67: =LCI_IC!$E10*'IW+_end'!F35 -> 6.7537005e-06 | G67: =LCI_IC!$E10*'IW+_end'!G35 -> 4.3333902e-18 | H67: =LCI_IC!$E10*'IW+_end'!H35 -> 0.024955936 | I67: =LCI_IC!$E10*'IW+_end'!I35 -> 0.39389429 | J67: =LCI_IC!$E10*'IW+_end'!J35 -> 0.06702932 | ... AK67: =LCI_IC!$E10*'IW+_end'!AK35 -> 0.00026276845
A68: Active composting
B69: CH4 | C69: =LCI_IC!$E13*'IW+_end'!C12 -> 0.087490212 | D69: =LCI_IC!$E13*'IW+_end'!D12 -> 0.33228108 | E69: =LCI_IC!$E13*'IW+_end'!E12 -> 1.1791032e-06 | F69: =LCI_IC!$E13*'IW+_end'!F12 -> 4.4781472e-06 | G69: =LCI_IC!$E13*'IW+_end'!G12 -> 0 | H69: =LCI_IC!$E13*'IW+_end'!H12 -> 0 | I69: =LCI_IC!$E13*'IW+_end'!I12 -> 0 | J69: =LCI_IC!$E13*'IW+_end'!J12 -> 0 | ... AK69: =LCI_IC!$E13*'IW+_end'!AK12 -> 0
B70: NH3 | C70: =LCI_IC!$E14*'IW+_end'!C18 -> 0 | D70: =LCI_IC!$E14*'IW+_end'!D18 -> 0 | E70: =LCI_IC!$E14*'IW+_end'!E18 -> 0 | F70: =LCI_IC!$E14*'IW+_end'!F18 -> 0 | G70: =LCI_IC!$E14*'IW+_end'!G18 -> 0 | H70: =LCI_IC!$E14*'IW+_end'!H18 -> 0.35688626 | I70: =LCI_IC!$E14*'IW+_end'!I18 -> 0 | J70: =LCI_IC!$E14*'IW+_end'!J18 -> 0 | ... AK70: =LCI_IC!$E14*'IW+_end'!AK18 -> 0
B71: N2O | C71: =LCI_IC!$E15*'IW+_end'!C20 -> 3.0559652 | D71: =LCI_IC!$E15*'IW+_end'!D20 -> 2.2671796 | E71: =LCI_IC!$E15*'IW+_end'!E20 -> 4.1185159e-05 | F71: =LCI_IC!$E15*'IW+_end'!F20 -> 3.0554717e-05 | G71: =LCI_IC!$E15*'IW+_end'!G20 -> 0 | H71: =LCI_IC!$E15*'IW+_end'!H20 -> 0 | I71: =LCI_IC!$E15*'IW+_end'!I20 -> 0 | J71: =LCI_IC!$E15*'IW+_end'!J20 -> 0 | ... AK71: =LCI_IC!$E15*'IW+_end'!AK20 -> 0
B72: Electricity consumption | C72: =LCI_IC!$E17*'IW+_end'!C2 -> 0.20398249 | D72: =LCI_IC!$E17*'IW+_end'!D2 -> 0.062488633 | E72: =LCI_IC!$E17*'IW+_end'!E2 -> 2.7490664e-06 | F72: =LCI_IC!$E17*'IW+_end'!F2 -> 8.4215759e-07 | G72: =LCI_IC!$E17*'IW+_end'!G2 -> 6.2522833e-20 | H72: =LCI_IC!$E17*'IW+_end'!H2 -> 0.0036060383 | I72: =LCI_IC!$E17*'IW+_end'!I2 -> 0.17247936 | J72: =LCI_IC!$E17*'IW+_end'!J2 -> 0.0085693364 | ... AK72: =LCI_IC!$E17*'IW+_end'!AK2 -> 1.0218028e-05
A73: Land application
B74: NH3 | C74: =LCI_IC!$E19*'IW+_end'!C18 -> 0 | D74: =LCI_IC!$E19*'IW+_end'!D18 -> 0 | E74: =LCI_IC!$E19*'IW+_end'!E18 -> 0 | F74: =LCI_IC!$E19*'IW+_end'!F18 -> 0 | G74: =LCI_IC!$E19*'IW+_end'!G18 -> 0 | H74: =LCI_IC!$E19*'IW+_end'!H18 -> 0.52167446 | I74: =LCI_IC!$E19*'IW+_end'!I18 -> 0 | J74: =LCI_IC!$E19*'IW+_end'!J18 -> 0 | ... AK74: =LCI_IC!$E19*'IW+_end'!AK18 -> 0
B75: N2O | C75: =LCI_IC!$E20*'IW+_end'!C20 -> 5.0388759 | D75: =LCI_IC!$E20*'IW+_end'!D20 -> 3.7382745 | E75: =LCI_IC!$E20*'IW+_end'!E20 -> 6.7908791e-05 | F75: =LCI_IC!$E20*'IW+_end'!F20 -> 5.0380622e-05 | G75: =LCI_IC!$E20*'IW+_end'!G20 -> 0 | H75: =LCI_IC!$E20*'IW+_end'!H20 -> 0 | I75: =LCI_IC!$E20*'IW+_end'!I20 -> 0 | J75: =LCI_IC!$E20*'IW+_end'!J20 -> 0 | ... AK75: =LCI_IC!$E20*'IW+_end'!AK20 -> 0
B76: NO3 | C76: =LCI_IC!$E21*'IW+_end'!C21 -> 0 | D76: =LCI_IC!$E21*'IW+_end'!D21 -> 0 | E76: =LCI_IC!$E21*'IW+_end'!E21 -> 0 | F76: =LCI_IC!$E21*'IW+_end'!F21 -> 0 | G76: =LCI_IC!$E21*'IW+_end'!G21 -> 0 | H76: =LCI_IC!$E21*'IW+_end'!H21 -> 0 | I76: =LCI_IC!$E21*'IW+_end'!I21 -> 0 | J76: =LCI_IC!$E21*'IW+_end'!J21 -> 0 | ... AK76: =LCI_IC!$E21*'IW+_end'!AK21 -> 0
B77: (PO4)3-
B78: CO2 fossil
A79: Substituted products
B80: N-fertilizer
B81: P-fertilizer
B82: K-fertilizer
B83: Peat

Sheet IW+_end
A1: Process | B1: Reference unit | C1: Climate change, ecosystem quality, long term | D1: Climate change, ecosystem quality, short term | E1: Climate change, human health, long term | F1: Climate change, human health, short term | G1: Fisheries impact | H1: Freshwater acidification | I1: Freshwater ecotoxicity, long term | J1: Freshwater ecotoxicity, short term | K1: Freshwater eutrophication | L1: Human toxicity cancer, long term | M1: Human toxicity cancer, short term | N1: Human toxicity non-cancer, long term | O1: Human toxicity non-cancer, short term | P1: Ionizing radiations, ecosystem quality | Q1: Ionizing radiations, human health | R1: Land occupation, biodiversity | S1: Land transformation, biodiversity | T1: Marine acidification, long term | U1: Marine acidification, short term | V1: Marine ecotoxicity, long term | W1: Marine ecotoxicity, short term | X1: Marine eutrophication | Y1: Ozone layer depletion | Z1: Particulate matter formation | AA1: Photochemical ozone formation, ecosystem quality | AB1: Photochemical ozone formation, human health | AC1: Terrestrial acidification | AD1: Terrestrial ecotoxicity, long term | AE1: Terrestrial ecotoxicity, short term | AF1: Thermally polluted water | AG1: Total ecosystem quality | AH1: Total human health | AI1: Water availability, freshwater ecosystem | AJ1: Water availability, human health | AK1: Water availability, terrestrial ecosystem | AM1: Ecoinvent process | AN1: Region
A2: Electricity production | B2: kWh | C2: 0.029434703 | D2: 0.0090171188 | E2: 3.9669068e-07 | F2: 1.2152346e-07 | G2: 9.0220539e-21 | H2: 0.00052035185 | I2: 0.024888796 | J2: 0.0012365565 | K2: 2.1482719e-06 | L2: 8.7189411e-10 | M2: 1.6630166e-08 | N2: 1.9716035e-08 | O2: 1.0495037e-08 | P2: 4.1472255e-10 | Q2: 1.2788915e-08 | R2: 0.0016567241 | S2: 0.0011680202 | T2: 0.010269588 | U2: 0.0011147872 | V2: 9.6682892e-08 | W2: 2.6607992e-08 | X2: 6.8100187e-05 | Y2: 4.6326221e-12 | Z2: 3.7499949e-08 | AA2: 0.0015786993 | AB2: 1.5693505e-10 | AC2: 0.0034337732 | AD2: 0.0035290615 | AE2: 0.00097119172 | AF2: 0.00019042271 | AG2: 0.089082653 | AH2: 7.3991032e-07 | AI2: 1.011382e-06 | AJ2: 1.2353261e-07 | AK2: 1.4744629e-06 | AM2: market for electricity, medium voltage | electricity, medium voltage | Cutoff, U | AN2: FR
A3: Water production | B3: kg | C3: 0.00011863638 | D3: 3.5826192e-05 | E3: 1.5988593e-09 | F3: 4.828286e-10 | G3: 1.4472652e-20 | H3: 2.6983115e-06 | I3: 2.7477981e-05 | J3: 6.1320649e-06 | K3: 1.2606069e-08 | L3: 1.408413e-11 | M3: 9.2762381e-10 | N3: 3.9435252e-10 | O3: 6.711082e-11 | P3: 1.4514271e-13 | Q3: 2.798748e-12 | R3: 4.7297185e-06 | S3: 6.0711292e-06 | T3: 4.2913089e-05 | U3: 4.6582693e-06 | V3: 4.9804263e-11 | W3: 3.9972635e-11 | X3: 2.4074305e-07 | Y3: 1.3310981e-14 | Z3: 2.4250395e-10 | AA3: 6.8457405e-06 | AB3: 6.8269851e-13 | AC3: 1.7503834e-05 | AD3: 1.8179051e-06 | AE3: 1.4590012e-06 | AF3: 1.0616678e-07 | AG3: 0.00028632407 | AH3: 4.2091312e-08 | AI3: 3.140634e-07 | AJ3: 3.8360455e-08 | AK3: 8.8807766e-06 | AM3: market for tap water | tap water | Cutoff, U | AN3: Europe without Switzerland
A4: Incineration | B4: kg | C4: 0.012374672 | D4: 0.0048759181 | E4: 1.6677311e-07 | F4: 6.5712614e-08 | G4: 5.8334847e-21 | H4: 0.00030722598 | I4: 0.0040615965 | J4: 0.00051944492 | K4: 2.5327295e-05 | L4: 3.2796643e-10 | M4: 4.0155836e-08 | N4: 8.7573489e-09 | O4: 9.0145145e-08 | P4: 7.2700604e-13 | Q4: 1.1049922e-11 | R4: 0.0004489439 | S4: 0.00087792638 | T4: 0.0035383176 | U4: 0.00038409088 | V4: 1.8169613e-09 | W4: 3.963782e-09 | X4: 0.00016049954 | Y4: 1.4900648e-12 | Z4: 3.830932e-08 | AA4: 0.0022743494 | AB4: 2.3470762e-10 | AC4: 0.0023013297 | AD4: 6.6359289e-05 | AE4: 0.00014467804 | AF4: 1.6597232e-06 | AG4: 0.032363623 | AH4: 4.5290827e-07 | AI4: 3.4778817e-07 | AJ4: 4.2479678e-08 | AK4: 9.2981276e-07
A5: Transport | B5: tkm | C5: 0.07140406 | D5: 0.021808745 | E5: 9.6231055e-07 | F5: 2.9391586e-07 | G5: 1.4895501e-19 | H5: 0.00082994559 | I5: 0.0092025979 | J5: 0.0033844539 | K5: 5.2566239e-06 | L5: 6.0034348e-10 | M5: 3.4139573e-08 | N5: 2.2572496e-08 | O5: 1.5198825e-08 | P5: 6.9944357e-12 | Q5: 8.6181308e-11 | R5: 0.0040818364 | S5: 0.0047163109 | T5: 0.025800254 | U5: 0.0028006693 | V5: 9.7222144e-09 | W5: 7.9906608e-09 | X5: 0.00021342597 | Y5: 6.1437636e-12 | Z5: 1.0038796e-07 | AA5: 0.0054178322 | AB5: 5.2899951e-10 | AC5: 0.005901547 | AD5: 0.00035486896 | AE5: 0.00029165912 | AF5: 6.7079009e-06 | AG5: 0.15622312 | AH5: 1.4464434e-06 | AI5: 1.3669709e-07 | AJ5: 1.6696509e-08 | AK5: 2.7918423e-06
A6: Heat, natural gas | B6: MJ | C6: 0.02877524 | D6: 0.0088335486 | E6: 3.8780312e-07 | F6: 1.1904949e-07 | G6: 2.456039e-19 | H6: 8.7487049e-05 | I6: 0.00090902716 | J6: 0.00084404332 | K6: 1.0175098e-06 | L6: 7.3128564e-11 | M6: 5.4607132e-09 | N6: 2.1836439e-09 | O6: 1.2776592e-09 | P6: 1.4950808e-12 | Q6: 2.7539256e-11 | R6: 8.8589251e-05 | S6: 0.00041813597 | T6: 0.010404099 | U6: 0.0011293905 | V6: 2.2228437e-09 | W6: 2.0080477e-09 | X6: 1.3926728e-05 | Y6: 4.9676217e-12 | Z6: 6.0152951e-09 | AA6: 0.00061565556 | AB6: 5.6382165e-11 | AC6: 0.00061064151 | AD6: 8.1134935e-05 | AE6: 7.3293742e-05 | AF6: 1.3011011e-06 | AG6: 0.052887171 | AH6: 5.2526773e-07 | AI6: 2.7146908e-08 | AJ6: 3.3157883e-09 | AK6: 6.0708308e-07
A7: Heat, fuel | B7: MJ | C7: 0.036606595 | D7: 0.011027964 | E7: 4.9334608e-07 | F7: 1.4862357e-07 | G7: 1.8355355e-21 | H7: 0.00028862325 | I7: 0.001913816 | J7: 0.00093700432 | K7: 1.4412766e-06 | L7: 1.5012604e-10 | M7: 4.1655245e-09 | N7: 4.0009951e-09 | O7: 2.2101399e-09 | P7: 1.1573822e-12 | Q7: 2.174998e-11 | R7: 0.00012145572 | S7: 0.00099540935 | T7: 0.013271943 | U7: 0.001440703 | V7: 1.9565669e-09 | W7: 1.7764736e-09 | X7: 5.5334525e-05 | Y7: 2.9853225e-12 | Z7: 1.6704189e-08 | AA7: 0.00093625163 | AB7: 8.3728291e-11 | AC7: 0.0018442609 | AD7: 7.1423215e-05 | AE7: 6.4841285e-05 | AF7: 1.039197e-06 | AG7: 0.069578362 | AH7: 6.7176707e-07 | AI7: 2.0123922e-08 | AJ7: 2.4579839e-09 | AK7: 2.3213647e-07
A8: Heat, coal | B8: MJ | C8: 0.051481483 | D8: 0.015338013 | E8: 6.9381453e-07 | F8: 2.0670998e-07 | G8: 1.4763407e-21 | H8: 0.0018246418 | I8: 0.024268278 | J8: 0.00038523926 | K8: 3.2761443e-07 | L8: 5.3314861e-10 | M8: 5.0909973e-09 | N8: 1.6240445e-08 | O8: 9.0877925e-09 | P8: 2.8551303e-12 | Q8: 4.9809633e-11 | R8: 0.00053115688 | S8: 0.00098265018 | T8: 0.018710325 | U8: 0.0020310485 | V8: 2.583604e-08 | W8: 1.3618008e-08 | X8: 8.781569e-05 | Y8: 1.7481896e-13 | Z8: 1.7750187e-07 | AA8: 0.002837239 | AB8: 2.9350262e-10 | AC8: 0.011489983 | AD8: 0.00094302658 | AE8: 0.00049705728 | AF8: 2.3780798e-06 | AG8: 0.13141416 | AH8: 1.1137171e-06 | AI8: 3.5981315e-08 | AJ8: 4.3948438e-09 | AK8: 3.4249237e-06
A9: Heat, wood chips | B9: MJ | C9: 0.0060444079 | D9: 0.0019503037 | E9: 8.1460319e-08 | F9: 2.6284189e-08 | G9: 1.0746197e-20 | H9: 0.00035685042 | I9: 0.012324661 | J9: 0.00065584737 | K9: 5.9519004e-06 | L9: 2.0411295e-10 | M9: 4.4194286e-09 | N9: 7.8800496e-09 | O9: 6.0846186e-09 | P9: 2.2079745e-12 | Q9: 3.2533633e-11 | R9: 0.015167811 | S9: 0.0021577357 | T9: 0.0021074606 | U9: 0.00022876865 | V9: 5.6782298e-08 | W9: 3.592671e-08 | X9: 8.8430731e-05 | Y9: 2.6955337e-13 | Z9: 5.0689546e-07 | AA9: 0.0028524829 | AB9: 2.9414464e-10 | AC9: 0.0027377653 | AD9: 0.0020725612 | AE9: 0.0013113249 | AF9: 3.5809585e-06 | AG9: 0.050067008 | AH9: 6.4697977e-07 | AI9: 1.0990983e-07 | AJ9: 1.342465e-08 | AK9: 8.6057214e-07
A10: Heat,waste | B10: MJ
A11: Heat, mix | B11: MJ | C11: =(C6*Parameters!$C115)+(C7*Parameters!$C117)+(C8*Parameters!$C116)+(C9*Parameters!$C118)+(C10*Parameters!$C119) -> 0.015897437 | D11: =(D6*Parameters!$C115)+(D7*Parameters!$C117)+(D8*Parameters!$C116)+(D9*Parameters!$C118)+(D10*Parameters!$C119) -> 0.0049132377 | E11: =(E6*Parameters!$C115)+(E7*Parameters!$C117)+(E8*Parameters!$C116)+(E9*Parameters!$C118)+(E10*Parameters!$C119) -> 2.1424932e-07 | F11: =(F6*Parameters!$C115)+(F7*Parameters!$C117)+(F8*Parameters!$C116)+(F9*Parameters!$C118)+(F10*Parameters!$C119) -> 6.621557e-08 | G11: =(G6*Parameters!$C115)+(G7*Parameters!$C117)+(G8*Parameters!$C116)+(G9*Parameters!$C118)+(G10*Parameters!$C119) -> 1.1956472e-19 | H11: =(H6*Parameters!$C115)+(H7*Parameters!$C117)+(H8*Parameters!$C116)+(H9*Parameters!$C118)+(H10*Parameters!$C119) -> 0.00017338512 | I11: =(I6*Parameters!$C115)+(I7*Parameters!$C117)+(I8*Parameters!$C116)+(I9*Parameters!$C118)+(I10*Parameters!$C119) -> 0.0049148544 | J11: =(J6*Parameters!$C115)+(J7*Parameters!$C117)+(J8*Parameters!$C116)+(J9*Parameters!$C118)+(J10*Parameters!$C119) -> 0.00063684546 | ... AK11: =(AK6*Parameters!$C115)+(AK7*Parameters!$C117)+(AK8*Parameters!$C116)+(AK9*Parameters!$C118)+(AK10*Parameters!$C119) -> 6.0212379e-07
A12: CH4 | B12: kg | C12: 0.62041963 | D12: 2.3563059 | E12: 8.3613783e-06 | F12: 3.17559e-05 | AG12: =SUM(C12:D12,G12,H12,I12,J12,K12,P12,R12,S12,T12,U12,V12,W12,X12,AA12,AC12:AF12) -> 2.9767256 | AH12: =SUM(C12:AF12)-AG12 -> 4.0117278e-05
A13: Nitrogen oxides | B13: kg | H13: 0.79919441 | X13: 0.26330224 | Z13: 1.8783043e-05 | AA13: 8.7162162 | AB13: 9.1e-07 | AC13: 6.5540677 | AG13: =SUM(C13:D13,G13,H13,I13,J13,K13,P13,R13,S13,T13,U13,V13,W13,X13,AA13,AC13:AF13) -> 16.332781 | AH13: =SUM(C13:AF13)-AG13 -> 1.9693043e-05
A14: Volatile organic compounds | B14: kg | AG14: =SUM(C14:D14,G14,H14,I14,J14,K14,P14,R14,S14,T14,U14,V14,W14,X14,AA14,AC14:AF14) -> 0 | AH14: =SUM(C14:AF14)-AG14 -> 0
A15: Sulfur dioxide | B15: kg | H15: 2.392596 | Z15: 9.2871715e-05 | AC15: 14.256733 | AG15: =SUM(C15:D15,G15,H15,I15,J15,K15,P15,R15,S15,T15,U15,V15,W15,X15,AA15,AC15:AF15) -> 16.649329 | AH15: =SUM(C15:AF15)-AG15 -> 9.2871715e-05
A16: Particulate matter | B16: kg | AG16: =SUM(C16:D16,G16,H16,I16,J16,K16,P16,R16,S16,T16,U16,V16,W16,X16,AA16,AC16:AF16) -> 0 | AH16: =SUM(C16:AF16)-AG16 -> 0
A17: Carbon monoxide (non-fossil) | B17: kg | AG17: =SUM(C17:D17,G17,H17,I17,J17,K17,P17,R17,S17,T17,U17,V17,W17,X17,AA17,AC17:AF17) -> 0 | AH17: =SUM(C17:AF17)-AG17 -> 0
A18: Ammonia | B18: kg | H18: 1.8467155 | X18: 0.70894827 | Z18: 0.00017739541 | AC18: 23.809093 | AG18: =SUM(C18:D18,G18,H18,I18,J18,K18,P18,R18,S18,T18,U18,V18,W18,X18,AA18,AC18:AF18) -> 26.364756 | AH18: =SUM(C18:AF18)-AG18 -> 0.00017739541
A19: sulfure oxides | B19: kg | H19: 2.392596 | Z19: 9.2871715e-05 | AC19: 14.256733 | AG19: =SUM(C19:D19,G19,H19,I19,J19,K19,P19,R19,S19,T19,U19,V19,W19,X19,AA19,AC19:AF19) -> 16.649329 | AH19: =SUM(C19:AF19)-AG19 -> 9.2871715e-05
A20: dinitrogen monoxide | B20: kg | C20: 50.852534 | D20: 37.726813 | E20: 0.0006853382 | F20: 0.00050844322 | AG20: =SUM(C20:D20,G20,H20,I20,J20,K20,P20,R20,S20,T20,U20,V20,W20,X20,AA20,AC20:AF20) -> 88.579347 | AH20: =SUM(C20:AF20)-AG20 -> 0.0011937814
A21: Nitrate | B21: kg | X21: 1.976625 | AG21: =SUM(C21:D21,G21,H21,I21,J21,K21,P21,R21,S21,T21,U21,V21,W21,X21,AA21,AC21:AF21) -> 1.976625 | AH21: =SUM(C21:AF21)-AG21 -> 0
A22: PM2.5 | B22: kg | Z22: 0.0013675986 | AG22: =SUM(C22:D22,G22,H22,I22,J22,K22,P22,R22,S22,T22,U22,V22,W22,X22,AA22,AC22:AF22) -> 0 | AH22: =SUM(C22:AF22)-AG22 -> 0.0013675986
A23: NMOVC | B23: kg | AA23: 2.5277027 | AB23: 1.638e-07 | AG23: =SUM(C23:D23,G23,H23,I23,J23,K23,P23,R23,S23,T23,U23,V23,W23,X23,AA23,AC23:AF23) -> 2.5277027 | AH23: =SUM(C23:AF23)-AG23 -> 1.638e-07
A24: H2S | AG24: =SUM(C24:D24,G24,H24,I24,J24,K24,P24,R24,S24,T24,U24,V24,W24,X24,AA24,AC24:AF24) -> 0 | AH24: =SUM(C24:AF24)-AG24 -> 0
A25: (PO4)3- | B25: kg | K25: 3.1274177 | AG25: =SUM(C25:D25,G25,H25,I25,J25,K25,P25,R25,S25,T25,U25,V25,W25,X25,AA25,AC25:AF25) -> 3.1274177 | AH25: =SUM(C25:AF25)-AG25 -> 0
A26: CO2 fossil | B26: kg | C26: 0.41583346 | D26: 0.11820999 | E26: 5.604176e-06 | F26: 1.5931127e-06 | T26: 0.152 | U26: 0.0165 | AG26: =SUM(C26:D26,G26,H26,I26,J26,K26,P26,R26,S26,T26,U26,V26,W26,X26,AA26,AC26:AF26) -> 0.70254344 | AH26: =SUM(C26:AF26)-AG26 -> 7.1972888e-06
A27: Diesel | B27: kg | C27: 0.23152335 | D27: 0.091497995 | E27: 3.1202337e-06 | F27: 1.233116e-06 | G27: 3.5939e-20 | H27: 0.0060276802 | I27: 0.053909966 | J27: 0.039281157 | K27: 5.4524179e-05 | L27: 3.0249295e-09 | M27: 1.1490511e-07 | N27: 7.5469177e-08 | O27: 5.8572071e-08 | P27: 2.8259643e-11 | Q27: 5.2537187e-10 | R27: 0.0046989474 | S27: 0.042316085 | T27: 0.08052196 | U27: 0.0087408311 | V27: 1.8677781e-08 | W27: 1.6488823e-08 | X27: 0.0020073884 | Y27: 1.2694832e-10 | Z27: 3.6191034e-07 | AA27: 0.028325675 | AB27: 2.3621059e-09 | AC27: 0.038813115 | AD27: 0.00068185265 | AE27: 0.00060184205 | AF27: 2.6424477e-05 | AG27: 0.62903684 | AH27: 5.0459218e-06 | AI27: 6.1957224e-07 | AJ27: 7.5676035e-08 | AK27: 7.3917021e-06
A28: N-fertilizer | B28: kg | C28: 0.57518501 | D28: 0.18529562 | E28: 7.7517526e-06 | F28: 2.497224e-06 | G28: 3.9890908e-18 | H28: 0.0088714777 | I28: 0.073779372 | J28: 0.024525279 | K28: 3.6074949e-05 | L28: 5.5072058e-09 | M28: 2.5858965e-07 | N28: 1.7938782e-07 | O28: 1.8156288e-07 | P28: 7.754779e-11 | Q28: 1.4008319e-09 | R28: 0.010508556 | S28: 0.018970044 | T28: 0.19897551 | U28: 0.021599272 | V28: 3.8568777e-07 | W28: 5.248735e-07 | X28: 0.0036257269 | Y28: 6.0235592e-11 | Z28: 7.1374671e-07 | AA28: 0.020639576 | AB28: 1.9849033e-09 | AC28: 0.081315348 | AD28: 0.014077665 | AE28: 0.019157883 | AF28: 8.7088127e-05 | AG28: 1.2567017 | AH28: 1.3917057e-05 | AI28: 1.9042035e-05 | AJ28: 2.3258397e-06 | AK28: 3.2236478e-05
A29: K-fertilizer | B29: kg | C29: 0.25246104 | D29: 0.076884144 | E29: 3.4024105e-06 | F29: 1.0361655e-06 | G29: 2.0720307e-18 | H29: 0.0048895793 | I29: 0.13220145 | J29: 0.013751199 | K29: 2.4885782e-05 | L29: 3.6714451e-09 | M29: 1.8273609e-07 | N29: 1.2199789e-07 | O29: 1.1346391e-07 | P29: 4.5438068e-11 | Q29: 7.8933779e-10 | R29: 0.023650481 | S29: 0.043627548 | T29: 0.091304599 | U29: 0.0099112967 | V29: 2.2604764e-07 | W29: 2.8296064e-07 | X29: 0.00080009028 | Y29: 2.6968749e-11 | Z29: 4.4915067e-07 | AA29: 0.021631556 | AB29: 2.151307e-09 | AC29: 0.03370436 | AD29: 0.0082507835 | AE29: 0.010328064 | AF29: 5.0815971e-05 | AG29: 0.72349037 | AH29: 5.6198993e-06 | AI29: 2.5162084e-06 | AJ29: 3.0733571e-07 | AK29: 1.5454094e-05
A30: P-fertilizer | B30: kg | C30: 0.15058631 | D30: 0.045215285 | E30: 2.0294475e-06 | F30: 6.0936515e-07 | G30: 2.2895213e-18 | H30: 0.014034236 | I30: 0.073493625 | J30: 0.0067405601 | K30: 0.0031201993 | L30: 3.9097242e-09 | M30: 1.4645927e-07 | N30: 1.2555538e-07 | O30: 2.1940333e-07 | P30: 1.4550959e-10 | Q30: 2.9605534e-09 | R30: 0.021390802 | S30: 0.024768996 | T30: 0.054203603 | U30: 0.0058839215 | V30: 2.2661926e-07 | W30: 3.0071084e-07 | X30: 0.0004511621 | Y30: 1.1973211e-11 | Z30: 1.1300162e-06 | AA30: 0.0086391901 | AB30: 8.6442606e-10 | AC30: 0.085578092 | AD30: 0.008271718 | AE30: 0.010975946 | AF30: 0.00012100943 | AG30: 0.51359006 | AH30: 5.1734693e-06 | AI30: 7.4132798e-06 | AJ30: 9.0547572e-07 | AK30: 0.00010746792
A31: Peat | B31: kg | C31: 0.0032331973 | D31: 0.0014752004 | E31: 4.357371e-08 | F31: 1.9881235e-08 | G31: 1.9344146e-21 | H31: 6.636891e-05 | I31: 0.00075505204 | J31: 0.00031143304 | K31: 3.5965966e-07 | L31: 4.2855048e-11 | M31: 3.2113094e-09 | N31: 1.3619544e-09 | O31: 1.1392657e-09 | P31: 1.0164771e-11 | Q31: 1.2800993e-10 | R31: 0.00075630767 | S31: 0.0039219773 | T31: 0.0010931182 | U31: 0.00011865993 | V31: 2.7437095e-09 | W31: 1.8314112e-09 | X31: 1.4534952e-05 | Y31: 1.9514453e-13 | Z31: 6.9437348e-09 | AA31: 0.00043203666 | AB31: 4.3746169e-11 | AC31: 0.00048190886 | AD31: 0.00010014674 | AE31: 6.6846509e-05 | AF31: 7.8568836e-06 | AG31: 0.012982466 | AH31: 1.0766423e-07 | AI31: 2.5657116e-07 | AJ31: 3.1338215e-08 | AK31: 0.00014719996
A32: Activated carbon | B32: kg | C32: 1.2634258 | D32: 0.38453989 | E32: 1.7027155e-05 | F32: 5.1824335e-06 | G32: 1.1804704e-19 | H32: 0.037539918 | I32: 0.47772922 | J32: 0.10027248 | K32: 1.9677838e-05 | L32: 1.1821866e-08 | M32: 1.6797788e-07 | N32: 3.552976e-07 | O32: 1.9853155e-07 | P32: 1.9926703e-10 | Q32: 3.3445848e-09 | R32: 0.022971069 | S32: 0.040682935 | T32: 0.45706972 | U32: 0.049615971 | V32: 4.7965579e-07 | W32: 2.6578996e-07 | X32: 0.0022087376 | Y32: 2.8627356e-11 | Z32: 4.5150881e-06 | AA32: 0.071239533 | AB32: 7.3007938e-09 | AC32: 0.23869151 | AD32: 0.017507683 | AE32: 0.0097013334 | AF32: 0.00024508409 | AG32: 3.173927 | AH32: 2.7878402e-05 | AI32: 3.352016e-06 | AJ32: 4.0942324e-07 | AK32: 0.00046230986
A33: Zeolite | B33: kg | C33: 1.9827624 | D33: 0.60143575 | E33: 2.6721634e-05 | F33: 8.105533e-06 | G33: 1.3097601e-17 | H33: 0.049898833 | I33: 8.8435677 | J33: 0.17100584 | K33: 0.0004896338 | L33: 4.6252072e-08 | M33: 6.2794828e-06 | N33: 1.3863795e-06 | O33: 2.8909316e-06 | P33: 5.018278e-10 | Q33: 8.0697764e-09 | R33: 0.070209896 | S33: 0.11857824 | T33: 0.71575874 | U33: 0.077697233 | V33: 1.7757897e-06 | W33: 2.0566413e-06 | X33: 0.0073018259 | Y33: 1.5803457e-09 | Z33: 5.4700677e-06 | AA33: 0.13034452 | AB33: 1.3195848e-08 | AC33: 0.32466584 | AD33: 0.064937117 | AE33: 0.075067407 | AF33: 0.0007720175 | AG33: 13.234902 | AH33: 5.4280096e-05 | AI33: 2.7484069e-05 | AJ33: 3.3569699e-06 | AK33: 0.00037810453
A34: treatment of wastewater | B34: m3 | C34: 0.092345533 | D34: 0.036271031 | E34: 1.2445382e-06 | F34: 4.8882369e-07 | G34: 1.3270271e-19 | H34: 0.0020338406 | I34: 2.9789716 | J34: 0.006712429 | K34: 0.01275068 | L34: 1.7899238e-08 | M34: 1.1926514e-07 | N34: 8.5934994e-07 | O34: 6.4789762e-07 | P34: 7.8842573e-11 | Q34: 1.5130176e-09 | R34: 0.0045994251 | S34: 0.010311723 | T34: 0.029900955 | U34: 0.0032458105 | V34: 2.6654644e-05 | W34: 1.3034913e-05 | X34: 0.15593723 | Y34: 5.1364404e-12 | Z34: 1.8298016e-07 | AA34: 0.0071055638 | AB34: 7.2009464e-10 | AC34: 0.01562842 | AD34: 0.97289573 | AE34: 0.47577434 | AF34: 5.9002177e-05 | AG34: 4.8045969 | AH34: 3.5612337e-06 | AI34: -1.4397331e-08 | AJ34: -1.7585245e-09 | AK34: 1.3912061e-05
A35: Wood chips | B35: kg | C35: 0.017034246 | D35: 0.0052065342 | E35: 2.2957007e-07 | F35: 7.0168317e-08 | G35: 4.5022236e-20 | H35: 0.00025928245 | I35: 0.0040924082 | J35: 0.00069640851 | K35: 0.00013742829 | L35: 1.3237861e-10 | M35: 1.0765567e-08 | N35: 4.3734986e-09 | O35: 2.8445728e-09 | P35: 5.9988814e-12 | Q35: 1.0531279e-10 | R35: 0.25176696 | S35: 0.001898717 | T35: 0.0062365076 | U35: 0.00067695974 | V35: 9.3271388e-09 | W35: 6.9917796e-09 | X35: 6.4355289e-05 | Y35: 1.3828851e-12 | Z35: 2.4117589e-08 | AA35: 0.0020503153 | AB35: 1.9290481e-10 | AC35: 0.0018745501 | AD35: 0.00034044697 | AE35: 0.00025519996 | AF35: 6.6555555e-06 | AG35: 0.29259982 | AH35: 3.537321e-07 | AI35: 9.3829054e-08 | AJ35: 1.1460505e-08 | AK35: 2.7300618e-06
A37: Mix marginal electricity | B37: kWh | C37: 0.013824983 | D37: 0.0043448491 | E37: 1.8631891e-07 | F37: 5.8555412e-08 | G37: 0 | H37: 0.0004648549 | I37: 0.023786994 | J37: 0.0028233329 | K37: 7.9803112e-06 | L37: 1.0699068e-09 | M37: 2.6189697e-08 | N37: 3.7103557e-08 | O37: 3.8354561e-08 | P37: 2.4781029e-13 | Q37: 8.4198596e-12 | R37: 0.033195713 | S37: 0.0026553411 | T37: 0.0045994162 | U37: 0.00049926962 | V37: 1.2243212e-07 | W37: 1.0121042e-07 | X37: 9.2096628e-05 | Y37: 1.714088e-12 | Z37: 7.1625227e-08 | AA37: 0.0020593876 | AB37: 2.0771818e-10 | AC37: 0.0035156093 | AD37: 0.0044687847 | AE37: 0.0036941803 | AF37: 1.4063127e-05 | AG37: 0.10004979 | AH37: 4.3286202e-07 | AI37: 1.0992819e-07 | AJ37: 1.3426891e-08 | AK37: 2.6021033e-06
A38: natural gas | B38: m3 | C38: 0.19208701 | D38: 0.077895459 | E38: 2.5887513e-06 | F38: 1.0497949e-06 | G38: 0 | H38: 0.0025264039 | I38: 0.027002481 | J38: 0.031055896 | K38: 4.0494623e-06 | L38: 1.4981608e-09 | M38: 1.2329245e-08 | N38: 4.4427159e-08 | O38: 2.9351524e-08 | P38: 5.7241307e-12 | Q38: 1.2261411e-10 | R38: 0.0034303236 | S38: 0.014342243 | T38: 0.066426259 | U38: 0.0072106913 | V38: 4.8755255e-08 | W38: 4.2659541e-08 | X38: 0.00039935439 | Y38: 2.162732e-10 | Z38: 1.7938466e-07 | AA38: 0.018893856 | AB38: 1.7004089e-09 | AC38: 0.017655913 | AD38: 0.0017796015 | AE38: 0.0015570732 | AF38: 1.7206803e-05 | AG38: 0.46230322 | AH38: 3.9848173e-06 | AI38: 6.3238513e-07 | AJ38: 7.7241032e-08 | AK38: 1.8680467e-05
A39: Mix marginal heat | B39: MJ | C39: =(C9*0.75)+(C6*0.25) -> 0.011727116 | D39: =(D9*0.75)+(D6*0.25) -> 0.0036711149 | E39: =(E9*0.75)+(E6*0.25) -> 1.5804602e-07 | F39: =(F9*0.75)+(F6*0.25) -> 4.9475514e-08 | G39: =(G9*0.75)+(G6*0.25) -> 6.9460623e-20 | H39: =(H9*0.75)+(H6*0.25) -> 0.00028950958 | I39: =(I9*0.75)+(I6*0.25) -> 0.0094707528 | J39: =(J9*0.75)+(J6*0.25) -> 0.00070289636 | ... AK39: =(AK9*0.75)+(AK6*0.25) -> 7.9719987e-07

Sheet AD_a_end
A1: Process | C1: ecosystem quality - acidification: terrestrial | D1: ecosystem quality - climate change: freshwater ecosystems | E1: ecosystem quality - climate change: terrestrial ecosystems | F1: ecosystem quality - ecotoxicity: freshwater | G1: ecosystem quality - ecotoxicity: marine | H1: ecosystem quality - ecotoxicity: terrestrial | I1: ecosystem quality - eutrophication: freshwater | J1: ecosystem quality - eutrophication: marine | K1: ecosystem quality - land use | L1: ecosystem quality - photochemical oxidant formation: terrestrial ecosystems | M1: ecosystem quality - water use: aquatic ecosystems | N1: ecosystem quality - water use: terrestrial ecosystems | O1: human health - climate change: human health | P1: human health - human toxicity: carcinogenic | Q1: human health - human toxicity: non-carcinogenic | R1: human health - ionising radiation | S1: human health - ozone depletion | T1: human health - particulate matter formation | U1: human health - photochemical oxidant formation: human health | V1: human health - water use: human health | W1: natural resources - energy resources: non-renewable, fossil | X1: natural resources - material resources: metals/minerals | Y1: total: ecosystem quality - ecosystem quality | Z1: total: human health - human health | AA1: total: natural resources - natural resources
A2: Pretreatment
B3: Electricity consumption | C3: =LCI!$E4*impact_process_end!C2 -> 1.914607e-10 | D3: =LCI!$E4*impact_process_end!D2 -> 6.061747e-14 | E3: =LCI!$E4*impact_process_end!E2 -> 2.2193169e-09 | F3: =LCI!$E4*impact_process_end!F2 -> 4.2836724e-11 | G3: =LCI!$E4*impact_process_end!G2 -> 8.2374885e-12 | H3: =LCI!$E4*impact_process_end!H2 -> 6.4653075e-11 | I3: =LCI!$E4*impact_process_end!I2 -> 1.0255522e-10 | J3: =LCI!$E4*impact_process_end!J2 -> 1.9615448e-13 | ... AA3: =LCI!$E4*impact_process_end!AA2 -> 0.085736248
B4: Water consumption | C4: =LCI!$E5*impact_process_end!C3 -> 0 | D4: =LCI!$E5*impact_process_end!D3 -> 0 | E4: =LCI!$E5*impact_process_end!E3 -> 0 | F4: =LCI!$E5*impact_process_end!F3 -> 0 | G4: =LCI!$E5*impact_process_end!G3 -> 0 | H4: =LCI!$E5*impact_process_end!H3 -> 0 | I4: =LCI!$E5*impact_process_end!I3 -> 0 | J4: =LCI!$E5*impact_process_end!J3 -> 0 | ... AA4: =LCI!$E5*impact_process_end!AA3 -> 0
A5: Incineration
B6: Incineration | C6: =LCI!$E7*impact_process_end!C4 -> 6.6491493e-09 | D6: =LCI!$E7*impact_process_end!D4 -> 7.2104551e-13 | E6: =LCI!$E7*impact_process_end!E4 -> 2.6389925e-08 | F6: =LCI!$E7*impact_process_end!F4 -> 1.0807282e-09 | G6: =LCI!$E7*impact_process_end!G4 -> 2.1919201e-10 | H6: =LCI!$E7*impact_process_end!H4 -> 2.4572038e-10 | I6: =LCI!$E7*impact_process_end!I4 -> 7.4986254e-09 | J6: =LCI!$E7*impact_process_end!J4 -> 4.7223915e-12 | ... AA6: =LCI!$E7*impact_process_end!AA4 -> 0.50234627
A7: AD
B8: Electricity consumption | C8: =LCI!$E10*impact_process_end!C2 -> 4.2838852e-10 | D8: =LCI!$E10*impact_process_end!D2 -> 1.3563007e-13 | E8: =LCI!$E10*impact_process_end!E2 -> 4.965666e-09 | F8: =LCI!$E10*impact_process_end!F2 -> 9.5846096e-11 | G8: =LCI!$E10*impact_process_end!G2 -> 1.8431174e-11 | H8: =LCI!$E10*impact_process_end!H2 -> 1.4465964e-10 | I8: =LCI!$E10*impact_process_end!I2 -> 2.2946474e-10 | J8: =LCI!$E10*impact_process_end!J2 -> 4.3889074e-13 | ... AA8: =LCI!$E10*impact_process_end!AA2 -> 0.19183271
B9: Heat consumption | C9: =LCI!$E11*impact_process_end!C10 -> 3.4118629e-09 | D9: =LCI!$E11*impact_process_end!D10 -> 7.5676845e-13 | E9: =LCI!$E11*impact_process_end!E10 -> 2.7710866e-08 | F9: =LCI!$E11*impact_process_end!F10 -> 8.8742662e-11 | G9: =LCI!$E11*impact_process_end!G10 -> 1.8466442e-11 | H9: =LCI!$E11*impact_process_end!H10 -> 2.0656822e-10 | I9: =LCI!$E11*impact_process_end!I10 -> 5.4661923e-10 | J9: =LCI!$E11*impact_process_end!J10 -> 1.4750287e-13 | ... AA9: =LCI!$E11*impact_process_end!AA10 -> 1.1058277
B10: Fugitive methane | C10: =LCI!$E12*impact_process_end!C11 -> 0 | D10: =LCI!$E12*impact_process_end!D11 -> 3.930798e-12 | E10: =LCI!$E12*impact_process_end!E11 -> 1.4392768e-07 | F10: =LCI!$E12*impact_process_end!F11 -> 0 | G10: =LCI!$E12*impact_process_end!G11 -> 0 | H10: =LCI!$E12*impact_process_end!H11 -> 0 | I10: =LCI!$E12*impact_process_end!I11 -> 0 | J10: =LCI!$E12*impact_process_end!J11 -> 0 | ... AA10: =LCI!$E12*impact_process_end!AA11 -> 0
A11: CHP
B12: Nitrogen oxides | C12: =LCI!$E15*impact_process_end!C12 -> 2.8016113e-09 | D12: =LCI!$E15*impact_process_end!D12 -> 0 | E12: =LCI!$E15*impact_process_end!E12 -> 0 | F12: =LCI!$E15*impact_process_end!F12 -> 0 | G12: =LCI!$E15*impact_process_end!G12 -> 0 | H12: =LCI!$E15*impact_process_end!H12 -> 0 | I12: =LCI!$E15*impact_process_end!I12 -> 0 | J12: =LCI!$E15*impact_process_end!J12 -> 0 | ... AA12: =LCI!$E15*impact_process_end!AA12 -> 0
B13: Volatile organic compounds | C13: =LCI!$E16*impact_process_end!C13 -> 0 | D13: =LCI!$E16*impact_process_end!D13 -> 0 | E13: =LCI!$E16*impact_process_end!E13 -> 0 | F13: =LCI!$E16*impact_process_end!F13 -> 0 | G13: =LCI!$E16*impact_process_end!G13 -> 0 | H13: =LCI!$E16*impact_process_end!H13 -> 0 | I13: =LCI!$E16*impact_process_end!I13 -> 0 | J13: =LCI!$E16*impact_process_end!J13 -> 0 | ... AA13: =LCI!$E16*impact_process_end!AA13 -> 0
B14: Sulfur dioxide | C14: =LCI!$E17*impact_process_end!C14 -> 6.6722515e-10 | D14: =LCI!$E17*impact_process_end!D14 -> 0 | E14: =LCI!$E17*impact_process_end!E14 -> 0 | F14: =LCI!$E17*impact_process_end!F14 -> 0 | G14: =LCI!$E17*impact_process_end!G14 -> 0 | H14: =LCI!$E17*impact_process_end!H14 -> 0 | I14: =LCI!$E17*impact_process_end!I14 -> 0 | J14: =LCI!$E17*impact_process_end!J14 -> 0 | ... AA14: =LCI!$E17*impact_process_end!AA14 -> 0
B15: Particulate matter | C15: =LCI!$E18*impact_process_end!C21 -> 0 | D15: =LCI!$E18*impact_process_end!D21 -> 0 | E15: =LCI!$E18*impact_process_end!E21 -> 0 | F15: =LCI!$E18*impact_process_end!F21 -> 0 | G15: =LCI!$E18*impact_process_end!G21 -> 0 | H15: =LCI!$E18*impact_process_end!H21 -> 0 | I15: =LCI!$E18*impact_process_end!I21 -> 0 | J15: =LCI!$E18*impact_process_end!J21 -> 0 | ... AA15: =LCI!$E18*impact_process_end!AA21 -> 0
B16: Carbon monoxide | C16: =LCI!$E19*impact_process_end!C16 -> 0 | D16: =LCI!$E19*impact_process_end!D16 -> 0 | E16: =LCI!$E19*impact_process_end!E16 -> 0 | F16: =LCI!$E19*impact_process_end!F16 -> 0 | G16: =LCI!$E19*impact_process_end!G16 -> 0 | H16: =LCI!$E19*impact_process_end!H16 -> 0 | I16: =LCI!$E19*impact_process_end!I16 -> 0 | J16: =LCI!$E19*impact_process_end!J16 -> 0 | ... AA16: =LCI!$E19*impact_process_end!AA16 -> 0
B17: Ammonia | C17: =LCI!$E20*impact_process_end!C17 -> 5.9644613e-09 | D17: =LCI!$E20*impact_process_end!D17 -> 0 | E17: =LCI!$E20*impact_process_end!E17 -> 0 | F17: =LCI!$E20*impact_process_end!F17 -> 0 | G17: =LCI!$E20*impact_process_end!G17 -> 0 | H17: =LCI!$E20*impact_process_end!H17 -> 0 | I17: =LCI!$E20*impact_process_end!I17 -> 0 | J17: =LCI!$E20*impact_process_end!J17 -> 0 | ... AA17: =LCI!$E20*impact_process_end!AA17 -> 0
B18: Methane | C18: =LCI!$E21*impact_process_end!C11 -> 0 | D18: =LCI!$E21*impact_process_end!D11 -> 2.5035087e-12 | E18: =LCI!$E21*impact_process_end!E11 -> 9.1666934e-08 | F18: =LCI!$E21*impact_process_end!F11 -> 0 | G18: =LCI!$E21*impact_process_end!G11 -> 0 | H18: =LCI!$E21*impact_process_end!H11 -> 0 | I18: =LCI!$E21*impact_process_end!I11 -> 0 | J18: =LCI!$E21*impact_process_end!J11 -> 0 | ... AA18: =LCI!$E21*impact_process_end!AA11 -> 0
B19: Nitrous oxide | C19: =LCI!$E22*impact_process_end!C19 -> 0 | D19: =LCI!$E22*impact_process_end!D19 -> 5.2271061e-13 | E19: =LCI!$E22*impact_process_end!E19 -> 1.9120204e-08 | F19: =LCI!$E22*impact_process_end!F19 -> 0 | G19: =LCI!$E22*impact_process_end!G19 -> 0 | H19: =LCI!$E22*impact_process_end!H19 -> 0 | I19: =LCI!$E22*impact_process_end!I19 -> 0 | J19: =LCI!$E22*impact_process_end!J19 -> 0 | ... AA19: =LCI!$E22*impact_process_end!AA19 -> 0
A20: Total AD-a
B21: Total AD-a | C21: =SUM(C3:C4,C6,C8:C10,C12:C19) -> 2.0114159e-08 | D21: =SUM(D3:D4,D6,D8:D10,D12:D19) -> 8.6310788e-12 | E21: =SUM(E3:E4,E6,E8:E10,E12:E19) -> 3.1600059e-07 | F21: =SUM(F3:F4,F6,F8:F10,F12:F19) -> 1.3081537e-09 | G21: =SUM(G3:G4,G6,G8:G10,G12:G19) -> 2.6432711e-10 | H21: =SUM(H3:H4,H6,H8:H10,H12:H19) -> 6.6160131e-10 | I21: =SUM(I3:I4,I6,I8:I10,I12:I19) -> 8.3772646e-09 | J21: =SUM(J3:J4,J6,J8:J10,J12:J19) -> 5.5049396e-12 | ... AA21: =SUM(AA3:AA4,AA6,AA8:AA10,AA12:AA19) -> 1.8857429
A23: Biogas boiler
B24: CO2
B25: CH4 | C25: =LCI!$E29*impact_process_end!C11 -> 0 | D25: =LCI!$E29*impact_process_end!D11 -> 1.4905279e-14 | E25: =LCI!$E29*impact_process_end!E11 -> 5.4576253e-10 | F25: =LCI!$E29*impact_process_end!F11 -> 0 | G25: =LCI!$E29*impact_process_end!G11 -> 0 | H25: =LCI!$E29*impact_process_end!H11 -> 0 | I25: =LCI!$E29*impact_process_end!I11 -> 0 | J25: =LCI!$E29*impact_process_end!J11 -> 0 | ... AA25: =LCI!$E29*impact_process_end!AA11 -> 0
B26: N2O | C26: =LCI!$E30*impact_process_end!C19 -> 0 | D26: =LCI!$E30*impact_process_end!D19 -> 1.3070783e-13 | E26: =LCI!$E30*impact_process_end!E19 -> 4.781155e-09 | F26: =LCI!$E30*impact_process_end!F19 -> 0 | G26: =LCI!$E30*impact_process_end!G19 -> 0 | H26: =LCI!$E30*impact_process_end!H19 -> 0 | I26: =LCI!$E30*impact_process_end!I19 -> 0 | J26: =LCI!$E30*impact_process_end!J19 -> 0 | ... AA26: =LCI!$E30*impact_process_end!AA19 -> 0
B27: Sox | C27: =LCI!$E31*impact_process_end!C18 -> 8.4315152e-09 | D27: =LCI!$E31*impact_process_end!D18 -> 0 | E27: =LCI!$E31*impact_process_end!E18 -> 0 | F27: =LCI!$E31*impact_process_end!F18 -> 0 | G27: =LCI!$E31*impact_process_end!G18 -> 0 | H27: =LCI!$E31*impact_process_end!H18 -> 0 | I27: =LCI!$E31*impact_process_end!I18 -> 0 | J27: =LCI!$E31*impact_process_end!J18 -> 0 | ... AA27: =LCI!$E31*impact_process_end!AA18 -> 0
B28: PM10 | C28: =LCI!$E32*impact_process_end!C15 -> 0 | D28: =LCI!$E32*impact_process_end!D15 -> 0 | E28: =LCI!$E32*impact_process_end!E15 -> 0 | F28: =LCI!$E32*impact_process_end!F15 -> 0 | G28: =LCI!$E32*impact_process_end!G15 -> 0 | H28: =LCI!$E32*impact_process_end!H15 -> 0 | I28: =LCI!$E32*impact_process_end!I15 -> 0 | J28: =LCI!$E32*impact_process_end!J15 -> 0 | ... AA28: =LCI!$E32*impact_process_end!AA15 -> 0
B29: PM2.5 | C29: =LCI!$E33*impact_process_end!C21 -> 0 | D29: =LCI!$E33*impact_process_end!D21 -> 0 | E29: =LCI!$E33*impact_process_end!E21 -> 0 | F29: =LCI!$E33*impact_process_end!F21 -> 0 | G29: =LCI!$E33*impact_process_end!G21 -> 0 | H29: =LCI!$E33*impact_process_end!H21 -> 0 | I29: =LCI!$E33*impact_process_end!I21 -> 0 | J29: =LCI!$E33*impact_process_end!J21 -> 0 | ... AA29: =LCI!$E33*impact_process_end!AA21 -> 0
B30: Nox | C30: =LCI!$E34*impact_process_end!C12 -> 2.9251969e-08 | D30: =LCI!$E34*impact_process_end!D12 -> 0 | E30: =LCI!$E34*impact_process_end!E12 -> 0 | F30: =LCI!$E34*impact_process_end!F12 -> 0 | G30: =LCI!$E34*impact_process_end!G12 -> 0 | H30: =LCI!$E34*impact_process_end!H12 -> 0 | I30: =LCI!$E34*impact_process_end!I12 -> 0 | J30: =LCI!$E34*impact_process_end!J12 -> 0 | ... AA30: =LCI!$E34*impact_process_end!AA12 -> 0
B31: NH3 | C31: =LCI!$E35*impact_process_end!C17 -> 5.0379844e-09 | D31: =LCI!$E35*impact_process_end!D17 -> 0 | E31: =LCI!$E35*impact_process_end!E17 -> 0 | F31: =LCI!$E35*impact_process_end!F17 -> 0 | G31: =LCI!$E35*impact_process_end!G17 -> 0 | H31: =LCI!$E35*impact_process_end!H17 -> 0 | I31: =LCI!$E35*impact_process_end!I17 -> 0 | J31: =LCI!$E35*impact_process_end!J17 -> 0 | ... AA31: =LCI!$E35*impact_process_end!AA17 -> 0
B32: CO | C32: =LCI!$E36*impact_process_end!C16 -> 0 | D32: =LCI!$E36*impact_process_end!D16 -> 0 | E32: =LCI!$E36*impact_process_end!E16 -> 0 | F32: =LCI!$E36*impact_process_end!F16 -> 0 | G32: =LCI!$E36*impact_process_end!G16 -> 0 | H32: =LCI!$E36*impact_process_end!H16 -> 0 | I32: =LCI!$E36*impact_process_end!I16 -> 0 | J32: =LCI!$E36*impact_process_end!J16 -> 0 | ... AA32: =LCI!$E36*impact_process_end!AA16 -> 0
B33: VOC | C33: =LCI!$E37*impact_process_end!C13 -> 0 | D33: =LCI!$E37*impact_process_end!D13 -> 0 | E33: =LCI!$E37*impact_process_end!E13 -> 0 | F33: =LCI!$E37*impact_process_end!F13 -> 0 | G33: =LCI!$E37*impact_process_end!G13 -> 0 | H33: =LCI!$E37*impact_process_end!H13 -> 0 | I33: =LCI!$E37*impact_process_end!I13 -> 0 | J33: =LCI!$E37*impact_process_end!J13 -> 0 | ... AA33: =LCI!$E37*impact_process_end!AA13 -> 0
B34: Electricity consumption | C34: =LCI!$E38*impact_process_end!C2 -> 1.1675641e-11 | D34: =LCI!$E38*impact_process_end!D2 -> 3.6965698e-15 | E34: =LCI!$E38*impact_process_end!E2 -> 1.3533821e-10 | F34: =LCI!$E38*impact_process_end!F2 -> 2.6122657e-12 | G34: =LCI!$E38*impact_process_end!G2 -> 5.0233788e-13 | H34: =LCI!$E38*impact_process_end!H2 -> 3.9426688e-12 | I34: =LCI!$E38*impact_process_end!I2 -> 6.2540146e-12 | J34: =LCI!$E38*impact_process_end!J2 -> 1.1961877e-14 | ... AA34: =LCI!$E38*impact_process_end!AA2 -> 0.0052283611
A36: Upgrading
B37: CO2
B38: CH4 | C38: =LCI!$E44*impact_process_end!C11 -> 0 | D38: =LCI!$E44*impact_process_end!D11 -> 4.5236849e-12 | E38: =LCI!$E44*impact_process_end!E11 -> 1.6563646e-07 | F38: =LCI!$E44*impact_process_end!F11 -> 0 | G38: =LCI!$E44*impact_process_end!G11 -> 0 | H38: =LCI!$E44*impact_process_end!H11 -> 0 | I38: =LCI!$E44*impact_process_end!I11 -> 0 | J38: =LCI!$E44*impact_process_end!J11 -> 0 | ... AA38: =LCI!$E44*impact_process_end!AA11 -> 0
B39: H2S | C39: =LCI!$E45*impact_process_end!C23 -> 0 | D39: =LCI!$E45*impact_process_end!D23 -> 0 | E39: =LCI!$E45*impact_process_end!E23 -> 0 | F39: =LCI!$E45*impact_process_end!F23 -> 0 | G39: =LCI!$E45*impact_process_end!G23 -> 0 | H39: =LCI!$E45*impact_process_end!H23 -> 0 | I39: =LCI!$E45*impact_process_end!I23 -> 0 | J39: =LCI!$E45*impact_process_end!J23 -> 0 | ... AA39: =LCI!$E45*impact_process_end!AA23 -> 0
B40: Sox | C40: =LCI!$E46*impact_process_end!C18 -> 3.1307078e-10 | D40: =LCI!$E46*impact_process_end!D18 -> 0 | E40: =LCI!$E46*impact_process_end!E18 -> 0 | F40: =LCI!$E46*impact_process_end!F18 -> 0 | G40: =LCI!$E46*impact_process_end!G18 -> 0 | H40: =LCI!$E46*impact_process_end!H18 -> 0 | I40: =LCI!$E46*impact_process_end!I18 -> 0 | J40: =LCI!$E46*impact_process_end!J18 -> 0 | ... AA40: =LCI!$E46*impact_process_end!AA18 -> 0
B41: Electricity | C41: =LCI!$E47*impact_process_end!C2 -> 1.4594552e-09 | D41: =LCI!$E47*impact_process_end!D2 -> 4.6207122e-13 | E41: =LCI!$E47*impact_process_end!E2 -> 1.6917276e-08 | F41: =LCI!$E47*impact_process_end!F2 -> 3.2653322e-10 | G41: =LCI!$E47*impact_process_end!G2 -> 6.2792235e-11 | H41: =LCI!$E47*impact_process_end!H2 -> 4.928336e-10 | I41: =LCI!$E47*impact_process_end!I2 -> 7.8175182e-10 | J41: =LCI!$E47*impact_process_end!J2 -> 1.4952347e-12 | ... AA41: =LCI!$E47*impact_process_end!AA2 -> 0.65354514
B42: Activated carbon | C42: =LCI!$E48*impact_process_end!C30 -> 6.5884186e-10 | D42: =LCI!$E48*impact_process_end!D30 -> 5.1785894e-14 | E42: =LCI!$E48*impact_process_end!E30 -> 1.8961812e-09 | F42: =LCI!$E48*impact_process_end!F30 -> 7.6277222e-12 | G42: =LCI!$E48*impact_process_end!G30 -> 1.6038697e-12 | H42: =LCI!$E48*impact_process_end!H30 -> 8.6249511e-12 | I42: =LCI!$E48*impact_process_end!I30 -> 1.8022962e-10 | J42: =LCI!$E48*impact_process_end!J30 -> 3.0973079e-14 | ... AA42: =LCI!$E48*impact_process_end!AA30 -> 0.028896145
B43: Zeolite | C43: =LCI!$E49*impact_process_end!C31 -> 1.209588e-08 | D43: =LCI!$E49*impact_process_end!D31 -> 1.0799137e-12 | E43: =LCI!$E49*impact_process_end!E31 -> 3.9540725e-08 | F43: =LCI!$E49*impact_process_end!F31 -> 7.300833e-10 | G43: =LCI!$E49*impact_process_end!G31 -> 1.4965972e-10 | H43: =LCI!$E49*impact_process_end!H31 -> 1.0371591e-09 | I43: =LCI!$E49*impact_process_end!I31 -> 3.550873e-09 | J43: =LCI!$E49*impact_process_end!J31 -> 1.1520616e-12 | ... AA43: =LCI!$E49*impact_process_end!AA31 -> 1.1908421
A45: Electric engine
B46: Nitrogen Oxides (NOx) | C46: =LCI!$E53*impact_process_end!C12 -> 4.9977107e-07 | D46: =LCI!$E53*impact_process_end!D12 -> 0 | E46: =LCI!$E53*impact_process_end!E12 -> 0 | F46: =LCI!$E53*impact_process_end!F12 -> 0 | G46: =LCI!$E53*impact_process_end!G12 -> 0 | H46: =LCI!$E53*impact_process_end!H12 -> 0 | I46: =LCI!$E53*impact_process_end!I12 -> 0 | J46: =LCI!$E53*impact_process_end!J12 -> 0 | ... AA46: =LCI!$E53*impact_process_end!AA12 -> 0
B47: Volatile Organic Compounds (VOCs) | C47: =LCI!$E54*impact_process_end!C13 -> 0 | D47: =LCI!$E54*impact_process_end!D13 -> 0 | E47: =LCI!$E54*impact_process_end!E13 -> 0 | F47: =LCI!$E54*impact_process_end!F13 -> 0 | G47: =LCI!$E54*impact_process_end!G13 -> 0 | H47: =LCI!$E54*impact_process_end!H13 -> 0 | I47: =LCI!$E54*impact_process_end!I13 -> 0 | J47: =LCI!$E54*impact_process_end!J13 -> 0 | ... AA47: =LCI!$E54*impact_process_end!AA13 -> 0
