Workbook
Name Food_Type: "Baseline"
Name FW_mass: Waste_characteristics!$B$3
Name H2O_FW: Waste_characteristics!$B$4
Name Mass: Waste_characteristics!$B$2
Name mass_VS_FW: Waste_characteristics!$B$6
Name Methane_LHV: '[1]Global params'!$E$21
Name VS_FW: Waste_characteristics!$B$5

Sheet Waste_characteristics
C1: Unit
A2: Mass | B2: 1 | C2: t
A3: FW | B3: =B2-B7 -> 1 | C3: t
A4: Moisture content, FW | B4: =[2]mass_composition!$D$99/[2]mass_composition!$C$99 -> 0.63542863 | C4: %FW | D4: 0.72
A5: VS, FW | B5: =[2]mass_composition!$F$99/[2]mass_composition!$E$99 -> 0.96463821 | C5: %TS
A6: VS, FW | B6: =B3*(1-B4)*B5 -> 0.35167947 | C6: t
A7: impurities | B7: 0 | C7: t
A8: Nitrogen content, FW | B8: =[2]mass_composition!$R$99/[2]mass_composition!$E$99 -> 0.032826764 | C8: % of dry mass of FW
A9: Carbon content, FW | B9: =[2]mass_composition!$J$99/[2]mass_composition!$E$99 -> 0.46707763 | C9: % of dry mass of FW
A10: Phosphorus content, FW | B10: =[2]mass_composition!$U$99/[2]mass_composition!$E$99 -> 0.0040243826 | C10: % of dry mass of FW
A11: Potassium content, FW | B11: =[2]mass_composition!$Q$99/[2]mass_composition!$E$99 -> 0.0082642017 | C11: % of dry mass of FW
J35: https://journals.sagepub.com/doi/full/10.1177/0734242X14545374#bibr26-0734242X14545374

Sheet LCI
A2: Process | B2: Flow direction | C2: Flow type | D2: Flow name | E2: Value | F2: Unit | I2: UF | J2: Treatment of 1t of biowaste
A3: Pretreatment | B3: input | C3: Technosphere flow | D3: Waste | E3: 1 | F3: t
B4: input | C4: Technosphere flow | D4: Electricity | E4: =E3*Parameters!C3 -> 9.98 | F4: kWh
B5: input | C5: Technosphere flow | D5: Water
B6: output | C6: Intermediate flow | D6: Pretreated biowaste | E6: =E3*Parameters!C5 -> 0.77 | F6: t
A7: Incineration | B7: input | C7: Intermediate flow | D7: discarded biowaste | E7: =E3*(1-Parameters!C5)*1000 -> 230 | F7: kg
A9: AD | B9: input | C9: Intermediate flow | D9: Pretreated waste | E9: =E6 -> 0.77 | F9: t
B10: input | C10: Intermediate flow | D10: Electricity | E10: =Parameters!C14*LCI!E9 -> 22.33 | F10: kWh
B11: input | C11: Intermediate flow | D11: Heat | E11: =E9*Parameters!C15 -> 227.15 | F11: MJ
B12: output | C12: Elementary flow | D12: Methane | E12: =Parameters!C9*(Parameters!C7*(1-Waste_characteristics!B4))*LCI!E9*Parameters!C11*0.001 -> 1.5118454 | F12: kg
B13: output | C13: Intermediate flow | D13: Biogas | E13: =(((Parameters!C7*(1-Waste_characteristics!B4))/Parameters!C10)*0.001)-((E12/Parameters!C11)*(1/Parameters!C10)) -> 223.74985 | F13: m3
A14: CHP | B14: input | C14: Intermediate flow | D14: Biogas | E14: =E13 -> 223.74985 | F14: m3
B15: output | C15: Elementary flow | D15: Nitrogen Oxides (NOx) | E15: =E14*Parameters!C24 -> 0.036718365 | F15: kg
B16: output | C16: Elementary flow | D16: Volatile Organic Compounds (VOCs) | E16: =E14*Parameters!C25 -> 0.3538951 | F16: kg
B17: output | C17: Elementary flow | D17: Sulfur Dioxide (SO2) | E17: =E14*Parameters!C26 -> 0.0031472884 | F17: kg
B18: output | C18: Elementary flow | D18: Particulate Matter (PM) | E18: =LCI!E14*Parameters!C27 -> 0.0076933718 | F18: kg
B19: output | C19: Elementary flow | D19: Carbon Monoxide (CO) | E19: =E14*Parameters!C28 -> 0.23901907 | F19: kg
B20: output | C20: Elementary flow | D20: Ammonia (NH3) | E20: =E14*Parameters!C29 -> 0.014337647 | F20: kg
B21: output | C21: Elementary flow | D21: Methane (CH4) | E21: =E14*Parameters!C30 -> 0.96288796 | F21: kg
B22: output | C22: Elementary flow | D22: Nitrous Oxide (N2O) | E22: =LCI!E14*Parameters!C31 -> 0.022925904 | F22: kg
B23: output | C23: Technosphere flow | D23: Electricity | E23: =E14*Parameters!C10*Parameters!C20*Parameters!C19/3.6 -> 509.0309 | F23: kWh
B24: output | C24: Technosphere flow | D24: Heat | E24: =E14*Parameters!C10*Parameters!C20*Parameters!C18 -> 2161.4235 | F24: MJ
A27: Biogas boiler | B27: input | C27: Intermediate flow | D27: Biogas | E27: =E13 -> 223.74985 | F27: m3
B28: output | C28: Elementary flow | D28: CO2 | E28: =$E$27*Parameters!C34 -> 449.66648 | F28: kg
B29: output | C29: Elementary flow | D29: CH4 | E29: =$E$27*Parameters!C35 -> 0.0057327997 | F29: kg
B30: output | C30: Elementary flow | D30: N2O | E30: =$E$27*Parameters!C36 -> 0.0057327997 | F30: kg
B31: output | C31: Elementary flow | D31: Sox | E31: =$E$27*Parameters!C37 -> 0.039771298 | F31: kg
B32: output | C32: Elementary flow | D32: PM10 | E32: =$E$27*Parameters!C38 -> 0.029165619 | F32: kg
B33: output | C33: Elementary flow | D33: PM2.5 | E33: =$E$27*Parameters!C39 -> 0.029165619 | F33: kg
B34: output | C34: Elementary flow | D34: Nox | E34: =$E$27*Parameters!C40 -> 0.38338098 | F34: kg
B35: output | C35: Elementary flow | D35: NH3 | E35: =$E$27*Parameters!C41 -> 0.012110539 | F35: kg
B36: output | C36: Elementary flow | D36: CO | E36: =$E$27*Parameters!C42 -> 0.32246998 | F36: kg
B37: output | C37: Elementary flow | D37: VOC | E37: =$E$27*Parameters!C43 -> 0.019276539 | F37: kg
B38: input | C38: Technosphere flow | D38: Electricity | E38: =Parameters!C44*LCI!E27 -> 0.60859958 | F38: kWh
B39: output | C39: Technosphere flow | D39: Heat | E39: =E27*Parameters!C10*Parameters!C20*Parameters!C33 -> 3876.4661 | F39: MJ
A42: Biogas upgrading | B42: input | C42: Technosphere flow | D42: Biogas | E42: =E13 -> 223.74985 | F42: m3
B43: output | C43: Elementary flow | D43: CO2 | E43: =E42*(1-Parameters!C10)*Parameters!C47*Parameters!C12 -> 174.55173 | F43: kg
B44: output | C44: Elementary flow | D44: CH4 | E44: =E42*Parameters!C10*Parameters!C48*Parameters!C11 -> 1.7398788 | F44: kg
B45: output | C45: Elementary flow | D45: H2S | E45: =Parameters!C49*LCI!E42 -> 0.0013424991 | F45: kg
B46: output | C46: Elementary flow | D46: Sox | E46: =E42*Parameters!C50 -> 0.001476749 | F46: kg
B47: input | C47: Technosphere flow | D47: Electricity requirement | E47: =E42*Parameters!C51 -> 76.074947 | F47: kWh
B48: input | C48: Technosphere flow | D48: Activated carbon | E48: =E42*Parameters!C52 -> 0.19913736 | F48: kg
B49: input | C49: Technosphere flow | D49: Zeolite | E49: =E42*Parameters!C53 -> 2.6626232 | F49: kg
B50: output | C50: Technosphere flow | D50: Biomethane | E50: =(E42*Parameters!C10*(1-Parameters!C48)) -> 131.83341 | F50: m3
A52: Electric engine | B52: input | C52: Technosphere flow | D52: Biogas | E52: =E13 -> 223.74985 | F52: m3
B53: output | C53: Elementary flow | D53: Nitrogen Oxides (NOx) | E53: =E52*Parameters!C56 -> 6.5500795 | F53: kg
B54: output | C54: Elementary flow | D54: Volatile Organic Compounds (VOCs) | E54: =E52*Parameters!C57 -> 0.24795254 | F54: kg
B55: output | C55: Elementary flow | D55: Sulfur Dioxide (SO2) | E55: =E52*Parameters!C58 -> 0.0012149674 | F55: kg
B56: output | C56: Elementary flow | D56: Particulate Matter (PM) | E56: =E52*Parameters!C59 -> 0.89326968 | F56: kg
B57: output | C57: Elementary flow | D57: Carbon Monoxide (CO) | E57: =E52*Parameters!C60 -> 0.79758066 | F57: kg
B58: output | C58: Elementary flow | D58: Methane (CH4) | E58: =E52*Parameters!C61 -> 2.9960932 | F58: kg
B59: output | C59: Technosphere flow | D59: Electricity | E59: =E52*Parameters!C10*Parameters!C20*Parameters!C55/3.6 -> 456.8226 | F59: kWh
A61: Storage
B62: input | C62: Technosphere flow | D62: digestate | E62: =Parameters!C66 -> 0.5558219 | F62: t
B63: output | C63: Elementary flow | D63: CH4 | E63: =Parameters!C74*1000 -> 1.7377103 | F63: kg
A65: Land application of digestate after storage
B66: input | C66: Technosphere flow | D66: digestate after storage | E66: =E62-E63*0.001 -> 0.55408419 | F66: t
B67: output | C67: Elementary flow | D67: N2O | E67: =Waste_characteristics!B3*Parameters!C5*(1-Waste_characteristics!B4)*Waste_characteristics!B8*Parameters!C78*(44/28)*1000 -> 0.18825189 | F67: kg
B68: output | C68: Elementary flow | D68: NH3 | E68: =Waste_characteristics!B3*Parameters!C5*(1-Waste_characteristics!B4)*Waste_characteristics!B8*Parameters!C79*(17/14)*1000 -> 4.4759191 | F68: kg
B69: output | C69: Elementary flow | D69: NO3 | E69: =Waste_characteristics!B3*Parameters!C5*(1-Waste_characteristics!B4)*Waste_characteristics!B8*Parameters!C80*(62/14)*1000 -> 6.1214777 | F69: kg
A71: Dewatering
B72: input | C72: Technosphere flow | D72: digestate | E72: =Parameters!C66 -> 0.5558219 | F72: t
B73: input | C73: Technosphere flow | D73: electricity | E73: =Parameters!C84*LCI!E72*1000 -> 2.0184752 | F73: kWh
B74: output | C74: Technosphere flow | D74: dewatered digestate | E74: =Parameters!C68*Parameters!C82*(1/Parameters!C83) -> 0.2970039 | F74: t
B75: output | C75: Technosphere flow | D75: wastewater | E75: =((E72-E74)*1000)/Parameters!C70 -> 0.25911227 | F75: m3
A77: Wastewater treatment
B78: input | C78: Technosphere flow | D78: wastewater | E78: =E75 -> 0.25911227 | F78: m3
B79: input | C79: Technosphere flow | D79: transport | F79: tkm
A81: Composting of digestate
B82: input | C82: Technosphere flow | D82: dewatered digestate | E82: =E74 -> 0.2970039 | F82: t
B83: output | C83: Elementary flow | D83: CH4 | E83: =(16/12)*Parameters!C91*(1-Parameters!C88)*((E6*1000*(1-Waste_characteristics!B4)*Waste_characteristics!B9)-((E13*(1-Parameters!C10)*Parameters!C12*(12/44)))-((E13*(Parameters!C10)*Parameters!C11*(12/16)))) -> 0.088228561 | F83: kg | G83: Cinit - C(CO2,CH4 in biogas) - C lost in water fraction of digestate
B84: output | C84: Elementary flow | D84: N2O | E84: =(E6*1000*(1-Waste_characteristics!B4)*Waste_characteristics!B8)*(1-Parameters!C85)*Parameters!C92*(44/28) -> 0.062318617 | F84: kg
B85: output | C85: Elementary flow | D85: NH3 | E85: =(E6*1000*(1-Waste_characteristics!B4)*Waste_characteristics!B8)*(1-Parameters!C85)*Parameters!C93*(17/14) -> 0.20275914 | F85: kg
B86: output | C86: Elementary flow | D86: NMVOC | E86: =E82*Parameters!C94 -> 0.030888406 | F86: kg
B87: output | C87: Elementary flow | D87: CO | E87: =(44/12)*Parameters!C95*(1-Parameters!C88)*((E6*1000*(1-Waste_characteristics!B4)*Waste_characteristics!B9)-((E13*(1-Parameters!C10)*Parameters!C12*(12/44)))-((E13*(Parameters!C10)*Parameters!C11*(12/16)))) -> 0.0098429429 | F87: kg
B88: output | C88: Technosphere flow | D88: compost | E88: =E82*(1-Parameters!C96) -> 0.15444203 | F88: t
B89: input | C89: Technosphere flow | D89: electricity | E89: =Parameters!C97*LCI!E82 -> 3.1254739 | F89: kWh
B90: input | C90: Technosphere flow | D90: diesel | E90: =Parameters!C98*LCI!E82*Parameters!C99 -> 0.44883056 | F90: kg
A93: Home Composting
B94: input | C94: Technosphere flow | D94: Waste | E94: 1 | F94: t
B95: output | C95: Elementary flow | D95: CH4 | E95: =[3]LCI!$B$4*1000 -> 0.34805 | F95: kg | G95: data from PaCTEA
B96: output | C96: Elementary flow | D96: N2O | E96: =[3]LCI!$B$6*1000 -> 0.070149 | F96: kg | G96: data from PaCTEA
B97: output | C97: Elementary flow | D97: NH3 | E97: =[3]LCI!$B$5*1000 -> 0.064732 | F97: kg | G97: data from PaCTEA
B98: input | C98: Technosphere flow | D98: Wood chips consumption | E98: =E94*(1/8)*1000 -> 125 | F98: kg | G98: data from PaCTEA
A100: Industrial composting
A101: Pretreatment | B101: input | C101: Technosphere flow | D101: Waste | E101: 1 | F101: t
B102: input | C102: Technosphere flow | D102: Electricity | E102: =E101*Parameters!C3 -> 9.98 | F102: kWh
B103: input | C103: Technosphere flow | D103: Water
B104: output | C104: Intermediate flow | D104: Pretreated biowaste | E104: =E101*Parameters!C5 -> 0.77 | F104: t
A105: Incineration | B105: input | C105: Intermediate flow | D105: discarded biowaste | E105: =E101*(1-Parameters!C5)*1000 -> 230 | F105: kg
A107: C/N correction | B107: input | C107: Technosphere flow | D107: Pretreated biowaste | E107: =E104 -> 0.77 | F107: t
B108: input | C108: Technosphere flow | D108: Wood chips consumption | E108: =E107*(1/8)*1000 -> 96.25 | F108: kg
B109: output | C109: Technosphere flow | D109: Biowaste+WC | E109: =E107+(E108/1000) -> 0.86625 | F109: t
A111: Active composting | B111: input | C111: Technosphere flow | D111: Biowaste+WC | E111: =E109 -> 0.86625 | F111: t
B112: output | C112: Elementary flow | D112: CH4 | E112: =[4]LCI!C4*1000 -> 0.1410178 | F112: kg | G112: data from PaCTEA
B113: output | C113: Elementary flow | D113: NH3 | E113: =[4]LCI!C5*1000 -> 0.1932546 | F113: kg | G113: data from PaCTEA
B114: output | C114: Elementary flow | D114: N2O | E114: =[4]LCI!C6*1000 -> 0.06009465 | F114: kg | G114: data from PaCTEA
B115: output | C115: Elementary flow | D115: CO2 | E115: =[4]LCI!C7*1000 -> 314.006 | F115: kg | G115: data from PaCTEA
B116: output | C116: Technosphere flow | D116: Electricity (aeration) | E116: =[4]LCI!$C$31*1000 -> 6.93 | F116: kWh | G116: data from PaCTEA
B117: output | C117: Technosphere flow | D117: Diesel | E117: =[4]LCI!$C$34*1000 -> 0 | F117: l | G117: data from PaCTEA

Sheet LCI_AD-c
A1: AD+injection+Digestate
A2: Process | B2: Flow direction | C2: Flow type | D2: Flow name | E2: Value | F2: Unit
A3: Pretreatment | B3: input | C3: Technosphere flow | D3: Waste | E3: 1 | F3: t
B4: input | C4: Technosphere flow | D4: Electricity | E4: =E3*Parameters!C3 -> 9.98 | F4: kWh
B5: input | C5: Technosphere flow | D5: Water
B6: output | C6: Intermediate flow | D6: Pretreated biowaste | E6: =E3*Parameters!C5 -> 0.77 | F6: t
A7: Incineration | B7: input | C7: Intermediate flow | D7: discarded biowaste | E7: =E3*(1-Parameters!C5)*1000 -> 230 | F7: kg
A8: AD | B8: input | C8: Intermediate flow | D8: Pretreated waste | E8: =E6 -> 0.77 | F8: t
B9: input | C9: Intermediate flow | D9: Electricity | E9: =Parameters!C14*E8 -> 22.33 | F9: kWh
B10: input | C10: Intermediate flow | D10: Heat | E10: =E8*Parameters!C15 -> 227.15 | F10: MJ
B11: output | C11: Elementary flow | D11: Methane | E11: =Parameters!C9*(Parameters!C7*(1-Waste_characteristics!B4))*E8*Parameters!C11*0.001 -> 1.5118454 | F11: kg
B12: output | C12: Intermediate flow | D12: Biogas | E12: =(((Parameters!C7*(1-Waste_characteristics!B4))/Parameters!C10)*0.001)-((E11/Parameters!C11)*(1/Parameters!C10)) -> 223.74985 | F12: m3
B13: output | C13: Technosphere flow | D13: Digestate | E13: =Parameters!C66 -> 0.5558219 | F13: t
A14: Biogas upgrading | B14: input | C14: Technosphere flow | D14: Biogas | E14: =E12 -> 223.74985 | F14: m3
B15: output | C15: Elementary flow | D15: CO2 | E15: =E14*(1-Parameters!C10)*Parameters!C47*Parameters!C12 -> 174.55173 | F15: kg
B16: output | C16: Elementary flow | D16: CH4 | E16: =E14*Parameters!C10*Parameters!C48*Parameters!C11 -> 1.7398788 | F16: kg
B17: output | C17: Elementary flow | D17: H2S | E17: =Parameters!C49*E14 -> 0.0013424991 | F17: kg
B18: output | C18: Elementary flow | D18: Sox | E18: =E14*Parameters!C50 -> 0.001476749 | F18: kg
B19: input | C19: Technosphere flow | D19: Electricity requirement | E19: =E14*Parameters!C51 -> 76.074947 | F19: kWh
B20: input | C20: Technosphere flow | D20: Activated carbon | E20: =E14*Parameters!C52 -> 0.19913736 | F20: kg
B21: input | C21: Technosphere flow | D21: Zeolite | E21: =E14*Parameters!C53 -> 2.6626232 | F21: kg
B22: output | C22: Technosphere flow | D22: Biomethane | E22: =(E14*Parameters!C10*(1-Parameters!C48)) -> 131.83341 | F22: m3
A23: Storage | B23: input | C23: Technosphere flow | D23: Digestate | E23: =E13 -> 0.5558219 | F23: t
B24: output | C24: Elementary flow | D24: CH4 | E24: =Parameters!C74*1000 -> 1.7377103 | F24: kg
B25: output | C25: Technosphere flow | D25: Digestate after storage | E25: =E23-(E24*0.001) -> 0.55408419 | F25: t
A26: Land application of digestate | B26: input | C26: Technosphere flow | D26: Digestate after storage | E26: =E24-(E25*0.001) -> 1.7371563 | F26: t
B27: output | C27: Elementary flow | D27: N2O | E27: =Waste_characteristics!B3*Parameters!C5*(1-Waste_characteristics!B4)*Waste_characteristics!B8*Parameters!C78*(44/28)*1000 -> 0.18825189 | F27: kg
B28: output | C28: Elementary flow | D28: NH3 | E28: =Waste_characteristics!B3*Parameters!C5*(1-Waste_characteristics!B4)*Waste_characteristics!B8*Parameters!C79*(17/14)*1000 -> 4.4759191 | F28: kg
B29: output | C29: Elementary flow | D29: NO3 | E29: =Waste_characteristics!B3*Parameters!C5*(1-Waste_characteristics!B4)*Waste_characteristics!B8*Parameters!C80*(62/14)*1000 -> 6.1214777 | F29: kg

Sheet LCI_AD-d
A1: AD+injection+Composting of digestate
A2: Process | B2: Flow direction | C2: Flow type | D2: Flow name | E2: Value | F2: Unit
A3: Pretreatment | B3: input | C3: Technosphere flow | D3: Waste | E3: 1 | F3: t
B4: input | C4: Technosphere flow | D4: Electricity | E4: =E3*Parameters!C3 -> 9.98 | F4: kWh
B5: input | C5: Technosphere flow | D5: Water
B6: output | C6: Intermediate flow | D6: Pretreated biowaste | E6: =E3*Parameters!C5 -> 0.77 | F6: t
A7: Incineration | B7: input | C7: Intermediate flow | D7: discarded biowaste | E7: =E3*(1-Parameters!C5)*1000 -> 230 | F7: kg
A8: AD | B8: input | C8: Intermediate flow | D8: Pretreated waste | E8: =E6 -> 0.77 | F8: t
B9: input | C9: Intermediate flow | D9: Electricity | E9: =Parameters!C14*E8 -> 22.33 | F9: kWh
B10: input | C10: Intermediate flow | D10: Heat | E10: =E8*Parameters!C15 -> 227.15 | F10: MJ
B11: output | C11: Elementary flow | D11: Methane | E11: =Parameters!C9*(Parameters!C7*(1-Waste_characteristics!B4))*E8*Parameters!C11*0.001 -> 1.5118454 | F11: kg
B12: output | C12: Intermediate flow | D12: Biogas | E12: =(((Parameters!C7*(1-Waste_characteristics!B4))/Parameters!C10)*0.001)-((E11/Parameters!C11)*(1/Parameters!C10)) -> 223.74985 | F12: m3
B13: output | C13: Technosphere flow | D13: Digestate | E13: =Parameters!C66 -> 0.5558219 | F13: t
A14: Biogas upgrading | B14: input | C14: Technosphere flow | D14: Biogas | E14: =E12 -> 223.74985 | F14: m3
B15: output | C15: Elementary flow | D15: CO2 | E15: =E14*(1-Parameters!C10)*Parameters!C47*Parameters!C12 -> 174.55173 | F15: kg
B16: output | C16: Elementary flow | D16: CH4 | E16: =E14*Parameters!C10*Parameters!C48*Parameters!C11 -> 1.7398788 | F16: kg
B17: output | C17: Elementary flow | D17: H2S | E17: =Parameters!C49*E14 -> 0.0013424991 | F17: kg
B18: output | C18: Elementary flow | D18: Sox | E18: =E14*Parameters!C50 -> 0.001476749 | F18: kg
B19: input | C19: Technosphere flow | D19: Electricity requirement | E19: =E14*Parameters!C51 -> 76.074947 | F19: kWh
B20: input | C20: Technosphere flow | D20: Activated carbon | E20: =E14*Parameters!C52 -> 0.19913736 | F20: kg
B21: input | C21: Technosphere flow | D21: Zeolite | E21: =E14*Parameters!C53 -> 2.6626232 | F21: kg
B22: output | C22: Technosphere flow | D22: Biomethane | E22: =(E14*Parameters!C10*(1-Parameters!C48)) -> 131.83341 | F22: m3
A23: Dewatering | B23: input | C23: Technosphere flow | D23: Digestate | E23: =E13 -> 0.5558219 | F23: t
B24: input | C24: Technosphere flow | D24: electricity | E24: =E23*Parameters!C84*1000 -> 2.0184752 | F24: kWh
B25: output | C25: Technosphere flow | D25: dewatered digestate | E25: =Parameters!C68*Parameters!C82*(1/Parameters!C83) -> 0.2970039 | F25: t
B26: output | C26: Technosphere flow | D26: wastewater | E26: =(E23-E25)*1000/Parameters!C70 -> 0.25911227 | F26: m3
A27: Composting of digestate | B27: input | C27: Technosphere flow | D27: dewatered digestate | E27: =E25 -> 0.2970039 | F27: t
B28: output | C28: Elementary flow | D28: CH4 | E28: =(16/12)*Parameters!C91*(1-Parameters!C88)*((E6*1000*(1-Waste_characteristics!B4)*Waste_characteristics!B9)-((E12*(1-Parameters!C10)*Parameters!C12*(12/44)))-((E12*(Parameters!C10)*Parameters!C11*(12/16)))) -> 0.088228561 | F28: kg
B29: output | C29: Elementary flow | D29: N2O | E29: =(E6*1000*(1-Waste_characteristics!B4)*Waste_characteristics!B8)*(1-Parameters!C85)*Parameters!C92*(44/28) -> 0.062318617 | F29: kg
B30: output | C30: Elementary flow | D30: NH3 | E30: =(E6*1000*(1-Waste_characteristics!B4)*Waste_characteristics!B8)*(1-Parameters!C85)*Parameters!C93*(17/14) -> 0.20275914 | F30: kg
B31: output | C31: Elementary flow | D31: NMVOC | E31: =E27*Parameters!C94 -> 0.030888406 | F31: kg
B32: output | C32: Elementary flow | D32: CO | E32: =(44/12)*Parameters!C95*(1-Parameters!C88)*((E6*1000*(1-Waste_characteristics!B4)*Waste_characteristics!B9)-((E13*(1-Parameters!C10)*Parameters!C12*(12/44)))-((E13*(Parameters!C10)*Parameters!C11*(12/16)))) -> 0.12509677 | F32: kg
B33: output | C33: Technosphere flow | D33: compost | E33: =E27*(1-Parameters!C96) -> 0.15444203 | F33: t
B34: input | C34: Technosphere flow | D34: electricity | E34: =E27*Parameters!C97 -> 3.1254739 | F34: kWh
B35: input | C35: Technosphere flow | D35: diesel | E35: =E27*Parameters!C98*Parameters!C99 -> 0.44883056 | F35: kg
A36: Land application of compost

Sheet LCI_AD-b
A1: AD+CHP+Composting
A2: Process | B2: Flow direction | C2: Flow type | D2: Flow name | E2: Value | F2: Unit
A3: Pretreatment | B3: input | C3: Technosphere flow | D3: Waste | E3: 1 | F3: t
B4: input | C4: Technosphere flow | D4: Electricity | E4: =E3*Parameters!C3 -> 9.98 | F4: kWh
B5: input | C5: Technosphere flow | D5: Water
B6: output | C6: Intermediate flow | D6: Pretreated biowaste | E6: =E3*Parameters!C5 -> 0.77 | F6: t
A7: Incineration | B7: input | C7: Intermediate flow | D7: discarded biowaste | E7: =E3*(1-Parameters!C5)*1000 -> 230 | F7: kg
A8: AD | B8: input | C8: Intermediate flow | D8: Pretreated waste | E8: =E6 -> 0.77 | F8: t
B9: input | C9: Intermediate flow | D9: Electricity | E9: =Parameters!C14*E8 -> 22.33 | F9: kWh
B10: input | C10: Intermediate flow | D10: Heat | E10: =E8*Parameters!C15 -> 227.15 | F10: MJ
B11: output | C11: Elementary flow | D11: Methane | E11: =Parameters!C9*(Parameters!C7*(1-Waste_characteristics!B4))*E8*Parameters!C11*0.001 -> 1.5118454 | F11: kg
B12: output | C12: Intermediate flow | D12: Biogas | E12: =(((Parameters!C7*(1-Waste_characteristics!B4))/Parameters!C10)*0.001)-((E11/Parameters!C11)*(1/Parameters!C10)) -> 223.74985 | F12: m3
B13: output | C13: Technosphere flow | D13: Digestate | E13: =Parameters!C66 -> 0.5558219 | F13: t
A14: CHP | B14: input | C14: Intermediate flow | D14: Biogas | E14: =E12 -> 223.74985 | F14: m3
B15: output | C15: Elementary flow | D15: Nitrogen Oxides (NOx) | E15: =E14*Parameters!C24 -> 0.036718365 | F15: kg
B16: output | C16: Elementary flow | D16: Volatile Organic Compounds (VOCs) | E16: =E14*Parameters!C25 -> 0.3538951 | F16: kg
B17: output | C17: Elementary flow | D17: Sulfur Dioxide (SO2) | E17: =E14*Parameters!C26 -> 0.0031472884 | F17: kg
B18: output | C18: Elementary flow | D18: Particulate Matter (PM) | E18: =LCI!E14*Parameters!C27 -> 0.0076933718 | F18: kg
B19: output | C19: Elementary flow | D19: Carbon Monoxide (CO) | E19: =E14*Parameters!C28 -> 0.23901907 | F19: kg
B20: output | C20: Elementary flow | D20: Ammonia (NH3) | E20: =E14*Parameters!C29 -> 0.014337647 | F20: kg
B21: output | C21: Elementary flow | D21: Methane (CH4) | E21: =E14*Parameters!C30 -> 0.96288796 | F21: kg
B22: output | C22: Elementary flow | D22: Nitrous Oxide (N2O) | E22: =LCI!E14*Parameters!C31 -> 0.022925904 | F22: kg
B23: output | C23: Technosphere flow | D23: Electricity | E23: =E14*Parameters!C10*Parameters!C20*Parameters!C19/3.6 -> 509.0309 | F23: kWh
B24: output | C24: Technosphere flow | D24: Heat | E24: =E14*Parameters!C10*Parameters!C20*Parameters!C18 -> 2161.4235 | F24: MJ
A25: Dewatering | B25: input | C25: Technosphere flow | D25: Digestate | E25: =E13 -> 0.5558219 | F25: t
B26: input | C26: Technosphere flow | D26: electricity | E26: =E25*Parameters!C84*1000 -> 2.0184752 | F26: kWh
B27: output | C27: Technosphere flow | D27: dewatered digestate | E27: =Parameters!C68*Parameters!C82*(1/Parameters!C83) -> 0.2970039 | F27: t
B28: output | C28: Technosphere flow | D28: wastewater | E28: =(E25-E27)*1000/Parameters!C70 -> 0.25911227 | F28: m3
A29: Composting of digestate | B29: input | C29: Technosphere flow | D29: dewatered digestate | E29: =E27 -> 0.2970039 | F29: t
B30: output | C30: Elementary flow | D30: CH4 | E30: =(16/12)*Parameters!C91*(1-Parameters!C88)*((E6*1000*(1-Waste_characteristics!B4)*Waste_characteristics!B9)-((E12*(1-Parameters!C10)*Parameters!C12*(12/44)))-((E12*(Parameters!C10)*Parameters!C11*(12/16)))) -> 0.088228561 | F30: kg | H30: Cinit - C(CO2,CH4 in biogas) - C lost in water fraction of digestate
B31: output | C31: Elementary flow | D31: N2O | E31: =(E6*1000*(1-Waste_characteristics!B4)*Waste_characteristics!B8)*(1-Parameters!C85)*Parameters!C92*(44/28) -> 0.062318617 | F31: kg
B32: output | C32: Elementary flow | D32: NH3 | E32: =(E6*1000*(1-Waste_characteristics!B4)*Waste_characteristics!B8)*(1-Parameters!C85)*Parameters!C93*(17/14) -> 0.20275914 | F32: kg
B33: output | C33: Elementary flow | D33: NMVOC | E33: =E29*Parameters!C94 -> 0.030888406 | F33: kg
B34: output | C34: Elementary flow | D34: CO | E34: =(44/12)*Parameters!C95*(1-Parameters!C88)*((E6*1000*(1-Waste_characteristics!B4)*Waste_characteristics!B9)-((E13*(1-Parameters!C10)*Parameters!C12*(12/44)))-((E13*(Parameters!C10)*Parameters!C11*(12/16)))) -> 0.12509677 | F34: kg
B35: output | C35: Technosphere flow | D35: compost | E35: =E29*(1-Parameters!C96) -> 0.15444203 | F35: t
B36: input | C36: Technosphere flow | D36: electricity | E36: =E29*Parameters!C97 -> 3.1254739 | F36: kWh
B37: input | C37: Technosphere flow | D37: diesel | E37: =E29*Parameters!C98*Parameters!C99 -> 0.44883056 | F37: kg
A38: Land application of compost

Sheet params_HC
B2: Technology | I2: Pretratment technology
B3: Pretreatement technology | C3: 1 | D3: (don't select if home composting) | I3: 0 | J3: None
B4: Ratio Biowaste/WC | C4: 8_1 | I4: 1 | J4: Drum-screen + Shredder + Piston press
B5: Aeration mode for industrial composting | C5: Active | D5: (don't select if home composting) | I5: 2 | J5: Shredder + Piston press + Screw press
B6: Distance of biowaste collection | C6: 20 | D6: km | I6: 3 | J6: Separation-mill
B7: Distance of compost transport from composting site to land | C7: 20 | D7: km | I7: 4 | J7: Pulp + Drum-screen

Sheet LCI_HC
A1: Home Composting
A2: Process | B2: Flow direction | C2: Flow type | D2: Flow name | E2: Value | F2: Unit
A3: Home composting | B3: input | C3: Technosphere flow | D3: Waste | E3: 1 | F3: t
B4: output | C4: Elementary flow | D4: CH4 | E4: =[3]LCI!$B$4*1000 -> 0.34805 | F4: kg | G4: data from PaCTEA
B5: output | C5: Elementary flow | D5: N2O | E5: =[3]LCI!$B$6*1000 -> 0.070149 | F5: kg | G5: data from PaCTEA
B6: output | C6: Elementary flow | D6: NH3 | E6: =[3]LCI!$B$5*1000 -> 0.064732 | F6: kg | G6: data from PaCTEA
B7: input | C7: Technosphere flow | D7: Wood chips consumption | E7: =E3*(1/8)*1000 -> 125 | F7: kg | G7: data from PaCTEA
A8: Land application
B9: output | C9: Elementary flow | D9: NH3 | E9: =[3]LCI!$C$18*1000 -> 0.36486015 | F9: kg | G9: data from PaCTEA
B10: output | C10: Elementary flow | D10: N2O | E10: =[3]LCI!$C$19*1000 -> 0.13095325 | F10: kg | G10: data from PaCTEA
B11: output | C11: Elementary flow | D11: NO3 | E11: =[3]LCI!$C$20*1000 -> 13.608329 | F11: kg | G11: data from PaCTEA
B12: output | C12: Elementary flow | D12: (PO4)3- | E12: =[3]LCI!$C$22*1000 -> -0.08127857 | F12: kg | G12: data from PaCTEA
B13: output | C13: Elementary flow | D13: CO2 fossil | E13: =[3]LCI!$C$26*1000 -> -356.4 | F13: kg | G13: data from PaCTEA
A14: Substitued products
C15: Technosphere flow | D15: N-fertilizer | E15: =0.0116046876865655*1000 -> 11.604688 | F15: kg | G15: data from PaCTEA
C16: Technosphere flow | D16: P-fertilizer | E16: =0.00342132225661322*1000 -> 3.4213223 | F16: kg | G16: data from PaCTEA
C17: Technosphere flow | D17: K-fertilizer | E17: =0.00502189482738727*1000 -> 5.0218948 | F17: kg | G17: data from PaCTEA
C18: Technosphere flow | D18: Peat | E18: =0.438311688311688*1000 -> 438.31169 | F18: kg | G18: data from PaCTEA

Sheet LCIA_HC
A2: RECIPE - MIDPOINT
A3: Process | C3: acidification: terrestrial - terrestrial acidification potential (TAP) | D3: climate change - global warming potential (GWP100) | E3: ecotoxicity: freshwater - freshwater ecotoxicity potential (FETP) | F3: ecotoxicity: marine - marine ecotoxicity potential (METP) | G3: ecotoxicity: terrestrial - terrestrial ecotoxicity potential (TETP) | H3: energy resources: non-renewable, fossil - fossil fuel potential (FFP) | I3: eutrophication: freshwater - freshwater eutrophication potential (FEP) | J3: eutrophication: marine - marine eutrophication potential (MEP) | K3: human toxicity: carcinogenic - human toxicity potential (HTPc) | L3: human toxicity: non-carcinogenic - human toxicity potential (HTPnc) | M3: ionising radiation - ionising radiation potential (IRP) | N3: land use - agricultural land occupation (LOP) | O3: material resources: metals/minerals - surplus ore potential (SOP) | P3: ozone depletion - ozone depletion potential (ODPinfinite) | Q3: particulate matter formation - particulate matter formation potential (PMFP) | R3: photochemical oxidant formation: human health - photochemical oxidant formation potential: humans (HOFP) | S3: photochemical oxidant formation: terrestrial ecosystems - photochemical oxidant formation potential: ecosystems (EOFP) | T3: water use - water consumption potential (WCP)
A4: Composting | C4: =SUM(C5:C7) -> 0.12687472 | D4: =SUM(D5:D7) -> 32.738102 | E4: =SUM(E5:E7) -> 0 | F4: =SUM(F5:F7) -> 0 | G4: =SUM(G5:G7) -> 0 | H4: =SUM(H5:H7) -> 0 | I4: =SUM(I5:I7) -> 0 | J4: =SUM(J5:J7) -> 0 | ... T4: =SUM(T5:T7) -> 0
B5: CH4 | C5: =LCI_HC!$E4*impact_process_mid!C11 -> 0 | D5: =LCI_HC!$E4*impact_process_mid!D11 -> 11.8337 | E5: =LCI_HC!$E4*impact_process_mid!E11 -> 0 | F5: =LCI_HC!$E4*impact_process_mid!F11 -> 0 | G5: =LCI_HC!$E4*impact_process_mid!G11 -> 0 | H5: =LCI_HC!$E4*impact_process_mid!H11 -> 0 | I5: =LCI_HC!$E4*impact_process_mid!I11 -> 0 | J5: =LCI_HC!$E4*impact_process_mid!J11 -> 0 | ... T5: =LCI_HC!$E4*impact_process_mid!T11 -> 0
B6: NH3 | C6: =LCI_HC!$E6*impact_process_mid!C17 -> 0.12687472 | D6: =LCI_HC!$E6*impact_process_mid!D17 -> 0 | E6: =LCI_HC!$E6*impact_process_mid!E17 -> 0 | F6: =LCI_HC!$E6*impact_process_mid!F17 -> 0 | G6: =LCI_HC!$E6*impact_process_mid!G17 -> 0 | H6: =LCI_HC!$E6*impact_process_mid!H17 -> 0 | I6: =LCI_HC!$E6*impact_process_mid!I17 -> 0 | J6: =LCI_HC!$E6*impact_process_mid!J17 -> 0 | ... T6: =LCI_HC!$E6*impact_process_mid!T17 -> 0
B7: N2O | C7: =LCI_HC!$E5*impact_process_mid!C19 -> 0 | D7: =LCI_HC!$E5*impact_process_mid!D19 -> 20.904402 | E7: =LCI_HC!$E5*impact_process_mid!E19 -> 0 | F7: =LCI_HC!$E5*impact_process_mid!F19 -> 0 | G7: =LCI_HC!$E5*impact_process_mid!G19 -> 0 | H7: =LCI_HC!$E5*impact_process_mid!H19 -> 0 | I7: =LCI_HC!$E5*impact_process_mid!I19 -> 0 | J7: =LCI_HC!$E5*impact_process_mid!J19 -> 0 | ... T7: =LCI_HC!$E5*impact_process_mid!T19 -> 0
B8: Wood chips | C8: =LCI_HC!$E7*impact_process_mid!C33 -> 0.014295467 | D8: =LCI_HC!$E7*impact_process_mid!D33 -> 5.7556617 | E8: =LCI_HC!$E7*impact_process_mid!E33 -> 0.12930887 | F8: =LCI_HC!$E7*impact_process_mid!F33 -> 0.20158553 | G8: =LCI_HC!$E7*impact_process_mid!G33 -> 57.734745 | H8: =LCI_HC!$E7*impact_process_mid!H33 -> 1.7373117 | I8: =LCI_HC!$E7*impact_process_mid!I33 -> 0.0019765582 | J8: =LCI_HC!$E7*impact_process_mid!J33 -> 0.00031560347 | ... T8: =LCI_HC!$E7*impact_process_mid!T33 -> 0.026932346
A9: Land application
A13: RECIPE - ENDPOINT
A14: Process | C14: ecosystem quality - acidification: terrestrial | D14: ecosystem quality - climate change: freshwater ecosystems | E14: ecosystem quality - climate change: terrestrial ecosystems | F14: ecosystem quality - ecotoxicity: freshwater | G14: ecosystem quality - ecotoxicity: marine | H14: ecosystem quality - ecotoxicity: terrestrial | I14: ecosystem quality - eutrophication: freshwater | J14: ecosystem quality - eutrophication: marine | K14: ecosystem quality - land use | L14: ecosystem quality - photochemical oxidant formation: terrestrial ecosystems | M14: ecosystem quality - water use: aquatic ecosystems | N14: ecosystem quality - water use: terrestrial ecosystems | O14: human health - climate change: human health | P14: human health - human toxicity: carcinogenic | Q14: human health - human toxicity: non-carcinogenic | R14: human health - ionising radiation | S14: human health - ozone depletion | T14: human health - particulate matter formation | U14: human health - photochemical oxidant formation: human health | V14: human health - water use: human health | W14: natural resources - energy resources: non-renewable, fossil | X14: natural resources - material resources: metals/minerals | Y14: total: ecosystem quality - ecosystem quality | Z14: total: human health - human health | AA14: total: natural resources - natural resources
A15: Composting
B16: CH4 | C16: =LCI_HC!$E4*impact_process_end!C11 -> 0 | D16: =LCI_HC!$E4*impact_process_end!D11 -> 9.0493e-13 | E16: =LCI_HC!$E4*impact_process_end!E11 -> 3.313436e-08 | F16: =LCI_HC!$E4*impact_process_end!F11 -> 0 | G16: =LCI_HC!$E4*impact_process_end!G11 -> 0 | H16: =LCI_HC!$E4*impact_process_end!H11 -> 0 | I16: =LCI_HC!$E4*impact_process_end!I11 -> 0 | J16: =LCI_HC!$E4*impact_process_end!J11 -> 0 | ... AA16: =LCI_HC!$E4*impact_process_end!AA11 -> 0
B17: NH3 | C17: =LCI_HC!$E6*impact_process_end!C17 -> 2.6928512e-08 | D17: =LCI_HC!$E6*impact_process_end!D17 -> 0 | E17: =LCI_HC!$E6*impact_process_end!E17 -> 0 | F17: =LCI_HC!$E6*impact_process_end!F17 -> 0 | G17: =LCI_HC!$E6*impact_process_end!G17 -> 0 | H17: =LCI_HC!$E6*impact_process_end!H17 -> 0 | I17: =LCI_HC!$E6*impact_process_end!I17 -> 0 | J17: =LCI_HC!$E6*impact_process_end!J17 -> 0 | ... AA17: =LCI_HC!$E6*impact_process_end!AA17 -> 0
B18: N2O | C18: =LCI_HC!$E5*impact_process_end!C19 -> 0 | D18: =LCI_HC!$E5*impact_process_end!D19 -> 1.5993972e-12 | E18: =LCI_HC!$E5*impact_process_end!E19 -> 5.8504266e-08 | F18: =LCI_HC!$E5*impact_process_end!F19 -> 0 | G18: =LCI_HC!$E5*impact_process_end!G19 -> 0 | H18: =LCI_HC!$E5*impact_process_end!H19 -> 0 | I18: =LCI_HC!$E5*impact_process_end!I19 -> 0 | J18: =LCI_HC!$E5*impact_process_end!J19 -> 0 | ... AA18: =LCI_HC!$E5*impact_process_end!AA19 -> 0
B19: Wood chips | C19: =LCI_HC!$E7*impact_process_end!C33 -> 3.030288e-09 | D19: =LCI_HC!$E7*impact_process_end!D33 -> 4.4028427e-13 | E19: =LCI_HC!$E7*impact_process_end!E33 -> 1.6121281e-08 | F19: =LCI_HC!$E7*impact_process_end!F33 -> 8.9550842e-11 | G19: =LCI_HC!$E7*impact_process_end!G33 -> 2.1182825e-11 | H19: =LCI_HC!$E7*impact_process_end!H33 -> 6.5822853e-10 | I19: =LCI_HC!$E7*impact_process_end!I33 -> 1.3248147e-09 | J19: =LCI_HC!$E7*impact_process_end!J33 -> 5.3657236e-13 | ... AA19: =LCI_HC!$E7*impact_process_end!AA33 -> 0.7227007
A28: IMPACT WORLD + ENDPOINT
A29: Process | C29: Climate change, ecosystem quality, long term | D29: Climate change, ecosystem quality, short term | E29: Climate change, human health, long term | F29: Climate change, human health, short term | G29: Fisheries impact | H29: Freshwater acidification | I29: Freshwater ecotoxicity, long term | J29: Freshwater ecotoxicity, short term | K29: Freshwater eutrophication | L29: Human toxicity cancer, long term | M29: Human toxicity cancer, short term | N29: Human toxicity non-cancer, long term | O29: Human toxicity non-cancer, short term | P29: Ionizing radiations, ecosystem quality | Q29: Ionizing radiations, human health | R29: Land occupation, biodiversity | S29: Land transformation, biodiversity | T29: Marine acidification, long term | U29: Marine acidification, short term | V29: Marine ecotoxicity, long term | W29: Marine ecotoxicity, short term | X29: Marine eutrophication | Y29: Ozone layer depletion | Z29: Particulate matter formation | AA29: Photochemical ozone formation, ecosystem quality | AB29: Photochemical ozone formation, human health | AC29: Terrestrial acidification | AD29: Terrestrial ecotoxicity, long term | AE29: Terrestrial ecotoxicity, short term | AF29: Thermally polluted water | AG29: Total ecosystem quality | AH29: Total human health | AI29: Water availability, freshwater ecosystem | AJ29: Water availability, human health | AK29: Water availability, terrestrial ecosystem
A30: Composting | C30: =SUM(C31:C34) -> 5.9124722 | D30: =SUM(D31:D34) -> 4.1174273 | E30: =SUM(E31:E34) -> 7.9682226e-05 | F30: =SUM(F31:F34) -> 5.5490464e-05 | G30: =SUM(G31:G34) -> 5.6277794e-18 | H30: =SUM(H31:H34) -> 0.15195189 | I30: =SUM(I31:I34) -> 0.51155103 | J30: =SUM(J31:J34) -> 0.087051064 | ... AK30: =SUM(AK31:AK34) -> 0.00034125772
B31: CH4 | C31: =LCI_HC!$E4*'IW+_end'!C12 -> 0.21593705 | D31: =LCI_HC!$E4*'IW+_end'!D12 -> 0.82011228 | E31: =LCI_HC!$E4*'IW+_end'!E12 -> 2.9101777e-06 | F31: =LCI_HC!$E4*'IW+_end'!F12 -> 1.1052641e-05 | G31: =LCI_HC!$E4*'IW+_end'!G12 -> 0 | H31: =LCI_HC!$E4*'IW+_end'!H12 -> 0 | I31: =LCI_HC!$E4*'IW+_end'!I12 -> 0 | J31: =LCI_HC!$E4*'IW+_end'!J12 -> 0 | ... AK31: =LCI_HC!$E4*'IW+_end'!AK12 -> 0
B32: NH3 | C32: =LCI_HC!$E6*'IW+_end'!C18 -> 0 | D32: =LCI_HC!$E6*'IW+_end'!D18 -> 0 | E32: =LCI_HC!$E6*'IW+_end'!E18 -> 0 | F32: =LCI_HC!$E6*'IW+_end'!F18 -> 0 | G32: =LCI_HC!$E6*'IW+_end'!G18 -> 0 | H32: =LCI_HC!$E6*'IW+_end'!H18 -> 0.11954159 | I32: =LCI_HC!$E6*'IW+_end'!I18 -> 0 | J32: =LCI_HC!$E6*'IW+_end'!J18 -> 0 | ... AK32: =LCI_HC!$E6*'IW+_end'!AK18 -> 0
B33: N2O | C33: =LCI_HC!$E5*'IW+_end'!C20 -> 3.5672544 | D33: =LCI_HC!$E5*'IW+_end'!D20 -> 2.6464982 | E33: =LCI_HC!$E5*'IW+_end'!E20 -> 4.8075789e-05 | F33: =LCI_HC!$E5*'IW+_end'!F20 -> 3.5666784e-05 | G33: =LCI_HC!$E5*'IW+_end'!G20 -> 0 | H33: =LCI_HC!$E5*'IW+_end'!H20 -> 0 | I33: =LCI_HC!$E5*'IW+_end'!I20 -> 0 | J33: =LCI_HC!$E5*'IW+_end'!J20 -> 0 | ... AK33: =LCI_HC!$E5*'IW+_end'!AK20 -> 0
B34: Wood chips | C34: =LCI_HC!$E7*'IW+_end'!C35 -> 2.1292808 | D34: =LCI_HC!$E7*'IW+_end'!D35 -> 0.65081677 | E34: =LCI_HC!$E7*'IW+_end'!E35 -> 2.8696259e-05 | F34: =LCI_HC!$E7*'IW+_end'!F35 -> 8.7710397e-06 | G34: =LCI_HC!$E7*'IW+_end'!G35 -> 5.6277794e-18 | H34: =LCI_HC!$E7*'IW+_end'!H35 -> 0.032410306 | I34: =LCI_HC!$E7*'IW+_end'!I35 -> 0.51155103 | J34: =LCI_HC!$E7*'IW+_end'!J35 -> 0.087051064 | ... AK34: =LCI_HC!$E7*'IW+_end'!AK35 -> 0.00034125772
A35: Land application | C35: =SUM(C36:C40) -> -141.54374 | D35: =SUM(D36:D40) -> -37.189591 | E35: =SUM(E36:E40) -> -0.0019075811 | F35: =SUM(F36:F40) -> -0.00050120309 | G35: =SUM(G36:G40) -> 0 | H35: =SUM(H36:H40) -> 0.6737929 | I35: =SUM(I36:I40) -> 0 | J35: =SUM(J36:J40) -> 1.5513495e-09 | ... AK35: =SUM(AK36:AK40) -> 0
B36: NH3 | C36: =LCI_HC!$E9*'IW+_end'!C18 -> 0 | D36: =LCI_HC!$E9*'IW+_end'!D18 -> 0 | E36: =LCI_HC!$E9*'IW+_end'!E18 -> 0 | F36: =LCI_HC!$E9*'IW+_end'!F18 -> 0 | G36: =LCI_HC!$E9*'IW+_end'!G18 -> 0 | H36: =LCI_HC!$E9*'IW+_end'!H18 -> 0.6737929 | I36: =LCI_HC!$E9*'IW+_end'!I18 -> 0 | J36: =LCI_HC!$E9*'IW+_end'!J18 -> 0 | ... AK36: =LCI_HC!$E9*'IW+_end'!AK18 -> 0
B37: N2O | C37: =LCI_HC!$E10*'IW+_end'!C20 -> 6.6593046 | D37: =LCI_HC!$E10*'IW+_end'!D20 -> 4.9404488 | E37: =LCI_HC!$E10*'IW+_end'!E20 -> 8.9747264e-05 | F37: =LCI_HC!$E10*'IW+_end'!F20 -> 6.6582292e-05 | G37: =LCI_HC!$E10*'IW+_end'!G20 -> 0 | H37: =LCI_HC!$E10*'IW+_end'!H20 -> 0 | I37: =LCI_HC!$E10*'IW+_end'!I20 -> 0 | J37: =LCI_HC!$E10*'IW+_end'!J20 -> 0 | ... AK37: =LCI_HC!$E10*'IW+_end'!AK20 -> 0
B38: NO3 | C38: =LCI_HC!$E11*impact_process_end!C20 -> 0 | D38: =LCI_HC!$E11*impact_process_end!D20 -> 0 | E38: =LCI_HC!$E11*impact_process_end!E20 -> 0 | F38: =LCI_HC!$E11*impact_process_end!F20 -> 0 | G38: =LCI_HC!$E11*impact_process_end!G20 -> 0 | H38: =LCI_HC!$E11*impact_process_end!H20 -> 0 | I38: =LCI_HC!$E11*impact_process_end!I20 -> 0 | J38: =LCI_HC!$E11*impact_process_end!J20 -> 1.5513495e-09 | ... AK38: =LCI_HC!$E11*impact_process_end!AK20 -> 0
B39: (PO4)3- | C39: =LCI_HC!$E12*'IW+_end'!C25 -> 0 | D39: =LCI_HC!$E12*'IW+_end'!D25 -> 0 | E39: =LCI_HC!$E12*'IW+_end'!E25 -> 0 | F39: =LCI_HC!$E12*'IW+_end'!F25 -> 0 | G39: =LCI_HC!$E12*'IW+_end'!G25 -> 0 | H39: =LCI_HC!$E12*'IW+_end'!H25 -> 0 | I39: =LCI_HC!$E12*'IW+_end'!I25 -> 0 | J39: =LCI_HC!$E12*'IW+_end'!J25 -> 0 | ... AK39: =LCI_HC!$E12*'IW+_end'!AK25 -> 0
B40: CO2 fossil | C40: =LCI_HC!$E13*'IW+_end'!C26 -> -148.20304 | D40: =LCI_HC!$E13*'IW+_end'!D26 -> -42.130039 | E40: =LCI_HC!$E13*'IW+_end'!E26 -> -0.0019973283 | F40: =LCI_HC!$E13*'IW+_end'!F26 -> -0.00056778538 | G40: =LCI_HC!$E13*'IW+_end'!G26 -> 0 | H40: =LCI_HC!$E13*'IW+_end'!H26 -> 0 | I40: =LCI_HC!$E13*'IW+_end'!I26 -> 0 | J40: =LCI_HC!$E13*'IW+_end'!J26 -> 0 | ... AK40: =LCI_HC!$E13*'IW+_end'!AK26 -> 0
A41: Substitued products | C41: =SUM(C42:C45) -> 9.8750277 | D41: =SUM(D42:D45) -> 3.3376956 | E41: =SUM(E42:E45) -> 0.00013308548 | F41: =SUM(F42:F45) -> 4.4982031e-05 | G41: =SUM(G42:G45) -> 6.537874e-17 | H41: =SUM(H42:H45) -> 0.20461159 | I41: =SUM(I42:I45) -> 2.1024818 | J41: =SUM(J42:J45) -> 0.51323165 | ... AK41: =SUM(AK42:AK45) -> 0.065338848
B42: N-fertilizer | C42: =LCI_HC!$E15*'IW+_end'!C28 -> 6.6748424 | D42: =LCI_HC!$E15*'IW+_end'!D28 -> 2.1502978 | E42: =LCI_HC!$E15*'IW+_end'!E28 -> 8.9956668e-05 | F42: =LCI_HC!$E15*'IW+_end'!F28 -> 2.8979505e-05 | G42: =LCI_HC!$E15*'IW+_end'!G28 -> 4.6292153e-17 | H42: =LCI_HC!$E15*'IW+_end'!H28 -> 0.10295073 | I42: =LCI_HC!$E15*'IW+_end'!I28 -> 0.85618657 | J42: =LCI_HC!$E15*'IW+_end'!J28 -> 0.2846082 | ... AK42: =LCI_HC!$E15*'IW+_end'!AK28 -> 0.00037409426
B43: P-fertilizer | C43: =LCI_HC!$E16*'IW+_end'!C30 -> 0.51520429 | D43: =LCI_HC!$E16*'IW+_end'!D30 -> 0.15469606 | E43: =LCI_HC!$E16*'IW+_end'!E30 -> 6.943394e-06 | F43: =LCI_HC!$E16*'IW+_end'!F30 -> 2.0848345e-06 | G43: =LCI_HC!$E16*'IW+_end'!G30 -> 7.8331901e-18 | H43: =LCI_HC!$E16*'IW+_end'!H30 -> 0.048015645 | I43: =LCI_HC!$E16*'IW+_end'!I30 -> 0.25144538 | J43: =LCI_HC!$E16*'IW+_end'!J30 -> 0.023061628 | ... AK43: =LCI_HC!$E16*'IW+_end'!AK30 -> 0.0003676824
B44: K-fertilizer | C44: =LCI_HC!$E17*'IW+_end'!C29 -> 1.2678328 | D44: =LCI_HC!$E17*'IW+_end'!D29 -> 0.38610408 | E44: =LCI_HC!$E17*'IW+_end'!E29 -> 1.7086547e-05 | F44: =LCI_HC!$E17*'IW+_end'!F29 -> 5.2035141e-06 | G44: =LCI_HC!$E17*'IW+_end'!G29 -> 1.040552e-17 | H44: =LCI_HC!$E17*'IW+_end'!H29 -> 0.024554953 | I44: =LCI_HC!$E17*'IW+_end'!I29 -> 0.66390176 | J44: =LCI_HC!$E17*'IW+_end'!J29 -> 0.069057075 | ... AK44: =LCI_HC!$E17*'IW+_end'!AK29 -> 7.7608836e-05
B45: Peat | C45: =LCI_HC!$E18*'IW+_end'!C31 -> 1.4171482 | D45: =LCI_HC!$E18*'IW+_end'!D31 -> 0.64659756 | E45: =LCI_HC!$E18*'IW+_end'!E31 -> 1.9098867e-05 | F45: =LCI_HC!$E18*'IW+_end'!F31 -> 8.7141775e-06 | G45: =LCI_HC!$E18*'IW+_end'!G31 -> 8.4787653e-19 | H45: =LCI_HC!$E18*'IW+_end'!H31 -> 0.029090269 | I45: =LCI_HC!$E18*'IW+_end'!I31 -> 0.33094813 | J45: =LCI_HC!$E18*'IW+_end'!J31 -> 0.13650474 | ... AK45: =LCI_HC!$E18*'IW+_end'!AK31 -> 0.064519463
A48: IMPACT WORLD + MIDPOINT
A49: Process | C49: Climate change, long term | D49: Climate change, short term | E49: Fossil and nuclear energy use | F49: Freshwater acidification | G49: Freshwater ecotoxicity | H49: Freshwater eutrophication | I49: Human toxicity cancer | J49: Human toxicity non-cancer | K49: Ionizing radiations | L49: Land occupation, biodiversity | M49: Land transformation, biodiversity | N49: Marine eutrophication | O49: Mineral resources use | P49: Ozone layer depletion | Q49: Particulate matter formation | R49: Photochemical ozone formation | S49: Terrestrial acidification | T49: Water scarcity
A50: Composting | C50: =SUM(C51:C54) -> 23.266495 | D50: =SUM(D51:D54) -> 34.264521 | E50: =SUM(E51:E54) -> 89.514107 | F50: =SUM(F51:F54) -> 0.05979692 | G50: =SUM(G51:G54) -> 1068.2938 | H50: =SUM(H51:H54) -> 0.005492882 | I50: =SUM(I51:I54) -> 1.1845593e-07 | J50: =SUM(J51:J54) -> 3.3416997e-07 | ... T50: =SUM(T51:T54) -> 1.4632062
B51: CH4 | C51: =LCI_HC!$E4*'IW+_mid'!C12 -> 1.635835 | D51: =LCI_HC!$E4*'IW+_mid'!D12 -> 9.39735 | E51: =LCI_HC!$E4*'IW+_mid'!E12 -> 0 | F51: =LCI_HC!$E4*'IW+_mid'!F12 -> 0 | G51: =LCI_HC!$E4*'IW+_mid'!G12 -> 0 | H51: =LCI_HC!$E4*'IW+_mid'!H12 -> 0 | I51: =LCI_HC!$E4*'IW+_mid'!I12 -> 0 | J51: =LCI_HC!$E4*'IW+_mid'!J12 -> 0 | ... T51: =LCI_HC!$E4*'IW+_mid'!T12 -> 0
B52: NH3 | C52: =LCI_HC!$E6*'IW+_mid'!C18 -> 0 | D52: =LCI_HC!$E6*'IW+_mid'!D18 -> 0 | E52: =LCI_HC!$E6*'IW+_mid'!E18 -> 0 | F52: =LCI_HC!$E6*'IW+_mid'!F18 -> 0.044981165 | G52: =LCI_HC!$E6*'IW+_mid'!G18 -> 0 | H52: =LCI_HC!$E6*'IW+_mid'!H18 -> 0 | I52: =LCI_HC!$E6*'IW+_mid'!I18 -> 0 | J52: =LCI_HC!$E6*'IW+_mid'!J18 -> 0 | ... T52: =LCI_HC!$E6*'IW+_mid'!T18 -> 0
B53: N2O | C53: =LCI_HC!$E5*'IW+_mid'!C20 -> 16.344717 | D53: =LCI_HC!$E5*'IW+_mid'!D20 -> 19.150677 | E53: =LCI_HC!$E5*'IW+_mid'!E20 -> 0 | F53: =LCI_HC!$E5*'IW+_mid'!F20 -> 0 | G53: =LCI_HC!$E5*'IW+_mid'!G20 -> 0 | H53: =LCI_HC!$E5*'IW+_mid'!H20 -> 0 | I53: =LCI_HC!$E5*'IW+_mid'!I20 -> 0 | J53: =LCI_HC!$E5*'IW+_mid'!J20 -> 0 | ... T53: =LCI_HC!$E5*'IW+_mid'!T20 -> 0
B54: Wood chips | C54: =LCI_HC!$E7*'IW+_mid'!C35 -> 5.2859429 | D54: =LCI_HC!$E7*'IW+_mid'!D35 -> 5.716494 | E54: =LCI_HC!$E7*'IW+_mid'!E35 -> 89.514107 | F54: =LCI_HC!$E7*'IW+_mid'!F35 -> 0.014815755 | G54: =LCI_HC!$E7*'IW+_mid'!G35 -> 1068.2938 | H54: =LCI_HC!$E7*'IW+_mid'!H35 -> 0.005492882 | I54: =LCI_HC!$E7*'IW+_mid'!I35 -> 1.1845593e-07 | J54: =LCI_HC!$E7*'IW+_mid'!J35 -> 3.3416997e-07 | ... T54: =LCI_HC!$E7*'IW+_mid'!T35 -> 1.4632062
A55: Land application | C55: =SUM(C56:C60) -> -325.88789 | D55: =SUM(D56:D60) -> -320.64976 | E55: =SUM(E56:E60) -> 0 | F55: =SUM(F56:F60) -> 0.25353511 | G55: =SUM(G56:G60) -> 0 | H55: =SUM(H56:H60) -> -0.08127857 | I55: =SUM(I56:I60) -> 0 | J55: =SUM(J56:J60) -> 0 | ... T55: =SUM(T56:T60) -> 0
B56: NH3 | C56: =LCI_HC!$E9*'IW+_mid'!C18 -> 0 | D56: =LCI_HC!$E9*'IW+_mid'!D18 -> 0 | E56: =LCI_HC!$E9*'IW+_mid'!E18 -> 0 | F56: =LCI_HC!$E9*'IW+_mid'!F18 -> 0.25353511 | G56: =LCI_HC!$E9*'IW+_mid'!G18 -> 0 | H56: =LCI_HC!$E9*'IW+_mid'!H18 -> 0 | I56: =LCI_HC!$E9*'IW+_mid'!I18 -> 0 | J56: =LCI_HC!$E9*'IW+_mid'!J18 -> 0 | ... T56: =LCI_HC!$E9*'IW+_mid'!T18 -> 0
B57: N2O | C57: =LCI_HC!$E10*'IW+_mid'!C20 -> 30.512107 | D57: =LCI_HC!$E10*'IW+_mid'!D20 -> 35.750237 | E57: =LCI_HC!$E10*'IW+_mid'!E20 -> 0 | F57: =LCI_HC!$E10*'IW+_mid'!F20 -> 0 | G57: =LCI_HC!$E10*'IW+_mid'!G20 -> 0 | H57: =LCI_HC!$E10*'IW+_mid'!H20 -> 0 | I57: =LCI_HC!$E10*'IW+_mid'!I20 -> 0 | J57: =LCI_HC!$E10*'IW+_mid'!J20 -> 0 | ... T57: =LCI_HC!$E10*'IW+_mid'!T20 -> 0
B58: NO3 | C58: =LCI_HC!$E11*'IW+_mid'!C21 -> 0 | D58: =LCI_HC!$E11*'IW+_mid'!D21 -> 0 | E58: =LCI_HC!$E11*'IW+_mid'!E21 -> 0 | F58: =LCI_HC!$E11*'IW+_mid'!F21 -> 0 | G58: =LCI_HC!$E11*'IW+_mid'!G21 -> 0 | H58: =LCI_HC!$E11*'IW+_mid'!H21 -> 0 | I58: =LCI_HC!$E11*'IW+_mid'!I21 -> 0 | J58: =LCI_HC!$E11*'IW+_mid'!J21 -> 0 | ... T58: =LCI_HC!$E11*'IW+_mid'!T21 -> 0
B59: (PO4)3- | C59: =LCI_HC!$E12*'IW+_mid'!C25 -> 0 | D59: =LCI_HC!$E12*'IW+_mid'!D25 -> 0 | E59: =LCI_HC!$E12*'IW+_mid'!E25 -> 0 | F59: =LCI_HC!$E12*'IW+_mid'!F25 -> 0 | G59: =LCI_HC!$E12*'IW+_mid'!G25 -> 0 | H59: =LCI_HC!$E12*'IW+_mid'!H25 -> -0.08127857 | I59: =LCI_HC!$E12*'IW+_mid'!I25 -> 0 | J59: =LCI_HC!$E12*'IW+_mid'!J25 -> 0 | ... T59: =LCI_HC!$E12*'IW+_mid'!T25 -> 0
B60: CO2 fossil | C60: =LCI_HC!$E13*'IW+_mid'!C26 -> -356.4 | D60: =LCI_HC!$E13*'IW+_mid'!D26 -> -356.4 | E60: =LCI_HC!$E13*'IW+_mid'!E26 -> 0 | F60: =LCI_HC!$E13*'IW+_mid'!F26 -> 0 | G60: =LCI_HC!$E13*'IW+_mid'!G26 -> 0 | H60: =LCI_HC!$E13*'IW+_mid'!H26 -> 0 | I60: =LCI_HC!$E13*'IW+_mid'!I26 -> 0 | J60: =LCI_HC!$E13*'IW+_mid'!J26 -> 0 | ... T60: =LCI_HC!$E13*'IW+_mid'!T26 -> 0
A61: Substitued products | C61: =SUM(C62:C65) -> 25.059378 | D61: =SUM(D62:D65) -> 29.253396 | E61: =SUM(E62:E65) -> 4761.6247 | F61: =SUM(F62:F65) -> 0.087014372 | G61: =SUM(G62:G65) -> 4702.4726 | H61: =SUM(H62:H65) -> 0.0036376537 | I61: =SUM(I62:I65) -> 5.166678e-07 | J61: =SUM(J62:J65) -> 2.8324865e-06 | ... T61: =SUM(T62:T65) -> 46.338316
B62: N-fertilizer | C62: =LCI_HC!$E15*'IW+_mid'!C28 -> 16.899396 | D62: =LCI_HC!$E15*'IW+_mid'!D28 -> 18.308111 | E62: =LCI_HC!$E15*'IW+_mid'!E28 -> 269.22901 | F62: =LCI_HC!$E15*'IW+_mid'!F28 -> 0.042563194 | G62: =LCI_HC!$E15*'IW+_mid'!G28 -> 2054.9784 | H62: =LCI_HC!$E15*'IW+_mid'!H28 -> 0.00013386076 | I62: =LCI_HC!$E15*'IW+_mid'!I28 -> 2.6650101e-07 | J62: =LCI_HC!$E15*'IW+_mid'!J28 -> 1.5513778e-06 | ... T62: =LCI_HC!$E15*'IW+_mid'!T28 -> 27.567983
B63: P-fertilizer | C63: =LCI_HC!$E16*'IW+_mid'!C30 -> 1.2567385 | D63: =LCI_HC!$E16*'IW+_mid'!D30 -> 1.333868 | E63: =LCI_HC!$E16*'IW+_mid'!E30 -> 23.386831 | F63: =LCI_HC!$E16*'IW+_mid'!F30 -> 0.020238953 | G63: =LCI_HC!$E16*'IW+_mid'!G30 -> 493.87974 | H63: =LCI_HC!$E16*'IW+_mid'!H30 -> 0.0034134255 | I63: =LCI_HC!$E16*'IW+_mid'!I30 -> 4.473572e-08 | J63: =LCI_HC!$E16*'IW+_mid'!J30 -> 4.3711663e-07 | ... T63: =LCI_HC!$E16*'IW+_mid'!T30 -> 3.16419
B64: K-fertilizer | C64: =LCI_HC!$E17*'IW+_mid'!C29 -> 3.103784 | D64: =LCI_HC!$E17*'IW+_mid'!D29 -> 3.3503467 | E64: =LCI_HC!$E17*'IW+_mid'!E29 -> 54.318389 | F64: =LCI_HC!$E17*'IW+_mid'!F29 -> 0.010885944 | G64: =LCI_HC!$E17*'IW+_mid'!G29 -> 1315.8488 | H64: =LCI_HC!$E17*'IW+_mid'!H29 -> 3.9960693e-05 | I64: =LCI_HC!$E17*'IW+_mid'!I29 -> 8.1401655e-08 | J64: =LCI_HC!$E17*'IW+_mid'!J29 -> 4.3794978e-07 | ... T64: =LCI_HC!$E17*'IW+_mid'!T29 -> 1.5764217
B65: Peat | C65: =LCI_HC!$E18*'IW+_mid'!C31 -> 3.7994599 | D65: =LCI_HC!$E18*'IW+_mid'!D31 -> 6.2610702 | E65: =LCI_HC!$E18*'IW+_mid'!E31 -> 4414.6905 | F65: =LCI_HC!$E18*'IW+_mid'!F31 -> 0.013326281 | G65: =LCI_HC!$E18*'IW+_mid'!G31 -> 837.76569 | H65: =LCI_HC!$E18*'IW+_mid'!H31 -> 5.0406772e-05 | I65: =LCI_HC!$E18*'IW+_mid'!I31 -> 1.2402942e-07 | J65: =LCI_HC!$E18*'IW+_mid'!J31 -> 4.0604223e-07 | ... T65: =LCI_HC!$E18*'IW+_mid'!T31 -> 14.029722
A68: IMPACT WORLD + FOOTPRINT
A69: Process | C69: Carbon footprint | D69: Ecosystem quality (residual) | E69: Energetic resource depletion | F69: Human health (residual) | G69: Water footprint - Scarcity
A70: Composting | C70: =SUM(C71:C74) -> 34.264521 | D70: =SUM(D71:D74) -> 34.167498 | E70: =SUM(E71:E74) -> 89.514107 | F70: =SUM(F71:F74) -> 1.6236576e-05 | G70: =SUM(G71:G74) -> 1.4632062
B71: CH4 | C71: =LCI_HC!$E4*'IW+f'!C12 -> 9.39735 | D71: =LCI_HC!$E4*'IW+f'!D12 -> 0 | E71: =LCI_HC!$E4*'IW+f'!E12 -> 0 | F71: =LCI_HC!$E4*'IW+f'!F12 -> 0 | G71: =LCI_HC!$E4*'IW+f'!G12 -> 0
B72: NH3 | C72: =LCI_HC!$E6*'IW+f'!C18 -> 0 | D72: =LCI_HC!$E6*'IW+f'!D18 -> 1.7066434 | E72: =LCI_HC!$E6*'IW+f'!E18 -> 0 | F72: =LCI_HC!$E6*'IW+f'!F18 -> 1.148316e-05 | G72: =LCI_HC!$E6*'IW+f'!G18 -> 0
B73: N2O | C73: =LCI_HC!$E5*'IW+f'!C20 -> 19.150677 | D73: =LCI_HC!$E5*'IW+f'!D20 -> 0 | E73: =LCI_HC!$E5*'IW+f'!E20 -> 0 | F73: =LCI_HC!$E5*'IW+f'!F20 -> 0 | G73: =LCI_HC!$E5*'IW+f'!G20 -> 0
B74: Wood chips | C74: =LCI_HC!$E7*'IW+f'!C35 -> 5.716494 | D74: =LCI_HC!$E7*'IW+f'!D35 -> 32.460855 | E74: =LCI_HC!$E7*'IW+f'!E35 -> 89.514107 | F74: =LCI_HC!$E7*'IW+f'!F35 -> 4.7534162e-06 | G74: =LCI_HC!$E7*'IW+f'!G35 -> 1.4632062
A75: Land application | C75: =SUM(C76:C80) -> -320.64976 | D75: =SUM(D76:D80) -> 30.38322 | E75: =SUM(E76:E80) -> 0 | F75: =SUM(F76:F80) -> 6.4724517e-05 | G75: =SUM(G76:G80) -> 0
B76: NH3 | C76: =LCI_HC!$E9*'IW+f'!C18 -> 0 | D76: =LCI_HC!$E9*'IW+f'!D18 -> 9.6194491 | E76: =LCI_HC!$E9*'IW+f'!E18 -> 0 | F76: =LCI_HC!$E9*'IW+f'!F18 -> 6.4724517e-05 | G76: =LCI_HC!$E9*'IW+f'!G18 -> 0
B77: N2O | C77: =LCI_HC!$E10*'IW+f'!C20 -> 35.750237 | D77: =LCI_HC!$E10*'IW+f'!D20 -> 0 | E77: =LCI_HC!$E10*'IW+f'!E20 -> 0 | F77: =LCI_HC!$E10*'IW+f'!F20 -> 0 | G77: =LCI_HC!$E10*'IW+f'!G20 -> 0
B78: NO3 | C78: =LCI_HC!$E11*'IW+f'!C21 -> 0 | D78: =LCI_HC!$E11*'IW+f'!D21 -> 26.898563 | E78: =LCI_HC!$E11*'IW+f'!E21 -> 0 | F78: =LCI_HC!$E11*'IW+f'!F21 -> 0 | G78: =LCI_HC!$E11*'IW+f'!G21 -> 0
B79: (PO4)3- | C79: =LCI_HC!$E12*'IW+f'!C25 -> 0 | D79: =LCI_HC!$E12*'IW+f'!D25 -> -0.25419204 | E79: =LCI_HC!$E12*'IW+f'!E25 -> 0 | F79: =LCI_HC!$E12*'IW+f'!F25 -> 0 | G79: =LCI_HC!$E12*'IW+f'!G25 -> 0
B80: CO2 fossil | C80: =LCI_HC!$E13*'IW+f'!C26 -> -356.4 | D80: =LCI_HC!$E13*'IW+f'!D26 -> -5.8806 | E80: =LCI_HC!$E13*'IW+f'!E26 -> 0 | F80: =LCI_HC!$E13*'IW+f'!F26 -> 0 | G80: =LCI_HC!$E13*'IW+f'!G26 -> 0
A81: Substitued products | C81: =SUM(C82:C85) -> 29.253396 | D81: =SUM(D82:D85) -> 6.5743817 | E81: =SUM(E82:E85) -> 4761.6247 | F81: =SUM(F82:F85) -> 2.7345413e-05 | G81: =SUM(G82:G85) -> 46.338316
B82: N-fertilizer | C82: =LCI_HC!$E15*'IW+f'!C28 -> 18.308111 | D82: =LCI_HC!$E15*'IW+f'!D28 -> 2.4292888 | E82: =LCI_HC!$E15*'IW+f'!E28 -> 269.22901 | F82: =LCI_HC!$E15*'IW+f'!F28 -> 1.343063e-05 | G82: =LCI_HC!$E15*'IW+f'!G28 -> 27.567983
B83: P-fertilizer | C83: =LCI_HC!$E16*'IW+f'!C30 -> 1.333868 | D83: =LCI_HC!$E16*'IW+f'!D30 -> 0.62166936 | E83: =LCI_HC!$E16*'IW+f'!E30 -> 23.386831 | F83: =LCI_HC!$E16*'IW+f'!F30 -> 5.1310109e-06 | G83: =LCI_HC!$E16*'IW+f'!G30 -> 3.16419
B84: K-fertilizer | C84: =LCI_HC!$E17*'IW+f'!C29 -> 3.3503467 | D84: =LCI_HC!$E17*'IW+f'!D29 -> 0.81540586 | E84: =LCI_HC!$E17*'IW+f'!E29 -> 54.318389 | F84: =LCI_HC!$E17*'IW+f'!F29 -> 3.7579757e-06 | G84: =LCI_HC!$E17*'IW+f'!G29 -> 1.5764217
B85: Peat | C85: =LCI_HC!$E18*'IW+f'!C31 -> 6.2610702 | D85: =LCI_HC!$E18*'IW+f'!D31 -> 2.7080177 | E85: =LCI_HC!$E18*'IW+f'!E31 -> 4414.6905 | F85: =LCI_HC!$E18*'IW+f'!F31 -> 5.0257963e-06 | G85: =LCI_HC!$E18*'IW+f'!G31 -> 14.029722

Sheet LCI_AD-a
A1: AD+CHP+Digestate
A2: Process | B2: Flow direction | C2: Flow type | D2: Flow name | E2: Value | F2: Unit
A3: Pretreatment | B3: input | C3: Technosphere flow | D3: Waste | E3: 1 | F3: t
B4: input | C4: Technosphere flow | D4: Electricity | E4: =E3*Parameters!C3 -> 9.98 | F4: kWh
B5: input | C5: Technosphere flow | D5: Water
B6: output | C6: Intermediate flow | D6: Pretreated biowaste | E6: =E3*Parameters!C5 -> 0.77 | F6: t
A7: Incineration | B7: input | C7: Intermediate flow | D7: transported discarded biowaste | E7: =E8*0.001*Parameters!C6 -> 2.3 | F7: tkm
B8: input | C8: Intermediate flow | D8: discarded biowaste | E8: =E3*(1-Parameters!C5)*1000 -> 230 | F8: kg
A9: AD | B9: input | C9: Intermediate flow | D9: Pretreated waste | E9: =E6 -> 0.77 | F9: t
B10: input | C10: Intermediate flow | D10: Electricity | E10: =Parameters!C14*E9 -> 22.33 | F10: kWh
B11: input | C11: Intermediate flow | D11: Heat | E11: =E9*Parameters!C15 -> 227.15 | F11: MJ
B12: output | C12: Elementary flow | D12: Methane | E12: =Parameters!C9*(Parameters!C7*(1-Waste_characteristics!B4))*E9*Parameters!C11*0.001 -> 1.5118454 | F12: kg
B13: output | C13: Intermediate flow | D13: Biogas | E13: =(((Parameters!C7*(1-Waste_characteristics!B4))/Parameters!C10)*0.001)-((E12/Parameters!C11)*(1/Parameters!C10)) -> 223.74985 | F13: m3
B14: output | C14: Technosphere flow | D14: Digestate | E14: =Parameters!C66 -> 0.5558219 | F14: t
A15: CHP | B15: input | C15: Intermediate flow | D15: Biogas | E15: =E13 -> 223.74985 | F15: m3
B16: output | C16: Elementary flow | D16: Nitrogen Oxides (NOx) | E16: =E15*Parameters!C24 -> 0.036718365 | F16: kg
B17: output | C17: Elementary flow | D17: Volatile Organic Compounds (VOCs) | E17: =E15*Parameters!C25 -> 0.3538951 | F17: kg
B18: output | C18: Elementary flow | D18: Sulfur Dioxide (SO2) | E18: =E15*Parameters!C26 -> 0.0031472884 | F18: kg
B19: output | C19: Elementary flow | D19: Particulate Matter (PM) | E19: =LCI!E14*Parameters!C27 -> 0.0076933718 | F19: kg
B20: output | C20: Elementary flow | D20: Carbon Monoxide (CO) | E20: =E15*Parameters!C28 -> 0.23901907 | F20: kg
B21: output | C21: Elementary flow | D21: Ammonia (NH3) | E21: =E15*Parameters!C29 -> 0.014337647 | F21: kg
B22: output | C22: Elementary flow | D22: Methane (CH4) | E22: =E15*Parameters!C30 -> 0.96288796 | F22: kg
B23: output | C23: Elementary flow | D23: Nitrous Oxide (N2O) | E23: =LCI!E14*Parameters!C31 -> 0.022925904 | F23: kg
B24: output | C24: Technosphere flow | D24: Electricity | E24: =E15*Parameters!C10*Parameters!C20*Parameters!C19/3.6 -> 509.0309 | F24: kWh
B25: output | C25: Technosphere flow | D25: Heat | E25: =E15*Parameters!C10*Parameters!C20*Parameters!C18 -> 2161.4235 | F25: MJ
A26: Storage | B26: input | C26: Technosphere flow | D26: Digestate | E26: =E14 -> 0.5558219 | F26: t
B27: output | C27: Elementary flow | D27: CH4 | E27: =Parameters!C74*1000 -> 1.7377103 | F27: kg
B28: output | C28: Technosphere flow | D28: Digestate after storage | E28: =E26-(E27*0.001) -> 0.55408419 | F28: t
A29: Land application of digestate | B29: input | C29: Technosphere flow | D29: Digestate after storage | E29: =E28 -> 0.55408419 | F29: t
B30: output | C30: Elementary flow | D30: N2O | E30: =Waste_characteristics!B3*Parameters!C5*(1-Waste_characteristics!B4)*Waste_characteristics!B8*Parameters!C78*(44/28)*1000 -> 0.18825189 | F30: kg | H30: NET EMISSION TO BE calculated
B31: output | C31: Elementary flow | D31: NH3 | E31: =Waste_characteristics!B3*Parameters!C5*(1-Waste_characteristics!B4)*Waste_characteristics!B8*Parameters!C79*(17/14)*1000 -> 4.4759191 | F31: kg
B32: output | C32: Elementary flow | D32: NO3 | E32: =Waste_characteristics!B3*Parameters!C5*(1-Waste_characteristics!B4)*Waste_characteristics!B8*Parameters!C80*(62/14)*1000 -> 6.1214777 | F32: kg
B33: output | C33: Elementary flow | D33: (PO4)3- | E33: =[4]LCI!$C$22*1000 -> -0.062584499 | F33: kg
B34: output | C34: Elementary flow | D34: CO2 fossil | E34: =[4]LCI!$C$26*1000 -> -291.08567 | F34: kg
A35: Substituted products
C36: Technosphere flow | D36: N-fertilizer | E36: 4.23 | F36: kg
C37: Technosphere flow | D37: P-fertilizer | E37: 1.62 | F37: kg
C38: Technosphere flow | D38: K-fertilizer | E38: 2.68 | F38: kg
C39: Technosphere flow | D39: Peat | E39: 150 | F39: kg
C40: Technosphere flow | D40: Marginal heat | E40: =E25 -> 2161.4235 | F40: MJ
C41: Technosphere flow | D41: Marginal electricity | E41: =E24 -> 509.0309 | F41: kWh

Sheet LCI_IC
A1: Industrial composting
A2: Process | B2: Flow direction | C2: Flow type | D2: Flow name | E2: Value | F2: Unit
A3: Pretreatment | B3: input | C3: Technosphere flow | D3: Waste | E3: 1 | F3: t
B4: input | C4: Technosphere flow | D4: Electricity | E4: =E3*Parameters!C3 -> 9.98 | F4: kWh
B5: input | C5: Technosphere flow | D5: Water
B6: output | C6: Intermediate flow | D6: Pretreated biowaste | E6: =E3*Parameters!C5 -> 0.77 | F6: t
A7: Incineration | B7: input | C7: Intermediate flow | D7: discarded biowaste | E7: =E3*(1-Parameters!C5)*1000 -> 230 | F7: kg
B8: input | C8: Intermediate flow | D8: Transprted discarded biowaste | E8: =E7*0.001*Parameters!C6 -> 2.3 | F8: tkm
A9: C/N correction | B9: input | C9: Technosphere flow | D9: Pretreated biowaste | E9: =E6 -> 0.77 | F9: t
B10: input | C10: Technosphere flow | D10: Wood chips consumption | E10: =E9*(1/8)*1000 -> 96.25 | F10: kg
B11: output | C11: Technosphere flow | D11: Biowaste+WC | E11: =E9+(E10/1000) -> 0.86625 | F11: t
A12: Active composting | B12: input | C12: Technosphere flow | D12: Biowaste+WC | E12: =E11 -> 0.86625 | F12: t
B13: output | C13: Elementary flow | D13: CH4 | E13: =[4]LCI!C4*1000 -> 0.1410178 | F13: kg | G13: data from PaCTEA
B14: output | C14: Elementary flow | D14: NH3 | E14: =[4]LCI!C5*1000 -> 0.1932546 | F14: kg | G14: data from PaCTEA
B15: output | C15: Elementary flow | D15: N2O | E15: =[4]LCI!C6*1000 -> 0.06009465 | F15: kg | G15: data from PaCTEA
B16: output | C16: Elementary flow | D16: CO2 | E16: =[4]LCI!C7*1000 -> 314.006 | F16: kg | G16: data from PaCTEA
B17: output | C17: Technosphere flow | D17: Electricity (aeration) | E17: =[4]LCI!$C$31*1000 -> 6.93 | F17: kWh | G17: data from PaCTEA
B18: output | C18: Technosphere flow | D18: Diesel | E18: =[4]LCI!$C$34*1000 -> 0 | F18: l | G18: data from PaCTEA
A19: Land application | B19: output | C19: Elementary flow | D19: NH3 | E19: =[4]LCI!C18*1000 -> 0.28248773 | F19: kg | G19: data from PaCTEA
B20: output | C20: Elementary flow | D20: N2O | E20: =[4]LCI!C19*1000 -> 0.099088 | F20: kg | G20: data from PaCTEA
B21: output | C21: Elementary flow | D21: NO3 | E21: =[4]LCI!C20*1000 -> 10.35596 | F21: kg | G21: data from PaCTEA
B22: output | C22: Elementary flow | D22: (PO4)3- | E22: =[4]LCI!$C$22*1000 -> -0.062584499 | F22: kg | G22: data from PaCTEA
B23: output | C23: Elementary flow | D23: CO2 fossil | E23: =[4]LCI!$C$26*1000 -> -291.08567 | F23: kg | G23: data from PaCTEA
A24: Substitued products
C25: Technosphere flow | D25: N-fertilizer | E25: =[4]LCI!$C$17*1000 -> 9.161444 | F25: kg
C26: Technosphere flow | D26: P-fertilizer | E26: =[4]LCI!$C$21*1000 -> 2.6344181 | F26: kg
C27: Technosphere flow | D27: K-fertilizer | E27: =[4]LCI!$C$23*1000 -> 3.866859 | F27: kg
C28: Technosphere flow | D28: Peat | E28: =[4]LCI!$C$24*1000 -> 357.98611 | F28: kg

Sheet LCIA_IC
A1: Process | C1: acidification: terrestrial - terrestrial acidification potential (TAP) | D1: climate change - global warming potential (GWP100) | E1: ecotoxicity: freshwater - freshwater ecotoxicity potential (FETP) | F1: ecotoxicity: marine - marine ecotoxicity potential (METP) | G1: ecotoxicity: terrestrial - terrestrial ecotoxicity potential (TETP) | H1: energy resources: non-renewable, fossil - fossil fuel potential (FFP) | I1: eutrophication: freshwater - freshwater eutrophication potential (FEP) | J1: eutrophication: marine - marine eutrophication potential (MEP) | K1: human toxicity: carcinogenic - human toxicity potential (HTPc) | L1: human toxicity: non-carcinogenic - human toxicity potential (HTPnc) | M1: ionising radiation - ionising radiation potential (IRP) | N1: land use - agricultural land occupation (LOP) | O1: material resources: metals/minerals - surplus ore potential (SOP) | P1: ozone depletion - ozone depletion potential (ODPinfinite) | Q1: particulate matter formation - particulate matter formation potential (PMFP) | R1: photochemical oxidant formation: human health - photochemical oxidant formation potential: humans (HOFP) | S1: photochemical oxidant formation: terrestrial ecosystems - photochemical oxidant formation potential: ecosystems (EOFP) | T1: water use - water consumption potential (WCP)
A2: Pretreatment
B3: Electricity consumption | C3: =LCI!$E102*impact_process_mid!C2 -> 0.00090312822 | D3: =LCI!$E102*impact_process_mid!D2 -> 0.79247376 | E3: =LCI!$E102*impact_process_mid!E2 -> 0.061910243 | F3: =LCI!$E102*impact_process_mid!F2 -> 0.078345671 | G3: =LCI!$E102*impact_process_mid!G2 -> 5.6623345 | H3: =LCI!$E102*impact_process_mid!H2 -> 0.2432694 | I3: =LCI!$E102*impact_process_mid!I2 -> 0.00015313457 | J3: =LCI!$E102*impact_process_mid!J2 -> 0.0001154348 | ... T3: =LCI!$E102*impact_process_mid!T2 -> 0.03128965
B4: Water consumption | C4: =LCI!E$103*impact_process_mid!C3 -> 0 | D4: =LCI!F$103*impact_process_mid!D3 -> 0 | E4: =LCI!G$103*impact_process_mid!E3 -> 0 | F4: =LCI!H$103*impact_process_mid!F3 -> 0 | G4: =LCI!I$103*impact_process_mid!G3 -> 0 | H4: =LCI!J$103*impact_process_mid!H3 -> 0 | I4: =LCI!K$103*impact_process_mid!I3 -> 0 | J4: =LCI!L$103*impact_process_mid!J3 -> 0 | ... T4: =LCI!V$103*impact_process_mid!T3 -> 0
A5: Incineration
B6: Incineration | C6: =LCI!$E105*impact_process_mid!C4 -> 0.031368688 | D6: =LCI!$E105*impact_process_mid!D4 -> 9.4255904 | E6: =LCI!$E105*impact_process_mid!E4 -> 1.5611552 | F6: =LCI!$E105*impact_process_mid!F4 -> 2.0858238 | G6: =LCI!$E105*impact_process_mid!G4 -> 21.548877 | H6: =LCI!$E105*impact_process_mid!H4 -> 1.3294787 | I6: =LCI!$E105*impact_process_mid!I4 -> 0.011197026 | J6: =LCI!$E105*impact_process_mid!J4 -> 0.0027794864 | ... T6: =LCI!$E105*impact_process_mid!T4 -> 0.41857403
A7: C/N correction
B8: Wood chips consumption | C8: =LCI!$E108*impact_process_mid!C33 -> 0.011007509 | D8: =LCI!$E108*impact_process_mid!D33 -> 4.4318595 | E8: =LCI!$E108*impact_process_mid!E33 -> 0.099567826 | F8: =LCI!$E108*impact_process_mid!F33 -> 0.15522086 | G8: =LCI!$E108*impact_process_mid!G33 -> 44.455754 | H8: =LCI!$E108*impact_process_mid!H33 -> 1.33773 | I8: =LCI!$E108*impact_process_mid!I33 -> 0.0015219498 | J8: =LCI!$E108*impact_process_mid!J33 -> 0.00024301467 | ... T8: =LCI!$E108*impact_process_mid!T33 -> 0.020737907
A9: Active composting
B10: CH4direct | C10: =LCI!$E112*impact_process_mid!C11 -> 0 | D10: =LCI!$E112*impact_process_mid!D11 -> 4.7946052 | E10: =LCI!$E112*impact_process_mid!E11 -> 0 | F10: =LCI!$E112*impact_process_mid!F11 -> 0 | G10: =LCI!$E112*impact_process_mid!G11 -> 0 | H10: =LCI!$E112*impact_process_mid!H11 -> 0 | I10: =LCI!$E112*impact_process_mid!I11 -> 0 | J10: =LCI!$E112*impact_process_mid!J11 -> 0 | ... T10: =LCI!$E112*impact_process_mid!T11 -> 0
B11: NH3direct | C11: =LCI!$E113*impact_process_mid!C17 -> 0.37877902 | D11: =LCI!$E113*impact_process_mid!D17 -> 0 | E11: =LCI!$E113*impact_process_mid!E17 -> 0 | F11: =LCI!$E113*impact_process_mid!F17 -> 0 | G11: =LCI!$E113*impact_process_mid!G17 -> 0 | H11: =LCI!$E113*impact_process_mid!H17 -> 0 | I11: =LCI!$E113*impact_process_mid!I17 -> 0 | J11: =LCI!$E113*impact_process_mid!J17 -> 0 | ... T11: =LCI!$E113*impact_process_mid!T17 -> 0
B12: N2Odirect | C12: =LCI!$E114*impact_process_mid!C19 -> 0 | D12: =LCI!$E114*impact_process_mid!D19 -> 17.908206 | E12: =LCI!$E114*impact_process_mid!E19 -> 0 | F12: =LCI!$E114*impact_process_mid!F19 -> 0 | G12: =LCI!$E114*impact_process_mid!G19 -> 0 | H12: =LCI!$E114*impact_process_mid!H19 -> 0 | I12: =LCI!$E114*impact_process_mid!I19 -> 0 | J12: =LCI!$E114*impact_process_mid!J19 -> 0 | ... T12: =LCI!$E114*impact_process_mid!T19 -> 0
B13: Electricity consumption | C13: =LCI!$E116*impact_process_mid!C2 -> 0.0006271221 | D13: =LCI!$E116*impact_process_mid!D2 -> 0.55028489 | E13: =LCI!$E116*impact_process_mid!E2 -> 0.042989778 | F13: =LCI!$E116*impact_process_mid!F2 -> 0.054402355 | G13: =LCI!$E116*impact_process_mid!G2 -> 3.9318615 | H13: =LCI!$E116*impact_process_mid!H2 -> 0.16892354 | I13: =LCI!$E116*impact_process_mid!I2 -> 0.00010633493 | J13: =LCI!$E116*impact_process_mid!J2 -> 8.0156626e-05 | ... T13: =LCI!$E116*impact_process_mid!T2 -> 0.021727182
A14: Substitution
B15: Market of peat
B16: Market of Nfertilizer
B17: Market of Pfertilizer
B18: Market of Kfertilizer
A19: Use-on-land
B20: N2Onet from use-on-land
B21: NO3net from use-on-land
B22: NH3net from use on-land
B23: (PO4)3-net from use-on-land
B24: CO2net from use-on-land
A27: IMPACT WORLD + FOOTPRINT
A28: Process | C28: Carbon footprint | D28: Ecosystem quality (residual) | E28: Energetic resource depletion | F28: Human health (residual) | G28: Water footprint - Scarcity
A29: Composting | C29: =SUM(C30,C33,C36,C38) -> 35.421319 | D29: =SUM(D30,D33,D36,D38) -> 32.067942 | E29: =SUM(E30,E33,E36,E38) -> 337.21257 | F29: =SUM(F30,F33,F36,F38) -> 7.8437449e-05 | G29: =SUM(G30,G33,G36,G38) -> 13.278829
A30: Pretreatment | C30: =SUM(C31:C32) -> 0.7761065 | D30: =SUM(D31:D32) -> 0.11916921 | E30: =SUM(E31:E32) -> 116.96083 | F30: =SUM(F31:F32) -> 7.7420483e-07 | G30: =SUM(G31:G32) -> 1.2592267
B31: Electricity consumption | C31: =LCI_IC!$E4*'IW+f'!C2 -> 0.7761065 | D31: =LCI_IC!$E4*'IW+f'!D2 -> 0.11916921 | E31: =LCI_IC!$E4*'IW+f'!E2 -> 116.96083 | F31: =LCI_IC!$E4*'IW+f'!F2 -> 7.7420483e-07 | G31: =LCI_IC!$E4*'IW+f'!G2 -> 1.2592267
B32: Water consumption | C32: =LCI_IC!$E5*'IW+f'!C3 -> 0 | D32: =LCI_IC!$E5*'IW+f'!D3 -> 0 | E32: =LCI_IC!$E5*'IW+f'!E3 -> 0 | F32: =LCI_IC!$E5*'IW+f'!F3 -> 0 | G32: =LCI_IC!$E5*'IW+f'!G3 -> 0
A33: Incineration | C33: =SUM(C34:C35) -> 9.4912725 | D33: =SUM(D34:D35) -> 1.7760545 | E33: =SUM(E34:E35) -> 70.109594 | F33: =SUM(F34:F35) -> 3.9183036e-05 | G33: =SUM(G34:G35) -> 10.01854
B34: Transport | C34: =LCI_IC!$E8*'IW+f'!C4 -> 0.43472979 | D34: =LCI_IC!$E8*'IW+f'!D4 -> 0.063594202 | E34: =LCI_IC!$E8*'IW+f'!E4 -> 6.576112 | F34: =LCI_IC!$E8*'IW+f'!F4 -> 3.4579966e-07 | G34: =LCI_IC!$E8*'IW+f'!G4 -> 0.039223403
B35: Incineration | C35: =LCI_IC!$E7*'IW+f'!C5 -> 9.0565427 | D35: =LCI_IC!$E7*'IW+f'!D5 -> 1.7124603 | E35: =LCI_IC!$E7*'IW+f'!E5 -> 63.533482 | F35: =LCI_IC!$E7*'IW+f'!F5 -> 3.8837236e-05 | G35: =LCI_IC!$E7*'IW+f'!G5 -> 9.9793169
A36: C/N correction | C36: =C37 -> 4.4017004 | D36: =D37 -> 24.994858 | E36: =E37 -> 68.925863 | F36: =F37 -> 3.6601305e-06 | G36: =G37 -> 1.1266688
B37: Wood chips consumption | C37: =LCI_IC!$E10*'IW+f'!C35 -> 4.4017004 | D37: =LCI_IC!$E10*'IW+f'!D35 -> 24.994858 | E37: =LCI_IC!$E10*'IW+f'!E35 -> 68.925863 | F37: =LCI_IC!$E10*'IW+f'!F35 -> 3.6601305e-06 | G37: =LCI_IC!$E10*'IW+f'!G35 -> 1.1266688
A38: Active composting | C38: =SUM(C39:C42) -> 20.75224 | D38: =SUM(D39:D42) -> 5.1778602 | E38: =SUM(E39:E42) -> 81.216286 | F38: =SUM(F39:F42) -> 3.4820078e-05 | G38: =SUM(G39:G42) -> 0.87439288
B39: CH4 | C39: =LCI_IC!$E13*'IW+f'!C12 -> 3.8074806 | D39: =LCI_IC!$E13*'IW+f'!D12 -> 0 | E39: =LCI_IC!$E13*'IW+f'!E12 -> 0 | F39: =LCI_IC!$E13*'IW+f'!F12 -> 0 | G39: =LCI_IC!$E13*'IW+f'!G12 -> 0
B40: NH3 | C40: =LCI_IC!$E14*'IW+f'!C18 -> 0 | D40: =LCI_IC!$E14*'IW+f'!D18 -> 5.0951105 | E40: =LCI_IC!$E14*'IW+f'!E18 -> 0 | F40: =LCI_IC!$E14*'IW+f'!F18 -> 3.4282479e-05 | G40: =LCI_IC!$E14*'IW+f'!G18 -> 0
B41: N2O | C41: =LCI_IC!$E15*'IW+f'!C20 -> 16.405839 | D41: =LCI_IC!$E15*'IW+f'!D20 -> 0 | E41: =LCI_IC!$E15*'IW+f'!E20 -> 0 | F41: =LCI_IC!$E15*'IW+f'!F20 -> 0 | G41: =LCI_IC!$E15*'IW+f'!G20 -> 0
B42: Electricity consumption | C42: =LCI_IC!$E17*'IW+f'!C2 -> 0.53891964 | D42: =LCI_IC!$E17*'IW+f'!D2 -> 0.082749759 | E42: =LCI_IC!$E17*'IW+f'!E2 -> 81.216286 | F42: =LCI_IC!$E17*'IW+f'!F2 -> 5.3759914e-07 | G42: =LCI_IC!$E17*'IW+f'!G2 -> 0.87439288
A43: Land application | C43: =SUM(C44:C48) -> -264.03464 | D43: =SUM(D44:D48) -> 22.918928 | E43: =SUM(E44:E48) -> 0 | F43: =SUM(F44:F48) -> 5.0112026e-05 | G43: =SUM(G44:G48) -> 0
B44: NH3 | C44: =LCI_IC!$E19*'IW+f'!C18 -> 0 | D44: =LCI_IC!$E19*'IW+f'!D18 -> 7.4477201 | E44: =LCI_IC!$E19*'IW+f'!E18 -> 0 | F44: =LCI_IC!$E19*'IW+f'!F18 -> 5.0112026e-05 | G44: =LCI_IC!$E19*'IW+f'!G18 -> 0
B45: N2O | C45: =LCI_IC!$E20*'IW+f'!C20 -> 27.051024 | D45: =LCI_IC!$E20*'IW+f'!D20 -> 0 | E45: =LCI_IC!$E20*'IW+f'!E20 -> 0 | F45: =LCI_IC!$E20*'IW+f'!F20 -> 0 | G45: =LCI_IC!$E20*'IW+f'!G20 -> 0
B46: NO3 | C46: =LCI_IC!$E21*'IW+f'!C21 -> 0 | D46: =LCI_IC!$E21*'IW+f'!D21 -> 20.469849 | E46: =LCI_IC!$E21*'IW+f'!E21 -> 0 | F46: =LCI_IC!$E21*'IW+f'!F21 -> 0 | G46: =LCI_IC!$E21*'IW+f'!G21 -> 0
B47: (PO4)3- | C47: =LCI_IC!$E22*'IW+f'!C25 -> 0 | D47: =LCI_IC!$E22*'IW+f'!D25 -> -0.19572787 | E47: =LCI_IC!$E22*'IW+f'!E25 -> 0 | F47: =LCI_IC!$E22*'IW+f'!F25 -> 0 | G47: =LCI_IC!$E22*'IW+f'!G25 -> 0
B48: CO2 fossil | C48: =LCI_IC!$E23*'IW+f'!C26 -> -291.08567 | D48: =LCI_IC!$E23*'IW+f'!D26 -> -4.8029135 | E48: =LCI_IC!$E23*'IW+f'!E26 -> 0 | F48: =LCI_IC!$E23*'IW+f'!F26 -> 0 | G48: =LCI_IC!$E23*'IW+f'!G26 -> 0
A49: Substituted products | C49: =SUM(C50:C53) -> 23.174036 | D49: =SUM(D50:D53) -> 5.2361186 | E49: =SUM(E50:E53) -> 3878.0272 | F49: =SUM(F50:F53) -> 2.1552235e-05 | G49: =SUM(G50:G53) -> 36.872725
B50: N-fertilizer | C50: =LCI_IC!$E25*'IW+f'!C28 -> 14.453533 | D50: =LCI_IC!$E25*'IW+f'!D28 -> 1.9178278 | E50: =LCI_IC!$E25*'IW+f'!E28 -> 212.5457 | F50: =LCI_IC!$E25*'IW+f'!F28 -> 1.0602953e-05 | G50: =LCI_IC!$E25*'IW+f'!G28 -> 21.763837
B51: P-fertilizer | C51: =LCI_IC!$E26*'IW+f'!C30 -> 1.0270784 | D51: =LCI_IC!$E26*'IW+f'!D30 -> 0.47868541 | E51: =LCI_IC!$E26*'IW+f'!E30 -> 18.00786 | F51: =LCI_IC!$E26*'IW+f'!F30 -> 3.9508784e-06 | G51: =LCI_IC!$E26*'IW+f'!G30 -> 2.4364263
B52: K-fertilizer | C52: =LCI_IC!$E27*'IW+f'!C29 -> 2.579767 | D52: =LCI_IC!$E27*'IW+f'!D29 -> 0.62786251 | E52: =LCI_IC!$E27*'IW+f'!E29 -> 41.825159 | F52: =LCI_IC!$E27*'IW+f'!F29 -> 2.8936413e-06 | G52: =LCI_IC!$E27*'IW+f'!G29 -> 1.2138447
B53: Peat | C53: =LCI_IC!$E28*'IW+f'!C31 -> 5.1136582 | D53: =LCI_IC!$E28*'IW+f'!D31 -> 2.2117428 | E53: =LCI_IC!$E28*'IW+f'!E31 -> 3605.6485 | F53: =LCI_IC!$E28*'IW+f'!F31 -> 4.1047623e-06 | G53: =LCI_IC!$E28*'IW+f'!G31 -> 11.458617
A57: IMPACT WORLD + ENDPOINT
A58: Process | C58: Climate change, ecosystem quality, long term | D58: Climate change, ecosystem quality, short term | E58: Climate change, human health, long term | F58: Climate change, human health, short term | G58: Fisheries impact | H58: Freshwater acidification | I58: Freshwater ecotoxicity, long term | J58: Freshwater ecotoxicity, short term | K58: Freshwater eutrophication | L58: Human toxicity cancer, long term | M58: Human toxicity cancer, short term | N58: Human toxicity non-cancer, long term | O58: Human toxicity non-cancer, short term | P58: Ionizing radiations, ecosystem quality | Q58: Ionizing radiations, human health | R58: Land occupation, biodiversity | S58: Land transformation, biodiversity | T58: Marine acidification, long term | U58: Marine acidification, short term | V58: Marine ecotoxicity, long term | W58: Marine ecotoxicity, short term | X58: Marine eutrophication | Y58: Ozone layer depletion | Z58: Particulate matter formation | AA58: Photochemical ozone formation, ecosystem quality | AB58: Photochemical ozone formation, human health | AC58: Terrestrial acidification | AD58: Terrestrial ecotoxicity, long term | AE58: Terrestrial ecotoxicity, short term | AF58: Thermally polluted water | AG58: Total ecosystem quality | AH58: Total human health | AI58: Water availability, freshwater ecosystem | AJ58: Water availability, human health | AK58: Water availability, terrestrial ecosystem
A59: Composting
A60: Pretreatment
B61: Electricity consumption | C61: =LCI_IC!$E4*'IW+_end'!C2 -> 0.29375834 | D61: =LCI_IC!$E4*'IW+_end'!D2 -> 0.089990846 | E61: =LCI_IC!$E4*'IW+_end'!E2 -> 3.958973e-06 | F61: =LCI_IC!$E4*'IW+_end'!F2 -> 1.2128042e-06 | G61: =LCI_IC!$E4*'IW+_end'!G2 -> 9.0040098e-20 | H61: =LCI_IC!$E4*'IW+_end'!H2 -> 0.0051931115 | I61: =LCI_IC!$E4*'IW+_end'!I2 -> 0.24839019 | J61: =LCI_IC!$E4*'IW+_end'!J2 -> 0.012340834 | ... AK61: =LCI_IC!$E4*'IW+_end'!AK2 -> 1.4715139e-05
B62: Water consumption | C62: =LCI_IC!$E5*'IW+_end'!C3 -> 0 | D62: =LCI_IC!$E5*'IW+_end'!D3 -> 0 | E62: =LCI_IC!$E5*'IW+_end'!E3 -> 0 | F62: =LCI_IC!$E5*'IW+_end'!F3 -> 0 | G62: =LCI_IC!$E5*'IW+_end'!G3 -> 0 | H62: =LCI_IC!$E5*'IW+_end'!H3 -> 0 | I62: =LCI_IC!$E5*'IW+_end'!I3 -> 0 | J62: =LCI_IC!$E5*'IW+_end'!J3 -> 0 | ... AK62: =LCI_IC!$E5*'IW+_end'!AK3 -> 0
A63: Incineration
B64: Transport | C64: =LCI_IC!$E8*'IW+_end'!C5 -> 0.16422934 | D64: =LCI_IC!$E8*'IW+_end'!D5 -> 0.050160114 | E64: =LCI_IC!$E8*'IW+_end'!E5 -> 2.2133143e-06 | F64: =LCI_IC!$E8*'IW+_end'!F5 -> 6.7600648e-07 | G64: =LCI_IC!$E8*'IW+_end'!G5 -> 3.4259653e-19 | H64: =LCI_IC!$E8*'IW+_end'!H5 -> 0.0019088749 | I64: =LCI_IC!$E8*'IW+_end'!I5 -> 0.021165975 | J64: =LCI_IC!$E8*'IW+_end'!J5 -> 0.007784244 | ... AK64: =LCI_IC!$E8*'IW+_end'!AK5 -> 6.4212373e-06
B65: Incineration | C65: =LCI_IC!$E7*'IW+_end'!C4 -> 2.8461746 | D65: =LCI_IC!$E7*'IW+_end'!D4 -> 1.1214612 | E65: =LCI_IC!$E7*'IW+_end'!E4 -> 3.8357816e-05 | F65: =LCI_IC!$E7*'IW+_end'!F4 -> 1.5113901e-05 | G65: =LCI_IC!$E7*'IW+_end'!G4 -> 1.3417015e-18 | H65: =LCI_IC!$E7*'IW+_end'!H4 -> 0.070661974 | I65: =LCI_IC!$E7*'IW+_end'!I4 -> 0.93416719 | J65: =LCI_IC!$E7*'IW+_end'!J4 -> 0.11947233 | ... AK65: =LCI_IC!$E7*'IW+_end'!AK4 -> 0.00021385693
A66: C/N correction
B67: Wood chips consumption | C67: =LCI_IC!$E10*'IW+_end'!C35 -> 1.6395462 | D67: =LCI_IC!$E10*'IW+_end'!D35 -> 0.50112891 | E67: =LCI_IC!$E10*'IW+_end'!E35 -> 2.2096119e-05 | F67: =LCI_IC!$E10*'IW+_end'!F35 -> 6.7537005e-06 | G67: =LCI_IC!$E10*'IW+_end'!G35 -> 4.3333902e-18 | H67: =LCI_IC!$E10*'IW+_end'!H35 -> 0.024955936 | I67: =LCI_IC!$E10*'IW+_end'!I35 -> 0.39389429 | J67: =LCI_IC!$E10*'IW+_end'!J35 -> 0.06702932 | ... AK67: =LCI_IC!$E10*'IW+_end'!AK35 -> 0.00026276845
A68: Active composting
B69: CH4 | C69: =LCI_IC!$E13*'IW+_end'!C12 -> 0.087490212 | D69: =LCI_IC!$E13*'IW+_end'!D12 -> 0.33228108 | E69: =LCI_IC!$E13*'IW+_end'!E12 -> 1.1791032e-06 | F69: =LCI_IC!$E13*'IW+_end'!F12 -> 4.4781472e-06 | G69: =LCI_IC!$E13*'IW+_end'!G12 -> 0 | H69: =LCI_IC!$E13*'IW+_end'!H12 -> 0 | I69: =LCI_IC!$E13*'IW+_end'!I12 -> 0 | J69: =LCI_IC!$E13*'IW+_end'!J12 -> 0 | ... AK69: =LCI_IC!$E13*'IW+_end'!AK12 -> 0
B70: NH3 | C70: =LCI_IC!$E14*'IW+_end'!C18 -> 0 | D70: =LCI_IC!$E14*'IW+_end'!D18 -> 0 | E70: =LCI_IC!$E14*'IW+_end'!E18 -> 0 | F70: =LCI_IC!$E14*'IW+_end'!F18 -> 0 | G70: =LCI_IC!$E14*'IW+_end'!G18 -> 0 | H70: =LCI_IC!$E14*'IW+_end'!H18 -> 0.35688626 | I70: =LCI_IC!$E14*'IW+_end'!I18 -> 0 | J70: =LCI_IC!$E14*'IW+_end'!J18 -> 0 | ... AK70: =LCI_IC!$E14*'IW+_end'!AK18 -> 0
B71: N2O | C71: =LCI_IC!$E15*'IW+_end'!C20 -> 3.0559652 | D71: =LCI_IC!$E15*'IW+_end'!D20 -> 2.2671796 | E71: =LCI_IC!$E15*'IW+_end'!E20 -> 4.1185159e-05 | F71: =LCI_IC!$E15*'IW+_end'!F20 -> 3.0554717e-05 | G71: =LCI_IC!$E15*'IW+_end'!G20 -> 0 | H71: =LCI_IC!$E15*'IW+_end'!H20 -> 0 | I71: =LCI_IC!$E15*'IW+_end'!I20 -> 0 | J71: =LCI_IC!$E15*'IW+_end'!J20 -> 0 | ... AK71: =LCI_IC!$E15*'IW+_end'!AK20 -> 0
B72: Electricity consumption | C72: =LCI_IC!$E17*'IW+_end'!C2 -> 0.20398249 | D72: =LCI_IC!$E17*'IW+_end'!D2 -> 0.062488633 | E72: =LCI_IC!$E17*'IW+_end'!E2 -> 2.7490664e-06 | F72: =LCI_IC!$E17*'IW+_end'!F2 -> 8.4215759e-07 | G72: =LCI_IC!$E17*'IW+_end'!G2 -> 6.2522833e-20 | H72: =LCI_IC!$E17*'IW+_end'!H2 -> 0.0036060383 | I72: =LCI_IC!$E17*'IW+_end'!I2 -> 0.17247936 | J72: =LCI_IC!$E17*'IW+_end'!J2 -> 0.0085693364 | ... AK72: =LCI_IC!$E17*'IW+_end'!AK2 -> 1.0218028e-05
A73: Land application
B74: NH3 | C74: =LCI_IC!$E19*'IW+_end'!C18 -> 0 | D74: =LCI_IC!$E19*'IW+_end'!D18 -> 0 | E74: =LCI_IC!$E19*'IW+_end'!E18 -> 0 | F74: =LCI_IC!$E19*'IW+_end'!F18 -> 0 | G74: =LCI_IC!$E19*'IW+_end'!G18 -> 0 | H74: =LCI_IC!$E19*'IW+_end'!H18 -> 0.52167446 | I74: =LCI_IC!$E19*'IW+_end'!I18 -> 0 | J74: =LCI_IC!$E19*'IW+_end'!J18 -> 0 | ... AK74: =LCI_IC!$E19*'IW+_end'!AK18 -> 0
B75: N2O | C75: =LCI_IC!$E20*'IW+_end'!C20 -> 5.0388759 | D75: =LCI_IC!$E20*'IW+_end'!D20 -> 3.7382745 | E75: =LCI_IC!$E20*'IW+_end'!E20 -> 6.7908791e-05 | F75: =LCI_IC!$E20*'IW+_end'!F20 -> 5.0380622e-05 | G75: =LCI_IC!$E20*'IW+_end'!G20 -> 0 | H75: =LCI_IC!$E20*'IW+_end'!H20 -> 0 | I75: =LCI_IC!$E20*'IW+_end'!I20 -> 0 | J75: =LCI_IC!$E20*'IW+_end'!J20 -> 0 | ... AK75: =LCI_IC!$E20*'IW+_end'!AK20 -> 0
B76: NO3 | C76: =LCI_IC!$E21*'IW+_end'!C21 -> 0 | D76: =LCI_IC!$E21*'IW+_end'!D21 -> 0 | E76: =LCI_IC!$E21*'IW+_end'!E21 -> 0 | F76: =LCI_IC!$E21*'IW+_end'!F21 -> 0 | G76: =LCI_IC!$E21*'IW+_end'!G21 -> 0 | H76: =LCI_IC!$E21*'IW+_end'!H21 -> 0 | I76: =LCI_IC!$E21*'IW+_end'!I21 -> 0 | J76: =LCI_IC!$E21*'IW+_end'!J21 -> 0 | ... AK76: =LCI_IC!$E21*'IW+_end'!AK21 -> 0
B77: (PO4)3-
B78: CO2 fossil
A79: Substituted products
B80: N-fertilizer
B81: P-fertilizer
B82: K-fertilizer
B83: Peat

Sheet IW+_end
A1: Process | B1: Reference unit | C1: Climate change, ecosystem quality, long term | D1: Climate change, ecosystem quality, short term | E1: Climate change, human health, long term | F1: Climate change, human health, short term | G1: Fisheries impact | H1: Freshwater acidification | I1: Freshwater ecotoxicity, long term | J1: Freshwater ecotoxicity, short term | K1: Freshwater eutrophication | L1: Human toxicity cancer, long term | M1: Human toxicity cancer, short term | N1: Human toxicity non-cancer, long term | O1: Human toxicity non-cancer, short term | P1: Ionizing radiations, ecosystem quality | Q1: Ionizing radiations, human health | R1: Land occupation, biodiversity | S1: Land transformation, biodiversity | T1: Marine acidification, long term | U1: Marine acidification, short term | V1: Marine ecotoxicity, long term | W1: Marine ecotoxicity, short term | X1: Marine eutrophication | Y1: Ozone layer depletion | Z1: Particulate matter formation | AA1: Photochemical ozone formation, ecosystem quality | AB1: Photochemical ozone formation, human health | AC1: Terrestrial acidification | AD1: Terrestrial ecotoxicity, long term | AE1: Terrestrial ecotoxicity, short term | AF1: Thermally polluted water | AG1: Total ecosystem quality | AH1: Total human health | AI1: Water availability, freshwater ecosystem | AJ1: Water availability, human health | AK1: Water availability, terrestrial ecosystem | AM1: Ecoinvent process | AN1: Region
A2: Electricity production | B2: kWh | C2: 0.029434703 | D2: 0.0090171188 | E2: 3.9669068e-07 | F2: 1.2152346e-07 | G2: 9.0220539e-21 | H2: 0.00052035185 | I2: 0.024888796 | J2: 0.0012365565 | K2: 2.1482719e-06 | L2: 8.7189411e-10 | M2: 1.6630166e-08 | N2: 1.9716035e-08 | O2: 1.0495037e-08 | P2: 4.1472255e-10 | Q2: 1.2788915e-08 | R2: 0.0016567241 | S2: 0.0011680202 | T2: 0.010269588 | U2: 0.0011147872 | V2: 9.6682892e-08 | W2: 2.6607992e-08 | X2: 6.8100187e-05 | Y2: 4.6326221e-12 | Z2: 3.7499949e-08 | AA2: 0.0015786993 | AB2: 1.5693505e-10 | AC2: 0.0034337732 | AD2: 0.0035290615 | AE2: 0.00097119172 | AF2: 0.00019042271 | AG2: 0.089082653 | AH2: 7.3991032e-07 | AI2: 1.011382e-06 | AJ2: 1.2353261e-07 | AK2: 1.4744629e-06 | AM2: market for electricity, medium voltage | electricity, medium voltage | Cutoff, U | AN2: FR
A3: Water production | B3: kg | C3: 0.00011863638 | D3: 3.5826192e-05 | E3: 1.5988593e-09 | F3: 4.828286e-10 | G3: 1.4472652e-20 | H3: 2.6983115e-06 | I3: 2.7477981e-05 | J3: 6.1320649e-06 | K3: 1.2606069e-08 | L3: 1.408413e-11 | M3: 9.2762381e-10 | N3: 3.9435252e-10 | O3: 6.711082e-11 | P3: 1.4514271e-13 | Q3: 2.798748e-12 | R3: 4.7297185e-06 | S3: 6.0711292e-06 | T3: 4.2913089e-05 | U3: 4.6582693e-06 | V3: 4.9804263e-11 | W3: 3.9972635e-11 | X3: 2.4074305e-07 | Y3: 1.3310981e-14 | Z3: 2.4250395e-10 | AA3: 6.8457405e-06 | AB3: 6.8269851e-13 | AC3: 1.7503834e-05 | AD3: 1.8179051e-06 | AE3: 1.4590012e-06 | AF3: 1.0616678e-07 | AG3: 0.00028632407 | AH3: 4.2091312e-08 | AI3: 3.140634e-07 | AJ3: 3.8360455e-08 | AK3: 8.8807766e-06 | AM3: market for tap water | tap water | Cutoff, U | AN3: Europe without Switzerland
A4: Incineration | B4: kg | C4: 0.012374672 | D4: 0.0048759181 | E4: 1.6677311e-07 | F4: 6.5712614e-08 | G4: 5.8334847e-21 | H4: 0.00030722598 | I4: 0.0040615965 | J4: 0.00051944492 | K4: 2.5327295e-05 | L4: 3.2796643e-10 | M4: 4.0155836e-08 | N4: 8.7573489e-09 | O4: 9.0145145e-08 | P4: 7.2700604e-13 | Q4: 1.1049922e-11 | R4: 0.0004489439 | S4: 0.00087792638 | T4: 0.0035383176 | U4: 0.00038409088 | V4: 1.8169613e-09 | W4: 3.963782e-09 | X4: 0.00016049954 | Y4: 1.4900648e-12 | Z4: 3.830932e-08 | AA4: 0.0022743494 | AB4: 2.3470762e-10 | AC4: 0.0023013297 | AD4: 6.6359289e-05 | AE4: 0.00014467804 | AF4: 1.6597232e-06 | AG4: 0.032363623 | AH4: 4.5290827e-07 | AI4: 3.4778817e-07 | AJ4: 4.2479678e-08 | AK4: 9.2981276e-07
A5: Transport | B5: tkm | C5: 0.07140406 | D5: 0.021808745 | E5: 9.6231055e-07 | F5: 2.9391586e-07 | G5: 1.4895501e-19 | H5: 0.00082994559 | I5: 0.0092025979 | J5: 0.0033844539 | K5: 5.2566239e-06 | L5: 6.0034348e-10 | M5: 3.4139573e-08 | N5: 2.2572496e-08 | O5: 1.5198825e-08 | P5: 6.9944357e-12 | Q5: 8.6181308e-11 | R5: 0.0040818364 | S5: 0.0047163109 | T5: 0.025800254 | U5: 0.0028006693 | V5: 9.7222144e-09 | W5: 7.9906608e-09 | X5: 0.00021342597 | Y5: 6.1437636e-12 | Z5: 1.0038796e-07 | AA5: 0.0054178322 | AB5: 5.2899951e-10 | AC5: 0.005901547 | AD5: 0.00035486896 | AE5: 0.00029165912 | AF5: 6.7079009e-06 | AG5: 0.15622312 | AH5: 1.4464434e-06 | AI5: 1.3669709e-07 | AJ5: 1.6696509e-08 | AK5: 2.7918423e-06
A6: Heat, natural gas | B6: MJ | C6: 0.02877524 | D6: 0.0088335486 | E6: 3.8780312e-07 | F6: 1.1904949e-07 | G6: 2.456039e-19 | H6: 8.7487049e-05 | I6: 0.00090902716 | J6: 0.00084404332 | K6: 1.0175098e-06 | L6: 7.3128564e-11 | M6: 5.4607132e-09 | N6: 2.1836439e-09 | O6: 1.2776592e-09 | P6: 1.4950808e-12 | Q6: 2.7539256e-11 | R6: 8.8589251e-05 | S6: 0.00041813597 | T6: 0.010404099 | U6: 0.0011293905 | V6: 2.2228437e-09 | W6: 2.0080477e-09 | X6: 1.3926728e-05 | Y6: 4.9676217e-12 | Z6: 6.0152951e-09 | AA6: 0.00061565556 | AB6: 5.6382165e-11 | AC6: 0.00061064151 | AD6: 8.1134935e-05 | AE6: 7.3293742e-05 | AF6: 1.3011011e-06 | AG6: 0.052887171 | AH6: 5.2526773e-07 | AI6: 2.7146908e-08 | AJ6: 3.3157883e-09 | AK6: 6.0708308e-07
A7: Heat, fuel | B7: MJ | C7: 0.036606595 | D7: 0.011027964 | E7: 4.9334608e-07 | F7: 1.4862357e-07 | G7: 1.8355355e-21 | H7: 0.00028862325 | I7: 0.001913816 | J7: 0.00093700432 | K7: 1.4412766e-06 | L7: 1.5012604e-10 | M7: 4.1655245e-09 | N7: 4.0009951e-09 | O7: 2.2101399e-09 | P7: 1.1573822e-12 | Q7: 2.174998e-11 | R7: 0.00012145572 | S7: 0.00099540935 | T7: 0.013271943 | U7: 0.001440703 | V7: 1.9565669e-09 | W7: 1.7764736e-09 | X7: 5.5334525e-05 | Y7: 2.9853225e-12 | Z7: 1.6704189e-08 | AA7: 0.00093625163 | AB7: 8.3728291e-11 | AC7: 0.0018442609 | AD7: 7.1423215e-05 | AE7: 6.4841285e-05 | AF7: 1.039197e-06 | AG7: 0.069578362 | AH7: 6.7176707e-07 | AI7: 2.0123922e-08 | AJ7: 2.4579839e-09 | AK7: 2.3213647e-07
A8: Heat, coal | B8: MJ | C8: 0.051481483 | D8: 0.015338013 | E8: 6.9381453e-07 | F8: 2.0670998e-07 | G8: 1.4763407e-21 | H8: 0.0018246418 | I8: 0.024268278 | J8: 0.00038523926 | K8: 3.2761443e-07 | L8: 5.3314861e-10 | M8: 5.0909973e-09 | N8: 1.6240445e-08 | O8: 9.0877925e-09 | P8: 2.8551303e-12 | Q8: 4.9809633e-11 | R8: 0.00053115688 | S8: 0.00098265018 | T8: 0.018710325 | U8: 0.0020310485 | V8: 2.583604e-08 | W8: 1.3618008e-08 | X8: 8.781569e-05 | Y8: 1.7481896e-13 | Z8: 1.7750187e-07 | AA8: 0.002837239 | AB8: 2.9350262e-10 | AC8: 0.011489983 | AD8: 0.00094302658 | AE8: 0.00049705728 | AF8: 2.3780798e-06 | AG8: 0.13141416 | AH8: 1.1137171e-06 | AI8: 3.5981315e-08 | AJ8: 4.3948438e-09 | AK8: 3.4249237e-06
A9: Heat, wood chips | B9: MJ | C9: 0.0060444079 | D9: 0.0019503037 | E9: 8.1460319e-08 | F9: 2.6284189e-08 | G9: 1.0746197e-20 | H9: 0.00035685042 | I9: 0.012324661 | J9: 0.00065584737 | K9: 5.9519004e-06 | L9: 2.0411295e-10 | M9: 4.4194286e-09 | N9: 7.8800496e-09 | O9: 6.0846186e-09 | P9: 2.2079745e-12 | Q9: 3.2533633e-11 | R9: 0.015167811 | S9: 0.0021577357 | T9: 0.0021074606 | U9: 0.00022876865 | V9: 5.6782298e-08 | W9: 3.592671e-08 | X9: 8.8430731e-05 | Y9: 2.6955337e-13 | Z9: 5.0689546e-07 | AA9: 0.0028524829 | AB9: 2.9414464e-10 | AC9: 0.0027377653 | AD9: 0.0020725612 | AE9: 0.0013113249 | AF9: 3.5809585e-06 | AG9: 0.050067008 | AH9: 6.4697977e-07 | AI9: 1.0990983e-07 | AJ9: 1.342465e-08 | AK9: 8.6057214e-07
A10: Heat,waste | B10: MJ
A11: Heat, mix | B11: MJ | C11: =(C6*Parameters!$C104)+(C7*Parameters!$C106)+(C8*Parameters!$C105)+(C9*Parameters!$C107)+(C10*Parameters!$C108) -> 0.015897437 | D11: =(D6*Parameters!$C104)+(D7*Parameters!$C106)+(D8*Parameters!$C105)+(D9*Parameters!$C107)+(D10*Parameters!$C108) -> 0.0049132377 | E11: =(E6*Parameters!$C104)+(E7*Parameters!$C106)+(E8*Parameters!$C105)+(E9*Parameters!$C107)+(E10*Parameters!$C108) -> 2.1424932e-07 | F11: =(F6*Parameters!$C104)+(F7*Parameters!$C106)+(F8*Parameters!$C105)+(F9*Parameters!$C107)+(F10*Parameters!$C108) -> 6.621557e-08 | G11: =(G6*Parameters!$C104)+(G7*Parameters!$C106)+(G8*Parameters!$C105)+(G9*Parameters!$C107)+(G10*Parameters!$C108) -> 1.1956472e-19 | H11: =(H6*Parameters!$C104)+(H7*Parameters!$C106)+(H8*Parameters!$C105)+(H9*Parameters!$C107)+(H10*Parameters!$C108) -> 0.00017338512 | I11: =(I6*Parameters!$C104)+(I7*Parameters!$C106)+(I8*Parameters!$C105)+(I9*Parameters!$C107)+(I10*Parameters!$C108) -> 0.0049148544 | J11: =(J6*Parameters!$C104)+(J7*Parameters!$C106)+(J8*Parameters!$C105)+(J9*Parameters!$C107)+(J10*Parameters!$C108) -> 0.00063684546 | ... AK11: =(AK6*Parameters!$C104)+(AK7*Parameters!$C106)+(AK8*Parameters!$C105)+(AK9*Parameters!$C107)+(AK10*Parameters!$C108) -> 6.0212379e-07
A12: CH4 | B12: kg | C12: 0.62041963 | D12: 2.3563059 | E12: 8.3613783e-06 | F12: 3.17559e-05 | AG12: =SUM(C12:D12,G12,H12,I12,J12,K12,P12,R12,S12,T12,U12,V12,W12,X12,AA12,AC12:AF12) -> 2.9767256 | AH12: =SUM(C12:AF12)-AG12 -> 4.0117278e-05
A13: Nitrogen oxides | B13: kg | H13: 0.79919441 | X13: 0.26330224 | Z13: 1.8783043e-05 | AA13: 8.7162162 | AB13: 9.1e-07 | AC13: 6.5540677 | AG13: =SUM(C13:D13,G13,H13,I13,J13,K13,P13,R13,S13,T13,U13,V13,W13,X13,AA13,AC13:AF13) -> 16.332781 | AH13: =SUM(C13:AF13)-AG13 -> 1.9693043e-05
A14: Volatile organic compounds | B14: kg | AG14: =SUM(C14:D14,G14,H14,I14,J14,K14,P14,R14,S14,T14,U14,V14,W14,X14,AA14,AC14:AF14) -> 0 | AH14: =SUM(C14:AF14)-AG14 -> 0
A15: Sulfur dioxide | B15: kg | H15: 2.392596 | Z15: 9.2871715e-05 | AC15: 14.256733 | AG15: =SUM(C15:D15,G15,H15,I15,J15,K15,P15,R15,S15,T15,U15,V15,W15,X15,AA15,AC15:AF15) -> 16.649329 | AH15: =SUM(C15:AF15)-AG15 -> 9.2871715e-05
A16: Particulate matter | B16: kg | AG16: =SUM(C16:D16,G16,H16,I16,J16,K16,P16,R16,S16,T16,U16,V16,W16,X16,AA16,AC16:AF16) -> 0 | AH16: =SUM(C16:AF16)-AG16 -> 0
A17: Carbon monoxide (non-fossil) | B17: kg | AG17: =SUM(C17:D17,G17,H17,I17,J17,K17,P17,R17,S17,T17,U17,V17,W17,X17,AA17,AC17:AF17) -> 0 | AH17: =SUM(C17:AF17)-AG17 -> 0
A18: Ammonia | B18: kg | H18: 1.8467155 | X18: 0.70894827 | Z18: 0.00017739541 | AC18: 23.809093 | AG18: =SUM(C18:D18,G18,H18,I18,J18,K18,P18,R18,S18,T18,U18,V18,W18,X18,AA18,AC18:AF18) -> 26.364756 | AH18: =SUM(C18:AF18)-AG18 -> 0.00017739541
A19: sulfure oxides | B19: kg | H19: 2.392596 | Z19: 9.2871715e-05 | AC19: 14.256733 | AG19: =SUM(C19:D19,G19,H19,I19,J19,K19,P19,R19,S19,T19,U19,V19,W19,X19,AA19,AC19:AF19) -> 16.649329 | AH19: =SUM(C19:AF19)-AG19 -> 9.2871715e-05
A20: dinitrogen monoxide | B20: kg | C20: 50.852534 | D20: 37.726813 | E20: 0.0006853382 | F20: 0.00050844322 | AG20: =SUM(C20:D20,G20,H20,I20,J20,K20,P20,R20,S20,T20,U20,V20,W20,X20,AA20,AC20:AF20) -> 88.579347 | AH20: =SUM(C20:AF20)-AG20 -> 0.0011937814
A21: Nitrate | B21: kg | X21: 1.976625 | AG21: =SUM(C21:D21,G21,H21,I21,J21,K21,P21,R21,S21,T21,U21,V21,W21,X21,AA21,AC21:AF21) -> 1.976625 | AH21: =SUM(C21:AF21)-AG21 -> 0
A22: PM2.5 | B22: kg | Z22: 0.0013675986 | AG22: =SUM(C22:D22,G22,H22,I22,J22,K22,P22,R22,S22,T22,U22,V22,W22,X22,AA22,AC22:AF22) -> 0 | AH22: =SUM(C22:AF22)-AG22 -> 0.0013675986
A23: NMOVC | B23: kg | AA23: 2.5277027 | AB23: 1.638e-07 | AG23: =SUM(C23:D23,G23,H23,I23,J23,K23,P23,R23,S23,T23,U23,V23,W23,X23,AA23,AC23:AF23) -> 2.5277027 | AH23: =SUM(C23:AF23)-AG23 -> 1.638e-07
A24: H2S | AG24: =SUM(C24:D24,G24,H24,I24,J24,K24,P24,R24,S24,T24,U24,V24,W24,X24,AA24,AC24:AF24) -> 0 | AH24: =SUM(C24:AF24)-AG24 -> 0
A25: (PO4)3- | B25: kg | K25: 3.1274177 | AG25: =SUM(C25:D25,G25,H25,I25,J25,K25,P25,R25,S25,T25,U25,V25,W25,X25,AA25,AC25:AF25) -> 3.1274177 | AH25: =SUM(C25:AF25)-AG25 -> 0
A26: CO2 fossil | B26: kg | C26: 0.41583346 | D26: 0.11820999 | E26: 5.604176e-06 | F26: 1.5931127e-06 | T26: 0.152 | U26: 0.0165 | AG26: =SUM(C26:D26,G26,H26,I26,J26,K26,P26,R26,S26,T26,U26,V26,W26,X26,AA26,AC26:AF26) -> 0.70254344 | AH26: =SUM(C26:AF26)-AG26 -> 7.1972888e-06
A27: Diesel | B27: kg | C27: 0.23152335 | D27: 0.091497995 | E27: 3.1202337e-06 | F27: 1.233116e-06 | G27: 3.5939e-20 | H27: 0.0060276802 | I27: 0.053909966 | J27: 0.039281157 | K27: 5.4524179e-05 | L27: 3.0249295e-09 | M27: 1.1490511e-07 | N27: 7.5469177e-08 | O27: 5.8572071e-08 | P27: 2.8259643e-11 | Q27: 5.2537187e-10 | R27: 0.0046989474 | S27: 0.042316085 | T27: 0.08052196 | U27: 0.0087408311 | V27: 1.8677781e-08 | W27: 1.6488823e-08 | X27: 0.0020073884 | Y27: 1.2694832e-10 | Z27: 3.6191034e-07 | AA27: 0.028325675 | AB27: 2.3621059e-09 | AC27: 0.038813115 | AD27: 0.00068185265 | AE27: 0.00060184205 | AF27: 2.6424477e-05 | AG27: 0.62903684 | AH27: 5.0459218e-06 | AI27: 6.1957224e-07 | AJ27: 7.5676035e-08 | AK27: 7.3917021e-06
A28: N-fertilizer | B28: kg | C28: 0.57518501 | D28: 0.18529562 | E28: 7.7517526e-06 | F28: 2.497224e-06 | G28: 3.9890908e-18 | H28: 0.0088714777 | I28: 0.073779372 | J28: 0.024525279 | K28: 3.6074949e-05 | L28: 5.5072058e-09 | M28: 2.5858965e-07 | N28: 1.7938782e-07 | O28: 1.8156288e-07 | P28: 7.754779e-11 | Q28: 1.4008319e-09 | R28: 0.010508556 | S28: 0.018970044 | T28: 0.19897551 | U28: 0.021599272 | V28: 3.8568777e-07 | W28: 5.248735e-07 | X28: 0.0036257269 | Y28: 6.0235592e-11 | Z28: 7.1374671e-07 | AA28: 0.020639576 | AB28: 1.9849033e-09 | AC28: 0.081315348 | AD28: 0.014077665 | AE28: 0.019157883 | AF28: 8.7088127e-05 | AG28: 1.2567017 | AH28: 1.3917057e-05 | AI28: 1.9042035e-05 | AJ28: 2.3258397e-06 | AK28: 3.2236478e-05
A29: K-fertilizer | B29: kg | C29: 0.25246104 | D29: 0.076884144 | E29: 3.4024105e-06 | F29: 1.0361655e-06 | G29: 2.0720307e-18 | H29: 0.0048895793 | I29: 0.13220145 | J29: 0.013751199 | K29: 2.4885782e-05 | L29: 3.6714451e-09 | M29: 1.8273609e-07 | N29: 1.2199789e-07 | O29: 1.1346391e-07 | P29: 4.5438068e-11 | Q29: 7.8933779e-10 | R29: 0.023650481 | S29: 0.043627548 | T29: 0.091304599 | U29: 0.0099112967 | V29: 2.2604764e-07 | W29: 2.8296064e-07 | X29: 0.00080009028 | Y29: 2.6968749e-11 | Z29: 4.4915067e-07 | AA29: 0.021631556 | AB29: 2.151307e-09 | AC29: 0.03370436 | AD29: 0.0082507835 | AE29: 0.010328064 | AF29: 5.0815971e-05 | AG29: 0.72349037 | AH29: 5.6198993e-06 | AI29: 2.5162084e-06 | AJ29: 3.0733571e-07 | AK29: 1.5454094e-05
A30: P-fertilizer | B30: kg | C30: 0.15058631 | D30: 0.045215285 | E30: 2.0294475e-06 | F30: 6.0936515e-07 | G30: 2.2895213e-18 | H30: 0.014034236 | I30: 0.073493625 | J30: 0.0067405601 | K30: 0.0031201993 | L30: 3.9097242e-09 | M30: 1.4645927e-07 | N30: 1.2555538e-07 | O30: 2.1940333e-07 | P30: 1.4550959e-10 | Q30: 2.9605534e-09 | R30: 0.021390802 | S30: 0.024768996 | T30: 0.054203603 | U30: 0.0058839215 | V30: 2.2661926e-07 | W30: 3.0071084e-07 | X30: 0.0004511621 | Y30: 1.1973211e-11 | Z30: 1.1300162e-06 | AA30: 0.0086391901 | AB30: 8.6442606e-10 | AC30: 0.085578092 | AD30: 0.008271718 | AE30: 0.010975946 | AF30: 0.00012100943 | AG30: 0.51359006 | AH30: 5.1734693e-06 | AI30: 7.4132798e-06 | AJ30: 9.0547572e-07 | AK30: 0.00010746792
A31: Peat | B31: kg | C31: 0.0032331973 | D31: 0.0014752004 | E31: 4.357371e-08 | F31: 1.9881235e-08 | G31: 1.9344146e-21 | H31: 6.636891e-05 | I31: 0.00075505204 | J31: 0.00031143304 | K31: 3.5965966e-07 | L31: 4.2855048e-11 | M31: 3.2113094e-09 | N31: 1.3619544e-09 | O31: 1.1392657e-09 | P31: 1.0164771e-11 | Q31: 1.2800993e-10 | R31: 0.00075630767 | S31: 0.0039219773 | T31: 0.0010931182 | U31: 0.00011865993 | V31: 2.7437095e-09 | W31: 1.8314112e-09 | X31: 1.4534952e-05 | Y31: 1.9514453e-13 | Z31: 6.9437348e-09 | AA31: 0.00043203666 | AB31: 4.3746169e-11 | AC31: 0.00048190886 | AD31: 0.00010014674 | AE31: 6.6846509e-05 | AF31: 7.8568836e-06 | AG31: 0.012982466 | AH31: 1.0766423e-07 | AI31: 2.5657116e-07 | AJ31: 3.1338215e-08 | AK31: 0.00014719996
A32: Activated carbon | B32: kg | C32: 1.2634258 | D32: 0.38453989 | E32: 1.7027155e-05 | F32: 5.1824335e-06 | G32: 1.1804704e-19 | H32: 0.037539918 | I32: 0.47772922 | J32: 0.10027248 | K32: 1.9677838e-05 | L32: 1.1821866e-08 | M32: 1.6797788e-07 | N32: 3.552976e-07 | O32: 1.9853155e-07 | P32: 1.9926703e-10 | Q32: 3.3445848e-09 | R32: 0.022971069 | S32: 0.040682935 | T32: 0.45706972 | U32: 0.049615971 | V32: 4.7965579e-07 | W32: 2.6578996e-07 | X32: 0.0022087376 | Y32: 2.8627356e-11 | Z32: 4.5150881e-06 | AA32: 0.071239533 | AB32: 7.3007938e-09 | AC32: 0.23869151 | AD32: 0.017507683 | AE32: 0.0097013334 | AF32: 0.00024508409 | AG32: 3.173927 | AH32: 2.7878402e-05 | AI32: 3.352016e-06 | AJ32: 4.0942324e-07 | AK32: 0.00046230986
A33: Zeolite | B33: kg | C33: 4.5428433e-09 | D33: 4.0558264e-13 | E33: 1.485029e-08 | F33: 2.7419701e-10 | G33: 5.6207623e-11 | H33: 3.8952532e-10 | I33: 1.3335995e-09 | J33: 4.3267918e-13 | K33: 1.086789e-09 | L33: 1.9279207e-09 | M33: 4.4888537e-14 | N33: 1.0033034e-09 | O33: 4.9206984e-06 | P33: 5.8408874e-06 | Q33: 2.0060129e-06 | R33: 2.4426087e-09 | S33: 1.2827196e-09 | T33: 5.8557816e-06 | U33: 1.3190525e-08 | V33: 1.6498767e-07 | W33: 0.36568077 | X33: 0.081563185 | Y33: 2.4461901e-08 | Z33: 1.880516e-05 | AA33: 0.44724396
A34: treatment of wastewater | B34: m3 | C34: 0.092345533 | D34: 0.036271031 | E34: 1.2445382e-06 | F34: 4.8882369e-07 | G34: 1.3270271e-19 | H34: 0.0020338406 | I34: 2.9789716 | J34: 0.006712429 | K34: 0.01275068 | L34: 1.7899238e-08 | M34: 1.1926514e-07 | N34: 8.5934994e-07 | O34: 6.4789762e-07 | P34: 7.8842573e-11 | Q34: 1.5130176e-09 | R34: 0.0045994251 | S34: 0.010311723 | T34: 0.029900955 | U34: 0.0032458105 | V34: 2.6654644e-05 | W34: 1.3034913e-05 | X34: 0.15593723 | Y34: 5.1364404e-12 | Z34: 1.8298016e-07 | AA34: 0.0071055638 | AB34: 7.2009464e-10 | AC34: 0.01562842 | AD34: 0.97289573 | AE34: 0.47577434 | AF34: 5.9002177e-05 | AG34: 4.8045969 | AH34: 3.5612337e-06 | AI34: -1.4397331e-08 | AJ34: -1.7585245e-09 | AK34: 1.3912061e-05
A35: Wood chips | B35: kg | C35: 0.017034246 | D35: 0.0052065342 | E35: 2.2957007e-07 | F35: 7.0168317e-08 | G35: 4.5022236e-20 | H35: 0.00025928245 | I35: 0.0040924082 | J35: 0.00069640851 | K35: 0.00013742829 | L35: 1.3237861e-10 | M35: 1.0765567e-08 | N35: 4.3734986e-09 | O35: 2.8445728e-09 | P35: 5.9988814e-12 | Q35: 1.0531279e-10 | R35: 0.25176696 | S35: 0.001898717 | T35: 0.0062365076 | U35: 0.00067695974 | V35: 9.3271388e-09 | W35: 6.9917796e-09 | X35: 6.4355289e-05 | Y35: 1.3828851e-12 | Z35: 2.4117589e-08 | AA35: 0.0020503153 | AB35: 1.9290481e-10 | AC35: 0.0018745501 | AD35: 0.00034044697 | AE35: 0.00025519996 | AF35: 6.6555555e-06 | AG35: 0.29259982 | AH35: 3.537321e-07 | AI35: 9.3829054e-08 | AJ35: 1.1460505e-08 | AK35: 2.7300618e-06
A37: Mix marginal electricity | B37: kWh | C37: 0.013824983 | D37: 0.0043448491 | E37: 1.8631891e-07 | F37: 5.8555412e-08 | G37: 0 | H37: 0.0004648549 | I37: 0.023786994 | J37: 0.0028233329 | K37: 7.9803112e-06 | L37: 1.0699068e-09 | M37: 2.6189697e-08 | N37: 3.7103557e-08 | O37: 3.8354561e-08 | P37: 2.4781029e-13 | Q37: 8.4198596e-12 | R37: 0.033195713 | S37: 0.0026553411 | T37: 0.0045994162 | U37: 0.00049926962 | V37: 1.2243212e-07 | W37: 1.0121042e-07 | X37: 9.2096628e-05 | Y37: 1.714088e-12 | Z37: 7.1625227e-08 | AA37: 0.0020593876 | AB37: 2.0771818e-10 | AC37: 0.0035156093 | AD37: 0.0044687847 | AE37: 0.0036941803 | AF37: 1.4063127e-05 | AG37: 0.10004979 | AH37: 4.3286202e-07 | AI37: 1.0992819e-07 | AJ37: 1.3426891e-08 | AK37: 2.6021033e-06
A38: natural gas | B38: m3 | C38: 0.19208701 | D38: 0.077895459 | E38: 2.5887513e-06 | F38: 1.0497949e-06 | G38: 0 | H38: 0.0025264039 | I38: 0.027002481 | J38: 0.031055896 | K38: 4.0494623e-06 | L38: 1.4981608e-09 | M38: 1.2329245e-08 | N38: 4.4427159e-08 | O38: 2.9351524e-08 | P38: 5.7241307e-12 | Q38: 1.2261411e-10 | R38: 0.0034303236 | S38: 0.014342243 | T38: 0.066426259 | U38: 0.0072106913 | V38: 4.8755255e-08 | W38: 4.2659541e-08 | X38: 0.00039935439 | Y38: 2.162732e-10 | Z38: 1.7938466e-07 | AA38: 0.018893856 | AB38: 1.7004089e-09 | AC38: 0.017655913 | AD38: 0.0017796015 | AE38: 0.0015570732 | AF38: 1.7206803e-05 | AG38: 0.46230322 | AH38: 3.9848173e-06 | AI38: 6.3238513e-07 | AJ38: 7.7241032e-08 | AK38: 1.8680467e-05
A39: Mix marginal heat | B39: MJ | C39: =(C9*0.75)+(C6*0.25) -> 0.011727116 | D39: =(D9*0.75)+(D6*0.25) -> 0.0036711149 | E39: =(E9*0.75)+(E6*0.25) -> 1.5804602e-07 | F39: =(F9*0.75)+(F6*0.25) -> 4.9475514e-08 | G39: =(G9*0.75)+(G6*0.25) -> 6.9460623e-20 | H39: =(H9*0.75)+(H6*0.25) -> 0.00028950958 | I39: =(I9*0.75)+(I6*0.25) -> 0.0094707528 | J39: =(J9*0.75)+(J6*0.25) -> 0.00070289636 | ... AK39: =(AK9*0.75)+(AK6*0.25) -> 7.9719987e-07

Sheet LCIA_AD-a
A3: IMPACT WORLD + FOOTPRINT
A4: Process | C4: Carbon footprint | D4: Ecosystem quality (residual) | E4: Energetic resource depletion | F4: Human health (residual) | G4: Water footprint - Scarcity
A5: AD | C5: =SUM(C6,C9,C12,C16,C25) -> 141.69102 | D5: =SUM(D6,D9,D12,D16,D25) -> 5.712669 | E5: =SUM(E6,E9,E12,E16,E25) -> 603.93844 | F5: =SUM(F6,F9,F12,F16,F25) -> 9.9635856e-05 | G5: =SUM(G6,G9,G12,G16,G25) -> 15.583776
A6: Pretreatment | C6: =SUM(C7:C8) -> 0.7761065 | D6: =SUM(D7:D8) -> 0.11916921 | E6: =SUM(E7:E8) -> 116.96083 | F6: =SUM(F7:F8) -> 7.7420483e-07 | G6: =SUM(G7:G8) -> 1.2592267
B7: Electricity consumption | C7: ='LCI_AD-a'!$E4*'IW+f'!C2 -> 0.7761065 | D7: ='LCI_AD-a'!$E4*'IW+f'!D2 -> 0.11916921 | E7: ='LCI_AD-a'!$E4*'IW+f'!E2 -> 116.96083 | F7: ='LCI_AD-a'!$E4*'IW+f'!F2 -> 7.7420483e-07 | G7: ='LCI_AD-a'!$E4*'IW+f'!G2 -> 1.2592267
B8: Water consumption | C8: ='LCI_AD-a'!$E5*'IW+f'!C3 -> 0 | D8: ='LCI_AD-a'!$E5*'IW+f'!D3 -> 0 | E8: ='LCI_AD-a'!$E5*'IW+f'!E3 -> 0 | F8: ='LCI_AD-a'!$E5*'IW+f'!F3 -> 0 | G8: ='LCI_AD-a'!$E5*'IW+f'!G3 -> 0
A9: Incineration | C9: =SUM(C10:C11) -> 9.4912725 | D9: =SUM(D10:D11) -> 1.7760545 | E9: =SUM(E10:E11) -> 70.109594 | F9: =SUM(F10:F11) -> 3.9183036e-05 | G9: =SUM(G10:G11) -> 10.01854
B10: Transport | C10: ='LCI_AD-a'!$E7*'IW+f'!C4 -> 0.43472979 | D10: ='LCI_AD-a'!$E7*'IW+f'!D4 -> 0.063594202 | E10: ='LCI_AD-a'!$E7*'IW+f'!E4 -> 6.576112 | F10: ='LCI_AD-a'!$E7*'IW+f'!F4 -> 3.4579966e-07 | G10: ='LCI_AD-a'!$E7*'IW+f'!G4 -> 0.039223403
B11: Incineration | C11: ='LCI_AD-a'!$E8*'IW+f'!C5 -> 9.0565427 | D11: ='LCI_AD-a'!$E8*'IW+f'!D5 -> 1.7124603 | E11: ='LCI_AD-a'!$E8*'IW+f'!E5 -> 63.533482 | F11: ='LCI_AD-a'!$E8*'IW+f'!F5 -> 3.8837236e-05 | G11: ='LCI_AD-a'!$E8*'IW+f'!G5 -> 9.9793169
A12: AD | C12: =SUM(C13:C15) -> 52.248712 | D12: =SUM(D13:D15) -> 2.7873234 | E12: =SUM(E13:E15) -> 416.86802 | F12: =SUM(F13:F15) -> 4.5598348e-05 | G12: =SUM(G13:G15) -> 4.3060094
B13: Electricity | C13: ='LCI_AD-a'!$E10*'IW+f'!C2 -> 1.7365189 | D13: ='LCI_AD-a'!$E10*'IW+f'!D2 -> 0.26663811 | E13: ='LCI_AD-a'!$E10*'IW+f'!E2 -> 261.69692 | F13: ='LCI_AD-a'!$E10*'IW+f'!F2 -> 1.7322639e-06 | G13: ='LCI_AD-a'!$E10*'IW+f'!G2 -> 2.8174882
B14: Heat | C14: ='LCI_AD-a'!$E11*'IW+f'!C11 -> 9.6923673 | D14: ='LCI_AD-a'!$E11*'IW+f'!D11 -> 2.5206853 | E14: ='LCI_AD-a'!$E11*'IW+f'!E11 -> 155.1711 | F14: ='LCI_AD-a'!$E11*'IW+f'!F11 -> 4.3866084e-05 | G14: ='LCI_AD-a'!$E11*'IW+f'!G11 -> 1.4885212
B15: CH4 | C15: ='LCI_AD-a'!$E12*'IW+f'!C12 -> 40.819826 | D15: ='LCI_AD-a'!$E12*'IW+f'!D12 -> 0 | E15: ='LCI_AD-a'!$E12*'IW+f'!E12 -> 0 | F15: ='LCI_AD-a'!$E12*'IW+f'!F12 -> 0 | G15: ='LCI_AD-a'!$E12*'IW+f'!G12 -> 0
A16: CHP | C16: =SUM(C17:C24) -> 32.256747 | D16: =SUM(D17:D24) -> 1.0301218 | E16: =SUM(E17:E24) -> 0 | F16: =SUM(F17:F24) -> 1.4080268e-05 | G16: =SUM(G17:G24) -> 0
B17: Nitrogen Oxides (NOx) | C17: ='LCI_AD-a'!$E16*'IW+f'!C13 -> 0 | D17: ='LCI_AD-a'!$E16*'IW+f'!D13 -> 0.599713 | E17: ='LCI_AD-a'!$E16*'IW+f'!E13 -> 0 | F17: ='LCI_AD-a'!$E16*'IW+f'!F13 -> 7.2309636e-07 | G17: ='LCI_AD-a'!$E16*'IW+f'!G13 -> 0
B18: Volatile Organic Compounds (VOCs) | C18: ='LCI_AD-a'!$E17*'IW+f'!C14 -> 0 | D18: ='LCI_AD-a'!$E17*'IW+f'!D14 -> 0 | E18: ='LCI_AD-a'!$E17*'IW+f'!E14 -> 0 | F18: ='LCI_AD-a'!$E17*'IW+f'!F14 -> 0 | G18: ='LCI_AD-a'!$E17*'IW+f'!G14 -> 0
B19: Sulfur Dioxide (SO2) | C19: ='LCI_AD-a'!$E18*'IW+f'!C15 -> 0 | D19: ='LCI_AD-a'!$E18*'IW+f'!D15 -> 0.052400241 | E19: ='LCI_AD-a'!$E18*'IW+f'!E15 -> 0 | F19: ='LCI_AD-a'!$E18*'IW+f'!F15 -> 2.9229407e-07 | G19: ='LCI_AD-a'!$E18*'IW+f'!G15 -> 0
B20: Particulate Matter (PM) | C20: ='LCI_AD-a'!$E19*'IW+f'!C22 -> 0 | D20: ='LCI_AD-a'!$E19*'IW+f'!D22 -> 0 | E20: ='LCI_AD-a'!$E19*'IW+f'!E22 -> 0 | F20: ='LCI_AD-a'!$E19*'IW+f'!F22 -> 1.0521444e-05 | G20: ='LCI_AD-a'!$E19*'IW+f'!G22 -> 0
B21: Carbon Monoxide (CO) | C21: ='LCI_AD-a'!$E20*'IW+f'!C17 -> 0 | D21: ='LCI_AD-a'!$E20*'IW+f'!D17 -> 0 | E21: ='LCI_AD-a'!$E20*'IW+f'!E17 -> 0 | F21: ='LCI_AD-a'!$E20*'IW+f'!F17 -> 0 | G21: ='LCI_AD-a'!$E20*'IW+f'!G17 -> 0
B22: Ammonia (NH3) | C22: ='LCI_AD-a'!$E21*'IW+f'!C18 -> 0 | D22: ='LCI_AD-a'!$E21*'IW+f'!D18 -> 0.37800858 | E22: ='LCI_AD-a'!$E21*'IW+f'!E18 -> 0 | F22: ='LCI_AD-a'!$E21*'IW+f'!F18 -> 2.5434328e-06 | G22: ='LCI_AD-a'!$E21*'IW+f'!G18 -> 0
B23: Methane (CH4) | C23: ='LCI_AD-a'!$E22*'IW+f'!C12 -> 25.997975 | D23: ='LCI_AD-a'!$E22*'IW+f'!D12 -> 0 | E23: ='LCI_AD-a'!$E22*'IW+f'!E12 -> 0 | F23: ='LCI_AD-a'!$E22*'IW+f'!F12 -> 0 | G23: ='LCI_AD-a'!$E22*'IW+f'!G12 -> 0
B24: Nitrous Oxide (N2O) | C24: ='LCI_AD-a'!$E23*'IW+f'!C20 -> 6.2587717 | D24: ='LCI_AD-a'!$E23*'IW+f'!D20 -> 0 | E24: ='LCI_AD-a'!$E23*'IW+f'!E20 -> 0 | F24: ='LCI_AD-a'!$E23*'IW+f'!F20 -> 0 | G24: ='LCI_AD-a'!$E23*'IW+f'!G20 -> 0
A25: Storage | C25: =C26 -> 46.918179 | D25: =D26 -> 0 | E25: =E26 -> 0 | F25: =F26 -> 0 | G25: =G26 -> 0
B26: CH4 | C26: ='LCI_AD-a'!$E27*'IW+f'!C12 -> 46.918179 | D26: ='LCI_AD-a'!$E27*'IW+f'!D12 -> 0 | E26: ='LCI_AD-a'!$E27*'IW+f'!E12 -> 0 | F26: ='LCI_AD-a'!$E27*'IW+f'!F12 -> 0 | G26: ='LCI_AD-a'!$E27*'IW+f'!G12 -> 0
A27: Land application of digestate | C27: =SUM(C28:C32) -> -239.6929 | D27: =SUM(D28:D32) -> 125.10774 | E27: =SUM(E28:E32) -> 0 | F27: =SUM(F28:F32) -> 0.00079400751 | G27: =SUM(G28:G32) -> 0
B28: N2O | C28: ='LCI_AD-a'!$E30*'IW+f'!C20 -> 51.392767 | D28: ='LCI_AD-a'!$E30*'IW+f'!D20 -> 0 | E28: ='LCI_AD-a'!$E30*'IW+f'!E20 -> 0 | F28: ='LCI_AD-a'!$E30*'IW+f'!F20 -> 0 | G28: ='LCI_AD-a'!$E30*'IW+f'!G20 -> 0
B29: NH3 | C29: ='LCI_AD-a'!$E31*'IW+f'!C18 -> 0 | D29: ='LCI_AD-a'!$E31*'IW+f'!D18 -> 118.00652 | E29: ='LCI_AD-a'!$E31*'IW+f'!E18 -> 0 | F29: ='LCI_AD-a'!$E31*'IW+f'!F18 -> 0.00079400751 | G29: ='LCI_AD-a'!$E31*'IW+f'!G18 -> 0
B30: NO3 | C30: ='LCI_AD-a'!$E32*'IW+f'!C21 -> 0 | D30: ='LCI_AD-a'!$E32*'IW+f'!D21 -> 12.099866 | E30: ='LCI_AD-a'!$E32*'IW+f'!E21 -> 0 | F30: ='LCI_AD-a'!$E32*'IW+f'!F21 -> 0 | G30: ='LCI_AD-a'!$E32*'IW+f'!G21 -> 0
B31: (PO4)3- | C31: ='LCI_AD-a'!$E33*'IW+f'!C25 -> 0 | D31: ='LCI_AD-a'!$E33*'IW+f'!D25 -> -0.19572787 | E31: ='LCI_AD-a'!$E33*'IW+f'!E25 -> 0 | F31: ='LCI_AD-a'!$E33*'IW+f'!F25 -> 0 | G31: ='LCI_AD-a'!$E33*'IW+f'!G25 -> 0
B32: CO2 fossil | C32: ='LCI_AD-a'!$E34*'IW+f'!C26 -> -291.08567 | D32: ='LCI_AD-a'!$E34*'IW+f'!D26 -> -4.8029135 | E32: ='LCI_AD-a'!$E34*'IW+f'!E26 -> 0 | F32: ='LCI_AD-a'!$E34*'IW+f'!F26 -> 0 | G32: ='LCI_AD-a'!$E34*'IW+f'!G26 -> 0
A33: Substituted products | C33: =SUM(C34:C39) -> 99.055919 | D33: =SUM(D34:D39) -> 71.039057 | E33: =SUM(E34:E39) -> 2916.2091 | F33: =SUM(F34:F39) -> 0.00092668505 | G33: =SUM(G34:G39) -> 48.228253
B34: N-fertilizer | C34: ='LCI_AD-a'!$E36*'IW+f'!C28 -> 6.6734505 | D34: ='LCI_AD-a'!$E36*'IW+f'!D28 -> 0.88549488 | E34: ='LCI_AD-a'!$E36*'IW+f'!E28 -> 98.136093 | F34: ='LCI_AD-a'!$E36*'IW+f'!F28 -> 4.8955703e-06 | G34: ='LCI_AD-a'!$E36*'IW+f'!G28 -> 10.048747
B35: P-fertilizer | C35: ='LCI_AD-a'!$E37*'IW+f'!C30 -> 0.63158803 | D35: ='LCI_AD-a'!$E37*'IW+f'!D30 -> 0.29436115 | E35: ='LCI_AD-a'!$E37*'IW+f'!E30 -> 11.073691 | F35: ='LCI_AD-a'!$E37*'IW+f'!F30 -> 2.4295395e-06 | G35: ='LCI_AD-a'!$E37*'IW+f'!G30 -> 1.4982476
B36: K-fertilizer | C36: ='LCI_AD-a'!$E38*'IW+f'!C29 -> 1.7879564 | D36: ='LCI_AD-a'!$E38*'IW+f'!D29 -> 0.43515202 | E36: ='LCI_AD-a'!$E38*'IW+f'!E29 -> 28.98772 | F36: ='LCI_AD-a'!$E38*'IW+f'!F29 -> 2.005493e-06 | G36: ='LCI_AD-a'!$E38*'IW+f'!G29 -> 0.84127809
B37: Peat | C37: ='LCI_AD-a'!$E39*'IW+f'!C31 -> 2.1426773 | D37: ='LCI_AD-a'!$E39*'IW+f'!D31 -> 0.92674383 | E37: ='LCI_AD-a'!$E39*'IW+f'!E31 -> 1510.8052 | F37: ='LCI_AD-a'!$E39*'IW+f'!F31 -> 1.7199392e-06 | G37: ='LCI_AD-a'!$E39*'IW+f'!G31 -> 4.8012826
B38: Marginal heat | C38: ='LCI_AD-a'!$E40*'IW+f'!C39 -> 68.755804 | D38: ='LCI_AD-a'!$E40*'IW+f'!D39 -> 43.543628 | E38: ='LCI_AD-a'!$E40*'IW+f'!E39 -> 1051.5513 | F38: ='LCI_AD-a'!$E40*'IW+f'!F39 -> 0.00084620914 | G38: ='LCI_AD-a'!$E40*'IW+f'!G39 -> 24.057799
B39: Marginal electricity | C39: ='LCI_AD-a'!$E41*'IW+f'!C37 -> 19.064443 | D39: ='LCI_AD-a'!$E41*'IW+f'!D37 -> 24.953677 | E39: ='LCI_AD-a'!$E41*'IW+f'!E37 -> 215.65515 | F39: ='LCI_AD-a'!$E41*'IW+f'!F37 -> 6.9425369e-05 | G39: ='LCI_AD-a'!$E41*'IW+f'!G37 -> 6.9808995
A44: Process
A45: AD
A46: Pretreatment
B47: Electricity consumption
B48: Water consumption
A49: Incineration
B50: Transport
B51: Incineration
A52: AD
B53: Electricity
B54: Heat
B55: CH4
A56: CHP
B57: Nitrogen Oxides (NOx)
B58: Volatile Organic Compounds (VOCs)
B59: Sulfur Dioxide (SO2)
B60: Particulate Matter (PM)
B61: Carbon Monoxide (CO)
B62: Ammonia (NH3)
B63: Methane (CH4)
B64: Nitrous Oxide (N2O)
A65: Storage
B66: CH4
A67: Land application of digestate
B68: N2O
B69: NH3
B70: NO3
B71: (PO4)3-
B72: CO2 fossil
A73: Substituted products
B74: N-fertilizer
B75: P-fertilizer
B76: K-fertilizer
B77: Peat
B78: Marginal heat
B79: Marginal electricity

Sheet IW+f
A1: Process | B1: Reference unit | C1: Carbon footprint | D1: Ecosystem quality (residual) | E1: Energetic resource depletion | F1: Human health (residual) | G1: Water footprint - Scarcity
A2: Electricity production | B2: kWh | C2: 0.077766182 | D2: 0.011940802 | E2: 11.719522 | F2: 7.7575634e-08 | G2: 0.12617502
A3: Water production | B3: kg | C3: 0.00031089504 | D3: 5.0457625e-05 | E3: 0.0058714946 | F3: 1.2407333e-09 | G3: 0.039180999
A4: Transport | B4: tkm | C4: 0.18901295 | D4: 0.027649653 | E4: 2.8591791 | F4: 1.5034768e-07 | G4: 0.017053654
A5: Incineration | B5: kg | C5: 0.039376273 | D5: 0.0074454798 | E5: 0.27623253 | F5: 1.6885755e-07 | G5: 0.043388334
A6: Heat, natural gas | B6: MJ | C6: 0.076822608 | D6: 0.0038834843 | E6: 1.2663162 | F6: 1.2842557e-08 | G6: 0.0033867142
A7: Heat, fuel | B7: MJ | C7: 0.095243646 | D7: 0.0066863662 | E7: 1.3193828 | F7: 2.3188317e-08 | G7: 0.0025105611
A8: Heat, coal | B8: MJ | C8: 0.13204942 | D8: 0.020669551 | E8: 1.2364959 | F8: 1.9202415e-07 | G8: 0.0044888512
A9: Heat, wood chips | B9: MJ | C9: 0.016806366 | D9: 0.025566585 | E9: 0.22657283 | F9: 5.1772645e-07 | G9: 0.013711808
A10: Heat,waste | B10: MJ
A11: Heat, mix | B11: MJ | C11: =(C6*Parameters!$C104)+(C7*Parameters!$C106)+(C8*Parameters!$C105)+(C9*Parameters!$C107)+(C10*Parameters!$C108) -> 0.042669458 | D11: =(D6*Parameters!$C104)+(D7*Parameters!$C106)+(D8*Parameters!$C105)+(D9*Parameters!$C107)+(D10*Parameters!$C108) -> 0.011097008 | E11: =(E6*Parameters!$C104)+(E7*Parameters!$C106)+(E8*Parameters!$C105)+(E9*Parameters!$C107)+(E10*Parameters!$C108) -> 0.68312173 | F11: =(F6*Parameters!$C104)+(F7*Parameters!$C106)+(F8*Parameters!$C105)+(F9*Parameters!$C107)+(F10*Parameters!$C108) -> 1.9311505e-07 | G11: =(G6*Parameters!$C104)+(G7*Parameters!$C106)+(G8*Parameters!$C105)+(G9*Parameters!$C107)+(G10*Parameters!$C108) -> 0.0065530319
A12: CH4 | B12: kg | C12: 27
A13: Nitrogen oxides | B13: kg | D13: 16.332781 | F13: 1.9693043e-05
A14: Volatile organic compounds
A15: Sulfur dioxide | B15: kg | D15: 16.649329 | F15: 9.2871715e-05
A16: Particulate matter
A17: Carbon monoxide
A18: Ammonia | B18: kg | D18: 26.364756 | F18: 0.00017739541
A19: sulfure oxides | B19: kg | D19: 16.649329 | F19: 9.2871715e-05
A20: dinitrogen monoxide | B20: kg | C20: 273
A21: Nitrate | D21: 1.976625
A22: PM2.5 | B22: kg | F22: 0.0013675986
A23: NMOVC | D23: 2.5277027 | F23: 1.638e-07
A24: H2S
A25: (PO4)3- | B25: kg | D25: 3.1274177
A26: CO2 fossil | B26: kg | C26: 1 | D26: 0.0165
A27: Diesel | B27: kg | C27: 0.85767719 | D27: 0.17089369 | E27: 55.794696 | F27: 5.3840195e-07 | G27: 0.077294773
A28: N-fertilizer | B28: kg | C28: 1.5776479 | D28: 0.20933685 | E28: 23.200022 | F28: 1.1573452e-06 | G28: 2.3755902
A29: K-fertilizer | B29: kg | C29: 0.66714793 | D29: 0.16237016 | E29: 10.816314 | F29: 7.4831828e-07 | G29: 0.31390974
A30: P-fertilizer | B30: kg | C30: 0.38986915 | D30: 0.18170442 | E30: 6.8356119 | F30: 1.4997158e-06 | G30: 0.92484418
A31: Peat | B31: kg | C31: 0.014284516 | D31: 0.0061782922 | E31: 10.072035 | F31: 1.1466261e-08 | G31: 0.032008551
A32: Activated carbon | B32: kg | C32: 3.3347072 | D32: 0.57318851 | E32: 42.034753 | F32: 4.8922716e-06 | G32: 0.41818096
A33: Zeolite | B33: kg | C33: 5.2073989 | D33: 1.0260333 | E33: 68.260494 | F33: 1.4663328e-05 | G33: 3.4287767
A34: treatment of wastewater | B34: m3 | C34: 0.31991638 | D34: 0.6941715 | E34: 3.7156171 | F34: 9.5238117e-07 | G34: -0.00179614
A35: Wood chips | B35: kg | C35: 0.045731952 | D35: 0.25968684 | E35: 0.71611286 | F35: 3.802733e-08 | G35: 0.011705649
A37: Mix marginal electricity | B37: kWh | C37: 0.037452427 | D37: 0.04902193 | E37: 0.42365828 | F37: 1.3638734e-07 | G37: 0.013714098
A38: natural gas | B38: m3 | C38: 0.73571241 | D38: 0.097093053 | E38: 47.700352 | F38: 2.2310472e-07 | G38: 0.078893247
A39: Mix marginal heat | B39: MJ | C39: =(C9*0.75)+(C6*0.25) -> 0.031810427 | D39: =(D9*0.75)+(D6*0.25) -> 0.02014581 | E39: =(E9*0.75)+(E6*0.25) -> 0.48650867 | F39: =(F9*0.75)+(F6*0.25) -> 3.9150548e-07 | G39: =(G9*0.75)+(G6*0.25) -> 0.011130534

Sheet AD_a_end
A1: Process | C1: ecosystem quality - acidification: terrestrial | D1: ecosystem quality - climate change: freshwater ecosystems | E1: ecosystem quality - climate change: terrestrial ecosystems | F1: ecosystem quality - ecotoxicity: freshwater | G1: ecosystem quality - ecotoxicity: marine | H1: ecosystem quality - ecotoxicity: terrestrial | I1: ecosystem quality - eutrophication: freshwater | J1: ecosystem quality - eutrophication: marine | K1: ecosystem quality - land use | L1: ecosystem quality - photochemical oxidant formation: terrestrial ecosystems | M1: ecosystem quality - water use: aquatic ecosystems | N1: ecosystem quality - water use: terrestrial ecosystems | O1: human health - climate change: human health | P1: human health - human toxicity: carcinogenic | Q1: human health - human toxicity: non-carcinogenic | R1: human health - ionising radiation | S1: human health - ozone depletion | T1: human health - particulate matter formation | U1: human health - photochemical oxidant formation: human health | V1: human health - water use: human health | W1: natural resources - energy resources: non-renewable, fossil | X1: natural resources - material resources: metals/minerals | Y1: total: ecosystem quality - ecosystem quality | Z1: total: human health - human health | AA1: total: natural resources - natural resources
A2: Pretreatment
B3: Electricity consumption | C3: =LCI!$E4*impact_process_end!C2 -> 1.914607e-10 | D3: =LCI!$E4*impact_process_end!D2 -> 6.061747e-14 | E3: =LCI!$E4*impact_process_end!E2 -> 2.2193169e-09 | F3: =LCI!$E4*impact_process_end!F2 -> 4.2836724e-11 | G3: =LCI!$E4*impact_process_end!G2 -> 8.2374885e-12 | H3: =LCI!$E4*impact_process_end!H2 -> 6.4653075e-11 | I3: =LCI!$E4*impact_process_end!I2 -> 1.0255522e-10 | J3: =LCI!$E4*impact_process_end!J2 -> 1.9615448e-13 | ... AA3: =LCI!$E4*impact_process_end!AA2 -> 0.085736248
B4: Water consumption | C4: =LCI!$E5*impact_process_end!C3 -> 0 | D4: =LCI!$E5*impact_process_end!D3 -> 0 | E4: =LCI!$E5*impact_process_end!E3 -> 0 | F4: =LCI!$E5*impact_process_end!F3 -> 0 | G4: =LCI!$E5*impact_process_end!G3 -> 0 | H4: =LCI!$E5*impact_process_end!H3 -> 0 | I4: =LCI!$E5*impact_process_end!I3 -> 0 | J4: =LCI!$E5*impact_process_end!J3 -> 0 | ... AA4: =LCI!$E5*impact_process_end!AA3 -> 0
A5: Incineration
B6: Incineration | C6: =LCI!$E7*impact_process_end!C4 -> 6.6491493e-09 | D6: =LCI!$E7*impact_process_end!D4 -> 7.2104551e-13 | E6: =LCI!$E7*impact_process_end!E4 -> 2.6389925e-08 | F6: =LCI!$E7*impact_process_end!F4 -> 1.0807282e-09 | G6: =LCI!$E7*impact_process_end!G4 -> 2.1919201e-10 | H6: =LCI!$E7*impact_process_end!H4 -> 2.4572038e-10 | I6: =LCI!$E7*impact_process_end!I4 -> 7.4986254e-09 | J6: =LCI!$E7*impact_process_end!J4 -> 4.7223915e-12 | ... AA6: =LCI!$E7*impact_process_end!AA4 -> 0.50234627
A7: AD
B8: Electricity consumption | C8: =LCI!$E10*impact_process_end!C2 -> 4.2838852e-10 | D8: =LCI!$E10*impact_process_end!D2 -> 1.3563007e-13 | E8: =LCI!$E10*impact_process_end!E2 -> 4.965666e-09 | F8: =LCI!$E10*impact_process_end!F2 -> 9.5846096e-11 | G8: =LCI!$E10*impact_process_end!G2 -> 1.8431174e-11 | H8: =LCI!$E10*impact_process_end!H2 -> 1.4465964e-10 | I8: =LCI!$E10*impact_process_end!I2 -> 2.2946474e-10 | J8: =LCI!$E10*impact_process_end!J2 -> 4.3889074e-13 | ... AA8: =LCI!$E10*impact_process_end!AA2 -> 0.19183271
B9: Heat consumption | C9: =LCI!$E11*impact_process_end!C10 -> 3.4118629e-09 | D9: =LCI!$E11*impact_process_end!D10 -> 7.5676845e-13 | E9: =LCI!$E11*impact_process_end!E10 -> 2.7710866e-08 | F9: =LCI!$E11*impact_process_end!F10 -> 8.8742662e-11 | G9: =LCI!$E11*impact_process_end!G10 -> 1.8466442e-11 | H9: =LCI!$E11*impact_process_end!H10 -> 2.0656822e-10 | I9: =LCI!$E11*impact_process_end!I10 -> 5.4661923e-10 | J9: =LCI!$E11*impact_process_end!J10 -> 1.4750287e-13 | ... AA9: =LCI!$E11*impact_process_end!AA10 -> 1.1058277
B10: Fugitive methane | C10: =LCI!$E12*impact_process_end!C11 -> 0 | D10: =LCI!$E12*impact_process_end!D11 -> 3.930798e-12 | E10: =LCI!$E12*impact_process_end!E11 -> 1.4392768e-07 | F10: =LCI!$E12*impact_process_end!F11 -> 0 | G10: =LCI!$E12*impact_process_end!G11 -> 0 | H10: =LCI!$E12*impact_process_end!H11 -> 0 | I10: =LCI!$E12*impact_process_end!I11 -> 0 | J10: =LCI!$E12*impact_process_end!J11 -> 0 | ... AA10: =LCI!$E12*impact_process_end!AA11 -> 0
A11: CHP
B12: Nitrogen oxides | C12: =LCI!$E15*impact_process_end!C12 -> 2.8016113e-09 | D12: =LCI!$E15*impact_process_end!D12 -> 0 | E12: =LCI!$E15*impact_process_end!E12 -> 0 | F12: =LCI!$E15*impact_process_end!F12 -> 0 | G12: =LCI!$E15*impact_process_end!G12 -> 0 | H12: =LCI!$E15*impact_process_end!H12 -> 0 | I12: =LCI!$E15*impact_process_end!I12 -> 0 | J12: =LCI!$E15*impact_process_end!J12 -> 0 | ... AA12: =LCI!$E15*impact_process_end!AA12 -> 0
B13: Volatile organic compounds | C13: =LCI!$E16*impact_process_end!C13 -> 0 | D13: =LCI!$E16*impact_process_end!D13 -> 0 | E13: =LCI!$E16*impact_process_end!E13 -> 0 | F13: =LCI!$E16*impact_process_end!F13 -> 0 | G13: =LCI!$E16*impact_process_end!G13 -> 0 | H13: =LCI!$E16*impact_process_end!H13 -> 0 | I13: =LCI!$E16*impact_process_end!I13 -> 0 | J13: =LCI!$E16*impact_process_end!J13 -> 0 | ... AA13: =LCI!$E16*impact_process_end!AA13 -> 0
B14: Sulfur dioxide | C14: =LCI!$E17*impact_process_end!C14 -> 6.6722515e-10 | D14: =LCI!$E17*impact_process_end!D14 -> 0 | E14: =LCI!$E17*impact_process_end!E14 -> 0 | F14: =LCI!$E17*impact_process_end!F14 -> 0 | G14: =LCI!$E17*impact_process_end!G14 -> 0 | H14: =LCI!$E17*impact_process_end!H14 -> 0 | I14: =LCI!$E17*impact_process_end!I14 -> 0 | J14: =LCI!$E17*impact_process_end!J14 -> 0 | ... AA14: =LCI!$E17*impact_process_end!AA14 -> 0
B15: Particulate matter | C15: =LCI!$E18*impact_process_end!C21 -> 0 | D15: =LCI!$E18*impact_process_end!D21 -> 0 | E15: =LCI!$E18*impact_process_end!E21 -> 0 | F15: =LCI!$E18*impact_process_end!F21 -> 0 | G15: =LCI!$E18*impact_process_end!G21 -> 0 | H15: =LCI!$E18*impact_process_end!H21 -> 0 | I15: =LCI!$E18*impact_process_end!I21 -> 0 | J15: =LCI!$E18*impact_process_end!J21 -> 0 | ... AA15: =LCI!$E18*impact_process_end!AA21 -> 0
B16: Carbon monoxide | C16: =LCI!$E19*impact_process_end!C16 -> 0 | D16: =LCI!$E19*impact_process_end!D16 -> 0 | E16: =LCI!$E19*impact_process_end!E16 -> 0 | F16: =LCI!$E19*impact_process_end!F16 -> 0 | G16: =LCI!$E19*impact_process_end!G16 -> 0 | H16: =LCI!$E19*impact_process_end!H16 -> 0 | I16: =LCI!$E19*impact_process_end!I16 -> 0 | J16: =LCI!$E19*impact_process_end!J16 -> 0 | ... AA16: =LCI!$E19*impact_process_end!AA16 -> 0
B17: Ammonia | C17: =LCI!$E20*impact_process_end!C17 -> 5.9644613e-09 | D17: =LCI!$E20*impact_process_end!D17 -> 0 | E17: =LCI!$E20*impact_process_end!E17 -> 0 | F17: =LCI!$E20*impact_process_end!F17 -> 0 | G17: =LCI!$E20*impact_process_end!G17 -> 0 | H17: =LCI!$E20*impact_process_end!H17 -> 0 | I17: =LCI!$E20*impact_process_end!I17 -> 0 | J17: =LCI!$E20*impact_process_end!J17 -> 0 | ... AA17: =LCI!$E20*impact_process_end!AA17 -> 0
B18: Methane | C18: =LCI!$E21*impact_process_end!C11 -> 0 | D18: =LCI!$E21*impact_process_end!D11 -> 2.5035087e-12 | E18: =LCI!$E21*impact_process_end!E11 -> 9.1666934e-08 | F18: =LCI!$E21*impact_process_end!F11 -> 0 | G18: =LCI!$E21*impact_process_end!G11 -> 0 | H18: =LCI!$E21*impact_process_end!H11 -> 0 | I18: =LCI!$E21*impact_process_end!I11 -> 0 | J18: =LCI!$E21*impact_process_end!J11 -> 0 | ... AA18: =LCI!$E21*impact_process_end!AA11 -> 0
B19: Nitrous oxide | C19: =LCI!$E22*impact_process_end!C19 -> 0 | D19: =LCI!$E22*impact_process_end!D19 -> 5.2271061e-13 | E19: =LCI!$E22*impact_process_end!E19 -> 1.9120204e-08 | F19: =LCI!$E22*impact_process_end!F19 -> 0 | G19: =LCI!$E22*impact_process_end!G19 -> 0 | H19: =LCI!$E22*impact_process_end!H19 -> 0 | I19: =LCI!$E22*impact_process_end!I19 -> 0 | J19: =LCI!$E22*impact_process_end!J19 -> 0 | ... AA19: =LCI!$E22*impact_process_end!AA19 -> 0
A20: Total AD-a
B21: Total AD-a | C21: =SUM(C3:C4,C6,C8:C10,C12:C19) -> 2.0114159e-08 | D21: =SUM(D3:D4,D6,D8:D10,D12:D19) -> 8.6310788e-12 | E21: =SUM(E3:E4,E6,E8:E10,E12:E19) -> 3.1600059e-07 | F21: =SUM(F3:F4,F6,F8:F10,F12:F19) -> 1.3081537e-09 | G21: =SUM(G3:G4,G6,G8:G10,G12:G19) -> 2.6432711e-10 | H21: =SUM(H3:H4,H6,H8:H10,H12:H19) -> 6.6160131e-10 | I21: =SUM(I3:I4,I6,I8:I10,I12:I19) -> 8.3772646e-09 | J21: =SUM(J3:J4,J6,J8:J10,J12:J19) -> 5.5049396e-12 | ... AA21: =SUM(AA3:AA4,AA6,AA8:AA10,AA12:AA19) -> 1.8857429
A23: Biogas boiler
B24: CO2
B25: CH4 | C25: =LCI!$E29*impact_process_end!C11 -> 0 | D25: =LCI!$E29*impact_process_end!D11 -> 1.4905279e-14 | E25: =LCI!$E29*impact_process_end!E11 -> 5.4576253e-10 | F25: =LCI!$E29*impact_process_end!F11 -> 0 | G25: =LCI!$E29*impact_process_end!G11 -> 0 | H25: =LCI!$E29*impact_process_end!H11 -> 0 | I25: =LCI!$E29*impact_process_end!I11 -> 0 | J25: =LCI!$E29*impact_process_end!J11 -> 0 | ... AA25: =LCI!$E29*impact_process_end!AA11 -> 0
B26: N2O | C26: =LCI!$E30*impact_process_end!C19 -> 0 | D26: =LCI!$E30*impact_process_end!D19 -> 1.3070783e-13 | E26: =LCI!$E30*impact_process_end!E19 -> 4.781155e-09 | F26: =LCI!$E30*impact_process_end!F19 -> 0 | G26: =LCI!$E30*impact_process_end!G19 -> 0 | H26: =LCI!$E30*impact_process_end!H19 -> 0 | I26: =LCI!$E30*impact_process_end!I19 -> 0 | J26: =LCI!$E30*impact_process_end!J19 -> 0 | ... AA26: =LCI!$E30*impact_process_end!AA19 -> 0
B27: Sox | C27: =LCI!$E31*impact_process_end!C18 -> 8.4315152e-09 | D27: =LCI!$E31*impact_process_end!D18 -> 0 | E27: =LCI!$E31*impact_process_end!E18 -> 0 | F27: =LCI!$E31*impact_process_end!F18 -> 0 | G27: =LCI!$E31*impact_process_end!G18 -> 0 | H27: =LCI!$E31*impact_process_end!H18 -> 0 | I27: =LCI!$E31*impact_process_end!I18 -> 0 | J27: =LCI!$E31*impact_process_end!J18 -> 0 | ... AA27: =LCI!$E31*impact_process_end!AA18 -> 0
B28: PM10 | C28: =LCI!$E32*impact_process_end!C15 -> 0 | D28: =LCI!$E32*impact_process_end!D15 -> 0 | E28: =LCI!$E32*impact_process_end!E15 -> 0 | F28: =LCI!$E32*impact_process_end!F15 -> 0 | G28: =LCI!$E32*impact_process_end!G15 -> 0 | H28: =LCI!$E32*impact_process_end!H15 -> 0 | I28: =LCI!$E32*impact_process_end!I15 -> 0 | J28: =LCI!$E32*impact_process_end!J15 -> 0 | ... AA28: =LCI!$E32*impact_process_end!AA15 -> 0
B29: PM2.5 | C29: =LCI!$E33*impact_process_end!C21 -> 0 | D29: =LCI!$E33*impact_process_end!D21 -> 0 | E29: =LCI!$E33*impact_process_end!E21 -> 0 | F29: =LCI!$E33*impact_process_end!F21 -> 0 | G29: =LCI!$E33*impact_process_end!G21 -> 0 | H29: =LCI!$E33*impact_process_end!H21 -> 0 | I29: =LCI!$E33*impact_process_end!I21 -> 0 | J29: =LCI!$E33*impact_process_end!J21 -> 0 | ... AA29: =LCI!$E33*impact_process_end!AA21 -> 0
B30: Nox | C30: =LCI!$E34*impact_process_end!C12 -> 2.9251969e-08 | D30: =LCI!$E34*impact_process_end!D12 -> 0 | E30: =LCI!$E34*impact_process_end!E12 -> 0 | F30: =LCI!$E34*impact_process_end!F12 -> 0 | G30: =LCI!$E34*impact_process_end!G12 -> 0 | H30: =LCI!$E34*impact_process_end!H12 -> 0 | I30: =LCI!$E34*impact_process_end!I12 -> 0 | J30: =LCI!$E34*impact_process_end!J12 -> 0 | ... AA30: =LCI!$E34*impact_process_end!AA12 -> 0
B31: NH3 | C31: =LCI!$E35*impact_process_end!C17 -> 5.0379844e-09 | D31: =LCI!$E35*impact_process_end!D17 -> 0 | E31: =LCI!$E35*impact_process_end!E17 -> 0 | F31: =LCI!$E35*impact_process_end!F17 -> 0 | G31: =LCI!$E35*impact_process_end!G17 -> 0 | H31: =LCI!$E35*impact_process_end!H17 -> 0 | I31: =LCI!$E35*impact_process_end!I17 -> 0 | J31: =LCI!$E35*impact_process_end!J17 -> 0 | ... AA31: =LCI!$E35*impact_process_end!AA17 -> 0
B32: CO | C32: =LCI!$E36*impact_process_end!C16 -> 0 | D32: =LCI!$E36*impact_process_end!D16 -> 0 | E32: =LCI!$E36*impact_process_end!E16 -> 0 | F32: =LCI!$E36*impact_process_end!F16 -> 0 | G32: =LCI!$E36*impact_process_end!G16 -> 0 | H32: =LCI!$E36*impact_process_end!H16 -> 0 | I32: =LCI!$E36*impact_process_end!I16 -> 0 | J32: =LCI!$E36*impact_process_end!J16 -> 0 | ... AA32: =LCI!$E36*impact_process_end!AA16 -> 0
B33: VOC | C33: =LCI!$E37*impact_process_end!C13 -> 0 | D33: =LCI!$E37*impact_process_end!D13 -> 0 | E33: =LCI!$E37*impact_process_end!E13 -> 0 | F33: =LCI!$E37*impact_process_end!F13 -> 0 | G33: =LCI!$E37*impact_process_end!G13 -> 0 | H33: =LCI!$E37*impact_process_end!H13 -> 0 | I33: =LCI!$E37*impact_process_end!I13 -> 0 | J33: =LCI!$E37*impact_process_end!J13 -> 0 | ... AA33: =LCI!$E37*impact_process_end!AA13 -> 0
B34: Electricity consumption | C34: =LCI!$E38*impact_process_end!C2 -> 1.1675641e-11 | D34: =LCI!$E38*impact_process_end!D2 -> 3.6965698e-15 | E34: =LCI!$E38*impact_process_end!E2 -> 1.3533821e-10 | F34: =LCI!$E38*impact_process_end!F2 -> 2.6122657e-12 | G34: =LCI!$E38*impact_process_end!G2 -> 5.0233788e-13 | H34: =LCI!$E38*impact_process_end!H2 -> 3.9426688e-12 | I34: =LCI!$E38*impact_process_end!I2 -> 6.2540146e-12 | J34: =LCI!$E38*impact_process_end!J2 -> 1.1961877e-14 | ... AA34: =LCI!$E38*impact_process_end!AA2 -> 0.0052283611
A36: Upgrading
B37: CO2
B38: CH4 | C38: =LCI!$E44*impact_process_end!C11 -> 0 | D38: =LCI!$E44*impact_process_end!D11 -> 4.5236849e-12 | E38: =LCI!$E44*impact_process_end!E11 -> 1.6563646e-07 | F38: =LCI!$E44*impact_process_end!F11 -> 0 | G38: =LCI!$E44*impact_process_end!G11 -> 0 | H38: =LCI!$E44*impact_process_end!H11 -> 0 | I38: =LCI!$E44*impact_process_end!I11 -> 0 | J38: =LCI!$E44*impact_process_end!J11 -> 0 | ... AA38: =LCI!$E44*impact_process_end!AA11 -> 0
B39: H2S | C39: =LCI!$E45*impact_process_end!C23 -> 0 | D39: =LCI!$E45*impact_process_end!D23 -> 0 | E39: =LCI!$E45*impact_process_end!E23 -> 0 | F39: =LCI!$E45*impact_process_end!F23 -> 0 | G39: =LCI!$E45*impact_process_end!G23 -> 0 | H39: =LCI!$E45*impact_process_end!H23 -> 0 | I39: =LCI!$E45*impact_process_end!I23 -> 0 | J39: =LCI!$E45*impact_process_end!J23 -> 0 | ... AA39: =LCI!$E45*impact_process_end!AA23 -> 0
B40: Sox | C40: =LCI!$E46*impact_process_end!C18 -> 3.1307078e-10 | D40: =LCI!$E46*impact_process_end!D18 -> 0 | E40: =LCI!$E46*impact_process_end!E18 -> 0 | F40: =LCI!$E46*impact_process_end!F18 -> 0 | G40: =LCI!$E46*impact_process_end!G18 -> 0 | H40: =LCI!$E46*impact_process_end!H18 -> 0 | I40: =LCI!$E46*impact_process_end!I18 -> 0 | J40: =LCI!$E46*impact_process_end!J18 -> 0 | ... AA40: =LCI!$E46*impact_process_end!AA18 -> 0
B41: Electricity | C41: =LCI!$E47*impact_process_end!C2 -> 1.4594552e-09 | D41: =LCI!$E47*impact_process_end!D2 -> 4.6207122e-13 | E41: =LCI!$E47*impact_process_end!E2 -> 1.6917276e-08 | F41: =LCI!$E47*impact_process_end!F2 -> 3.2653322e-10 | G41: =LCI!$E47*impact_process_end!G2 -> 6.2792235e-11 | H41: =LCI!$E47*impact_process_end!H2 -> 4.928336e-10 | I41: =LCI!$E47*impact_process_end!I2 -> 7.8175182e-10 | J41: =LCI!$E47*impact_process_end!J2 -> 1.4952347e-12 | ... AA41: =LCI!$E47*impact_process_end!AA2 -> 0.65354514
B42: Activated carbon | C42: =LCI!$E48*impact_process_end!C30 -> 6.5884186e-10 | D42: =LCI!$E48*impact_process_end!D30 -> 5.1785894e-14 | E42: =LCI!$E48*impact_process_end!E30 -> 1.8961812e-09 | F42: =LCI!$E48*impact_process_end!F30 -> 7.6277222e-12 | G42: =LCI!$E48*impact_process_end!G30 -> 1.6038697e-12 | H42: =LCI!$E48*impact_process_end!H30 -> 8.6249511e-12 | I42: =LCI!$E48*impact_process_end!I30 -> 1.8022962e-10 | J42: =LCI!$E48*impact_process_end!J30 -> 3.0973079e-14 | ... AA42: =LCI!$E48*impact_process_end!AA30 -> 0.028896145
B43: Zeolite | C43: =LCI!$E49*impact_process_end!C31 -> 1.209588e-08 | D43: =LCI!$E49*impact_process_end!D31 -> 1.0799137e-12 | E43: =LCI!$E49*impact_process_end!E31 -> 3.9540725e-08 | F43: =LCI!$E49*impact_process_end!F31 -> 7.300833e-10 | G43: =LCI!$E49*impact_process_end!G31 -> 1.4965972e-10 | H43: =LCI!$E49*impact_process_end!H31 -> 1.0371591e-09 | I43: =LCI!$E49*impact_process_end!I31 -> 3.550873e-09 | J43: =LCI!$E49*impact_process_end!J31 -> 1.1520616e-12 | ... AA43: =LCI!$E49*impact_process_end!AA31 -> 1.1908421
A45: Electric engine
B46: Nitrogen Oxides (NOx) | C46: =LCI!$E53*impact_process_end!C12 -> 4.9977107e-07 | D46: =LCI!$E53*impact_process_end!D12 -> 0 | E46: =LCI!$E53*impact_process_end!E12 -> 0 | F46: =LCI!$E53*impact_process_end!F12 -> 0 | G46: =LCI!$E53*impact_process_end!G12 -> 0 | H46: =LCI!$E53*impact_process_end!H12 -> 0 | I46: =LCI!$E53*impact_process_end!I12 -> 0 | J46: =LCI!$E53*impact_process_end!J12 -> 0 | ... AA46: =LCI!$E53*impact_process_end!AA12 -> 0
B47: Volatile Organic Compounds (VOCs) | C47: =LCI!$E54*impact_process_end!C13 -> 0 | D47: =LCI!$E54*impact_process_end!D13 -> 0 | E47: =LCI!$E54*impact_process_end!E13 -> 0 | F47: =LCI!$E54*impact_process_end!F13 -> 0 | G47: =LCI!$E54*impact_process_end!G13 -> 0 | H47: =LCI!$E54*impact_process_end!H13 -> 0 | I47: =LCI!$E54*impact_process_end!I13 -> 0 | J47: =LCI!$E54*impact_process_end!J13 -> 0 | ... AA47: =LCI!$E54*impact_process_end!AA13 -> 0
B48: Sulfur Dioxide (SO2) | C48: =LCI!$E55*impact_process_end!C14 -> 2.575731e-10 | D48: =LCI!$E55*impact_process_end!D14 -> 0 | E48: =LCI!$E55*impact_process_end!E14 -> 0 | F48: =LCI!$E55*impact_process_end!F14 -> 0 | G48: =LCI!$E55*impact_process_end!G14 -> 0 | H48: =LCI!$E55*impact_process_end!H14 -> 0 | I48: =LCI!$E55*impact_process_end!I14 -> 0 | J48: =LCI!$E55*impact_process_end!J14 -> 0 | ... AA48: =LCI!$E55*impact_process_end!AA14 -> 0
B49: Particulate Matter (PM) | C49: =LCI!$E56*impact_process_end!C21 -> 0 | D49: =LCI!$E56*impact_process_end!D21 -> 0 | E49: =LCI!$E56*impact_process_end!E21 -> 0 | F49: =LCI!$E56*impact_process_end!F21 -> 0 | G49: =LCI!$E56*impact_process_end!G21 -> 0 | H49: =LCI!$E56*impact_process_end!H21 -> 0 | I49: =LCI!$E56*impact_process_end!I21 -> 0 | J49: =LCI!$E56*impact_process_end!J21 -> 0 | ... AA49: =LCI!$E56*impact_process_end!AA21 -> 0
B50: Carbon Monoxide (CO) | C50: =LCI!$E57*impact_process_end!C16 -> 0 | D50: =LCI!$E57*impact_process_end!D16 -> 0 | E50: =LCI!$E57*impact_process_end!E16 -> 0 | F50: =LCI!$E57*impact_process_end!F16 -> 0 | G50: =LCI!$E57*impact_process_end!G16 -> 0 | H50: =LCI!$E57*impact_process_end!H16 -> 0 | I50: =LCI!$E57*impact_process_end!I16 -> 0 | J50: =LCI!$E57*impact_process_end!J16 -> 0 | ... AA50: =LCI!$E57*impact_process_end!AA16 -> 0
B51: Methane (CH4) | C51: =LCI!$E58*impact_process_end!C11 -> 0 | D51: =LCI!$E58*impact_process_end!D11 -> 7.7898422e-12 | E51: =LCI!$E58*impact_process_end!E11 -> 2.8522807e-07 | F51: =LCI!$E58*impact_process_end!F11 -> 0 | G51: =LCI!$E58*impact_process_end!G11 -> 0 | H51: =LCI!$E58*impact_process_end!H11 -> 0 | I51: =LCI!$E58*impact_process_end!I11 -> 0 | J51: =LCI!$E58*impact_process_end!J11 -> 0 | ... AA51: =LCI!$E58*impact_process_end!AA11 -> 0
A53: Storage
B54: CH4 | C54: =LCI!$E63*impact_process_end!C11 -> 0 | D54: =LCI!$E63*impact_process_end!D11 -> 4.5180469e-12 | E54: =LCI!$E63*impact_process_end!E11 -> 1.6543002e-07 | F54: =LCI!$E63*impact_process_end!F11 -> 0 | G54: =LCI!$E63*impact_process_end!G11 -> 0 | H54: =LCI!$E63*impact_process_end!H11 -> 0 | I54: =LCI!$E63*impact_process_end!I11 -> 0 | J54: =LCI!$E63*impact_process_end!J11 -> 0 | ... AA54: =LCI!$E63*impact_process_end!AA11 -> 0
A56: Land application of digestate after storage
B57: N2O | C57: =LCI!$E67*impact_process_end!C19 -> 0 | D57: =LCI!$E67*impact_process_end!D19 -> 4.2921432e-12 | E57: =LCI!$E67*impact_process_end!E19 -> 1.5700208e-07 | F57: =LCI!$E67*impact_process_end!F19 -> 0 | G57: =LCI!$E67*impact_process_end!G19 -> 0 | H57: =LCI!$E67*impact_process_end!H19 -> 0 | I57: =LCI!$E67*impact_process_end!I19 -> 0 | J57: =LCI!$E67*impact_process_end!J19 -> 0 | ... AA57: =LCI!$E67*impact_process_end!AA19 -> 0
B58: NH3 | C58: =LCI!$E68*impact_process_end!C17 -> 1.8619824e-06 | D58: =LCI!$E68*impact_process_end!D17 -> 0 | E58: =LCI!$E68*impact_process_end!E17 -> 0 | F58: =LCI!$E68*impact_process_end!F17 -> 0 | G58: =LCI!$E68*impact_process_end!G17 -> 0 | H58: =LCI!$E68*impact_process_end!H17 -> 0 | I58: =LCI!$E68*impact_process_end!I17 -> 0 | J58: =LCI!$E68*impact_process_end!J17 -> 0 | ... AA58: =LCI!$E68*impact_process_end!AA17 -> 0
B59: NO3 | C59: =LCI!$E69*impact_process_end!C20 -> 0 | D59: =LCI!$E69*impact_process_end!D20 -> 0 | E59: =LCI!$E69*impact_process_end!E20 -> 0 | F59: =LCI!$E69*impact_process_end!F20 -> 0 | G59: =LCI!$E69*impact_process_end!G20 -> 0 | H59: =LCI!$E69*impact_process_end!H20 -> 0 | I59: =LCI!$E69*impact_process_end!I20 -> 0 | J59: =LCI!$E69*impact_process_end!J20 -> 6.9784845e-10 | ... AA59: =LCI!$E69*impact_process_end!AA20 -> 0
A61: Dewatering
B62: Electricity | C62: =LCI!$E73*impact_process_end!C2 -> 3.8723313e-11 | D62: =LCI!$E73*impact_process_end!D2 -> 1.2260006e-14 | E62: =LCI!$E73*impact_process_end!E2 -> 4.4886133e-10 | F62: =LCI!$E73*impact_process_end!F2 -> 8.663814e-12 | G62: =LCI!$E73*impact_process_end!G2 -> 1.6660487e-12 | H62: =LCI!$E73*impact_process_end!H2 -> 1.3076215e-11 | I62: =LCI!$E73*impact_process_end!I2 -> 2.0742001e-11 | J62: =LCI!$E73*impact_process_end!J2 -> 3.9672641e-14 | ... AA62: =LCI!$E73*impact_process_end!AA2 -> 0.017340329
A64: Treatment of wastewater
B65: Transport
B66: Treatment of wastewater | C66: =LCI!$E78*impact_process_end!C32 -> 8.0272996e-11 | D66: =LCI!$E78*impact_process_end!D32 -> 9.5961878e-15 | E66: =LCI!$E78*impact_process_end!E32 -> 3.5133515e-10 | F66: =LCI!$E78*impact_process_end!F32 -> 5.1162016e-12 | G66: =LCI!$E78*impact_process_end!G32 -> 1.0474248e-12 | H66: =LCI!$E78*impact_process_end!H32 -> 5.2857957e-12 | I66: =LCI!$E78*impact_process_end!I32 -> 3.1405701e-10 | J66: =LCI!$E78*impact_process_end!J32 -> 2.4113377e-12 | ... AA66: =LCI!$E78*impact_process_end!AA32 -> 0.0059454958
A68: Composting of digestate
B69: CH4 | C69: =LCI!$E83*impact_process_end!C11 -> 0 | D69: =LCI!$E83*impact_process_end!D11 -> 2.2939426e-13 | E69: =LCI!$E83*impact_process_end!E11 -> 8.399359e-09 | F69: =LCI!$E83*impact_process_end!F11 -> 0 | G69: =LCI!$E83*impact_process_end!G11 -> 0 | H69: =LCI!$E83*impact_process_end!H11 -> 0 | I69: =LCI!$E83*impact_process_end!I11 -> 0 | J69: =LCI!$E83*impact_process_end!J11 -> 0 | ... AA69: =LCI!$E83*impact_process_end!AA11 -> 0
B70: N2O | C70: =LCI!$E84*impact_process_end!C19 -> 0 | D70: =LCI!$E84*impact_process_end!D19 -> 1.4208645e-12 | E70: =LCI!$E84*impact_process_end!E19 -> 5.1973727e-08 | F70: =LCI!$E84*impact_process_end!F19 -> 0 | G70: =LCI!$E84*impact_process_end!G19 -> 0 | H70: =LCI!$E84*impact_process_end!H19 -> 0 | I70: =LCI!$E84*impact_process_end!I19 -> 0 | J70: =LCI!$E84*impact_process_end!J19 -> 0 | ... AA70: =LCI!$E84*impact_process_end!AA19 -> 0
B71: NH3 | C71: =LCI!$E85*impact_process_end!C17 -> 8.4347801e-08 | D71: =LCI!$E85*impact_process_end!D17 -> 0 | E71: =LCI!$E85*impact_process_end!E17 -> 0 | F71: =LCI!$E85*impact_process_end!F17 -> 0 | G71: =LCI!$E85*impact_process_end!G17 -> 0 | H71: =LCI!$E85*impact_process_end!H17 -> 0 | I71: =LCI!$E85*impact_process_end!I17 -> 0 | J71: =LCI!$E85*impact_process_end!J17 -> 0 | ... AA71: =LCI!$E85*impact_process_end!AA17 -> 0
B72: NMVOC | C72: =LCI!$E86*impact_process_end!C22 -> 0 | D72: =LCI!$E86*impact_process_end!D22 -> 0 | E72: =LCI!$E86*impact_process_end!E22 -> 0 | F72: =LCI!$E86*impact_process_end!F22 -> 0 | G72: =LCI!$E86*impact_process_end!G22 -> 0 | H72: =LCI!$E86*impact_process_end!H22 -> 0 | I72: =LCI!$E86*impact_process_end!I22 -> 0 | J72: =LCI!$E86*impact_process_end!J22 -> 0 | ... AA72: =LCI!$E86*impact_process_end!AA22 -> 0
B73: CO | C73: =LCI!$E87*impact_process_end!C16 -> 0 | D73: =LCI!$E87*impact_process_end!D16 -> 0 | E73: =LCI!$E87*impact_process_end!E16 -> 0 | F73: =LCI!$E87*impact_process_end!F16 -> 0 | G73: =LCI!$E87*impact_process_end!G16 -> 0 | H73: =LCI!$E87*impact_process_end!H16 -> 0 | I73: =LCI!$E87*impact_process_end!I16 -> 0 | J73: =LCI!$E87*impact_process_end!J16 -> 0 | ... AA73: =LCI!$E87*impact_process_end!AA16 -> 0
B74: electricity | C74: =LCI!$E89*impact_process_end!C2 -> 5.9960463e-11 | D74: =LCI!$E89*impact_process_end!D2 -> 1.89838e-14 | E74: =LCI!$E89*impact_process_end!E2 -> 6.9503178e-10 | F74: =LCI!$E89*impact_process_end!F2 -> 1.3415337e-11 | G74: =LCI!$E89*impact_process_end!G2 -> 2.5797651e-12 | H74: =LCI!$E89*impact_process_end!H2 -> 2.0247646e-11 | I74: =LCI!$E89*impact_process_end!I2 -> 3.2117603e-11 | J74: =LCI!$E89*impact_process_end!J2 -> 6.1430433e-14 | ... AA74: =LCI!$E89*impact_process_end!AA2 -> 0.026850341
B75: diesel | C75: =LCI!$E90*impact_process_end!C25 -> 2.2368233e-10 | D75: =LCI!$E90*impact_process_end!D25 -> 3.1868886e-14 | E75: =LCI!$E90*impact_process_end!E25 -> 1.1682458e-09 | F75: =LCI!$E90*impact_process_end!F25 -> 2.5203742e-12 | G75: =LCI!$E90*impact_process_end!G25 -> 6.8145103e-13 | H75: =LCI!$E90*impact_process_end!H25 -> 9.4914851e-12 | I75: =LCI!$E90*impact_process_end!I25 -> 1.5205302e-11 | J75: =LCI!$E90*impact_process_end!J25 -> 7.261394e-14 | ... AA75: =LCI!$E90*impact_process_end!AA25 -> 0.242696

Sheet impact_process_end
A1: Process | B1: Reference unit | C1: ecosystem quality - acidification: terrestrial | D1: ecosystem quality - climate change: freshwater ecosystems | E1: ecosystem quality - climate change: terrestrial ecosystems | F1: ecosystem quality - ecotoxicity: freshwater | G1: ecosystem quality - ecotoxicity: marine | H1: ecosystem quality - ecotoxicity: terrestrial | I1: ecosystem quality - eutrophication: freshwater | J1: ecosystem quality - eutrophication: marine | K1: ecosystem quality - land use | L1: ecosystem quality - photochemical oxidant formation: terrestrial ecosystems | M1: ecosystem quality - water use: aquatic ecosystems | N1: ecosystem quality - water use: terrestrial ecosystems | O1: human health - climate change: human health | P1: human health - human toxicity: carcinogenic | Q1: human health - human toxicity: non-carcinogenic | R1: human health - ionising radiation | S1: human health - ozone depletion | T1: human health - particulate matter formation | U1: human health - photochemical oxidant formation: human health | V1: human health - water use: human health | W1: natural resources - energy resources: non-renewable, fossil | X1: natural resources - material resources: metals/minerals | Y1: total: ecosystem quality - ecosystem quality | Z1: total: human health - human health | AA1: total: natural resources - natural resources
A2: Electricity production | B2: kWh | C2: 1.9184439e-11 | D2: 6.0738947e-15 | E2: 2.2237644e-10 | F2: 4.2922569e-12 | G2: 8.2539965e-13 | H2: 6.4782641e-12 | I2: 1.0276074e-11 | J2: 1.9654758e-14 | K2: 2.5279937e-11 | L2: 1.1634952e-11 | M2: 1.8936822e-15 | N2: 4.2325679e-11 | O2: 7.3690334e-08 | P2: 1.9634188e-08 | Q2: 2.9153726e-08 | R2: 4.6663557e-09 | S2: 4.5900065e-11 | T2: 3.1545717e-08 | U2: 7.435363e-11 | V2: 6.9602227e-09 | W2: 0.0081807522 | X2: 0.00041005411 | Y2: 3.00375e-10 | Z2: 1.6577057e-07 | AA2: 0.0085908064
A3: Water production | B3: kg | C3: 1.4700901e-13 | D3: 2.4055506e-17 | E3: 8.8073441e-13 | F3: 1.1327354e-14 | G3: 2.3642653e-15 | H3: 1.3175558e-14 | I3: 1.3639079e-13 | J3: 3.6072826e-17 | K3: 7.3405021e-14 | L3: 7.3964669e-14 | M3: 2.0853885e-18 | N3: 4.6610504e-14 | O3: 2.918476e-10 | P3: 8.6309672e-10 | Q3: 8.5961448e-11 | R3: 9.1793575e-13 | S3: 6.4138568e-14 | T3: 2.436228e-10 | U3: 4.9032547e-13 | V3: 7.6648384e-12 | W3: 1.8110008e-05 | X3: 8.0391234e-06 | Y3: 1.3384276e-12 | Z3: 1.4936635e-09 | AA3: 2.6149132e-05
A4: Incineration | B4: kg | C4: 2.8909345e-11 | D4: 3.1349805e-15 | E4: 1.147388e-10 | F4: 4.6988185e-12 | G4: 9.5300873e-13 | H4: 1.0683495e-12 | I4: 3.2602719e-11 | J4: 2.0532137e-14 | K4: 7.036807e-12 | L4: 3.365474e-11 | M4: 1.0992118e-15 | N4: 2.4568476e-11 | O4: 3.8054145e-08 | P4: 3.5018038e-08 | Q4: 6.9092746e-08 | R4: 3.2457167e-12 | S4: 3.0679239e-10 | T4: 3.3986197e-08 | U4: 2.3468909e-10 | V4: 4.0401493e-09 | W4: 0.0019160164 | X4: 0.00026809773 | Y4: 2.2368682e-10 | Z4: 1.8073579e-07 | AA4: 0.0021841142
A5: Heat, natural gas | B5: MJ | C5: 5.8596788e-12 | D5: 6.0095664e-15 | E5: 2.2005785e-10 | F5: 3.9423616e-13 | G5: 7.9041745e-14 | H5: 4.6652181e-13 | I5: 1.83291e-12 | J5: 4.8327959e-16 | K5: 1.3967289e-12 | L5: 7.5957621e-12 | M5: 3.7336098e-17 | N5: 8.3449888e-13 | O5: 7.2912599e-08 | P5: 5.2224808e-09 | Q5: 2.006983e-09 | R5: 8.8919637e-12 | S5: 6.5205912e-12 | T5: 7.4836522e-09 | U5: 4.5712088e-11 | V5: 1.3722871e-10 | W5: 0.0092754795 | X5: 0.00012178732 | Y5: 2.3768934e-10 | Z5: 8.7823992e-08 | AA5: 0.0093972668
A6: Heat, fuel | B6: MJ | C6: 2.5557965e-11 | D6: 7.5116872e-15 | E6: 2.7503278e-10 | F6: 6.2377907e-13 | G6: 1.3175299e-13 | H6: 1.1552019e-12 | I6: 2.2289549e-12 | J6: 4.0447553e-15 | K6: 2.30984e-12 | L6: 1.362041e-11 | M6: 3.8122117e-17 | N6: 8.5206718e-13 | O6: 9.1133854e-08 | P6: 5.9911273e-09 | Q6: 3.6663062e-09 | R6: 1.0444772e-11 | S6: 7.3726802e-12 | T6: 2.5830515e-08 | U6: 8.1956371e-11 | V6: 1.4011771e-10 | W6: 0.012632578 | X6: 0.00014576258 | Y6: 3.2067246e-10 | Z6: 1.2686163e-07 | AA6: 0.012778341
A7: Heat, coal | B7: MJ | C7: 7.5743371e-11 | D7: 4.7762184e-15 | E7: 1.7488519e-10 | F7: 5.7629575e-13 | G7: 1.2216986e-13 | H7: 3.8727287e-13 | I7: 1.5257465e-11 | J7: 2.4714322e-15 | K7: 5.6606331e-12 | L7: 2.111112e-11 | M7: 3.2426284e-17 | N7: 7.2475967e-13 | O7: 5.79475e-08 | P7: 7.7270311e-09 | Q7: 8.9554148e-09 | R7: 8.5960471e-13 | S7: 5.0940978e-12 | T7: 8.1342807e-08 | U7: 1.4841023e-10 | V7: 1.191827e-10 | W7: 0.0012654872 | X7: 1.9291145e-05 | Y7: 2.9375096e-10 | Z7: 1.5624627e-07 | AA7: 0.0012847784
A8: Heat, wood chips | B8: MJ | C8: 3.3507688e-11 | D8: 1.3205747e-15 | E8: 4.8351767e-11 | F8: 5.6192731e-13 | G8: 1.2082046e-13 | H8: 1.9032052e-12 | I8: 4.1991827e-12 | J8: 1.1328756e-15 | K8: 2.5003582e-10 | L8: 4.2086659e-11 | M8: 2.1177242e-16 | N8: 4.7333239e-12 | O8: 1.6023833e-08 | P8: 4.7549023e-09 | Q8: 9.6440321e-09 | R8: 9.4046979e-12 | S8: 2.4170687e-11 | T8: 1.1684551e-07 | U8: 2.9328764e-10 | V8: 7.7836882e-10 | W8: 0.0010861877 | X8: 5.20553e-05 | Y8: 3.8076743e-10 | Z8: 1.4837273e-07 | AA8: 0.001138243
A9: Heat,waste | B9: MJ
A10: Heat, mix | B10: MJ | C10: =(C5*Parameters!$C104)+(C6*Parameters!$C106)+(C7*Parameters!$C105)+(C8*Parameters!$C107)+(C9*Parameters!$C108) -> 1.5020308e-11 | D10: =(D5*Parameters!$C104)+(D6*Parameters!$C106)+(D7*Parameters!$C105)+(D8*Parameters!$C107)+(D9*Parameters!$C108) -> 3.3315802e-15 | E10: =(E5*Parameters!$C104)+(E6*Parameters!$C106)+(E7*Parameters!$C105)+(E8*Parameters!$C107)+(E9*Parameters!$C108) -> 1.2199369e-10 | F10: =(F5*Parameters!$C104)+(F6*Parameters!$C106)+(F7*Parameters!$C105)+(F8*Parameters!$C107)+(F9*Parameters!$C108) -> 3.9067868e-13 | G10: =(G5*Parameters!$C104)+(G6*Parameters!$C106)+(G7*Parameters!$C105)+(G8*Parameters!$C107)+(G9*Parameters!$C108) -> 8.1296247e-14 | H10: =(H5*Parameters!$C104)+(H6*Parameters!$C106)+(H7*Parameters!$C105)+(H8*Parameters!$C107)+(H9*Parameters!$C108) -> 9.0939122e-13 | I10: =(I5*Parameters!$C104)+(I6*Parameters!$C106)+(I7*Parameters!$C105)+(I8*Parameters!$C107)+(I9*Parameters!$C108) -> 2.4064241e-12 | J10: =(J5*Parameters!$C104)+(J6*Parameters!$C106)+(J7*Parameters!$C105)+(J8*Parameters!$C107)+(J9*Parameters!$C108) -> 6.4936328e-16 | ... AA10: =(AA5*Parameters!$C104)+(AA6*Parameters!$C106)+(AA7*Parameters!$C105)+(AA8*Parameters!$C107)+(AA9*Parameters!$C108) -> 0.0048682706
A11: CH4 | B11: kg | C11: 0 | D11: 2.6e-12 | E11: 9.52e-08 | O11: 3.16e-05 | Y11: =SUM(D11:E11) -> 9.52026e-08 | Z11: 3.16e-05 | AA11: 0
A12: Nitrogen oxides | B12: kg | C12: 7.63e-08 | L12: 1.29e-07 | T12: 6.92e-05 | U12: 9.1e-07 | Y12: =SUM(C12:N12) -> 2.053e-07 | Z12: =SUM(O12:V12) -> 7.011e-05
A13: Volatile organic compounds | B13: kg | L13: 3.74e-08 | U13: 1.64e-07 | Y13: =SUM(C13:N13) -> 3.74e-08 | Z13: =SUM(O13:V13) -> 1.64e-07
A14: Sulfur dioxide | B14: kg | C14: 2.12e-07 | T14: 0.00018 | Y14: =SUM(C14:N14) -> 2.12e-07 | Z14: =SUM(O14:V14) -> 0.00018
A15: Particulate matter | B15: kg | Y15: =SUM(C15:N15) -> 0 | Z15: =SUM(O15:V15) -> 0
A16: Carbon monoxide | B16: kg | Y16: =SUM(C16:N16) -> 0 | Z16: =SUM(O16:V16) -> 0
A17: Ammonia | B17: kg | C17: 4.16e-07 | T17: 0.00015 | Y17: =SUM(C17:N17) -> 4.16e-07 | Z17: =SUM(O17:V17) -> 0.00015
A18: sulfure oxides | B18: kg | C18: 2.12e-07 | T18: 0.00018 | Y18: =SUM(C18:N18) -> 2.12e-07 | Z18: =SUM(O18:V18) -> 0.00018
A19: dinitrogen monoxide | B19: kg | D19: 2.28e-11 | E19: 8.34e-07 | O19: 0.00028 | S19: 5.84e-06 | Y19: =SUM(C19:N19) -> 8.340228e-07 | Z19: =SUM(O19:V19) -> 0.00028584
A20: Nitrate | B20: kg | J20: 1.14e-10 | Y20: =SUM(C20:N20) -> 1.14e-10 | Z20: =SUM(O20:V20) -> 0
A21: PM2.5 | B21: kg | T21: 0.00063 | Y21: =SUM(C21:N21) -> 0 | Z21: =SUM(O21:V21) -> 0.00063
A22: NMOVC | B22: kg | L22: 3.74 | U22: 1.64e-07 | Y22: =SUM(C22:N22) -> 3.74 | Z22: =SUM(O22:V22) -> 1.64e-07
A23: H2S | B23: kg
A24: (PO4)3- | B24: kg
A25: Diesel | B25: kg | C25: 4.9836698e-10 | D25: 7.1004269e-14 | E25: 2.6028659e-09 | F25: 5.6154248e-12 | G25: 1.5182813e-12 | H25: 2.1147146e-11 | I25: 3.38776e-11 | J25: 1.6178475e-13 | K25: 7.2855538e-11 | L25: 3.993467e-10 | M25: 9.542757e-16 | N25: 2.132901e-11 | O25: 8.6181025e-07 | P25: 1.1021083e-07 | Q25: 5.4037915e-08 | R25: 1.5771865e-10 | S25: 1.1967107e-10 | T25: 5.3493628e-07 | U25: 2.2233799e-09 | V25: 3.5074372e-09 | W25: 0.53665358 | X25: 0.0040760871 | Y25: 3.6358265e-09 | Z25: 1.5670016e-06 | AA25: 0.54072967
A26: N-fertilizer | B26: kg | C26: 1.2903561e-09 | D26: 1.2369109e-13 | E26: 4.5285502e-09 | F26: 5.4939864e-11 | G26: 1.0909604e-11 | H26: 9.0318775e-11 | I26: 1.3531374e-10 | J26: 3.1878816e-13 | K26: 1.6575235e-10 | L26: 3.0534654e-10 | M26: 1.4978971e-14 | N26: 3.3479488e-10 | O26: 1.5008621e-06 | P26: 2.56804e-07 | Q26: 2.8870746e-07 | R26: 4.4847748e-10 | S26: 3.0200039e-09 | T26: 8.4635306e-07 | U26: 1.9847696e-09 | V26: 5.5055157e-08 | W26: 0.16256299 | X26: 0.0045505917 | Y26: 6.581939e-09 | Z26: 2.9532312e-06 | AA26: 0.16711358
A27: K-fertilizer | B27: kg | C27: 4.573135e-10 | D27: 5.1939994e-14 | E27: 1.9018072e-09 | F27: 3.0914423e-11 | G27: 6.4039124e-12 | H27: 9.0270489e-11 | I27: 9.2436064e-11 | J27: 3.165079e-14 | K27: 3.7025812e-10 | L27: 3.2009236e-10 | M27: 3.9724301e-15 | N27: 8.8787758e-11 | O27: 6.3016516e-07 | P27: 1.8056663e-07 | Q27: 1.8866753e-07 | R27: 2.5133909e-10 | S27: 1.1007192e-10 | T27: 5.3378601e-07 | U27: 2.1513032e-09 | V27: 1.4600654e-08 | W27: 0.082306566 | X27: 0.0044666042 | Y27: 3.2695772e-09 | Z27: 1.5502957e-06 | AA27: 0.08677317
A28: P-fertilizer | B28: kg | C28: 1.0872882e-09 | D28: 3.0276304e-14 | E28: 1.1084689e-09 | F28: 3.615153e-11 | G28: 7.2919005e-12 | H28: 6.7357211e-11 | I28: 3.7084478e-10 | J28: 5.1097205e-14 | K28: 3.4844916e-10 | L28: 1.2775224e-10 | M28: 6.6683349e-15 | N28: 1.4904391e-10 | O28: 3.6731738e-07 | P28: 1.5680443e-07 | Q28: 2.5835835e-07 | R28: 9.0684647e-10 | S28: 7.6643703e-11 | T28: 1.1217144e-06 | U28: 8.6403548e-10 | V28: 2.4509443e-08 | W28: 0.029816668 | X28: 0.0056418414 | Y28: 3.153583e-09 | Z28: 1.9305149e-06 | AA28: 0.035458509
A29: Peat | B29: kg | C29: 6.2097949e-12 | D29: 1.2091191e-15 | E29: 4.4341964e-11 | F29: 3.0961021e-13 | G29: 6.419415e-14 | H29: 8.7185554e-13 | I29: 1.1915217e-12 | J29: 4.9735638e-16 | K29: 1.1597874e-11 | L29: 6.3920645e-12 | M29: 4.8920949e-16 | N29: 1.0934318e-11 | O29: 1.4677822e-08 | P29: 3.1294078e-09 | Q29: 1.9605176e-09 | R29: 3.5221544e-11 | S29: 2.2240207e-12 | T29: 8.3868789e-09 | U29: 4.3740134e-11 | V29: 1.7980879e-09 | W29: 0.00075517093 | X29: 6.6423092e-05 | Y29: 7.0981051e-11 | Z29: 3.0033863e-08 | AA29: 0.00082159403
A30: Activated carbon | B30: kg | C30: 3.3084794e-09 | D30: 2.6005112e-13 | E30: 9.5219762e-09 | F30: 3.8303822e-11 | G30: 8.0540872e-12 | H30: 4.3311566e-11 | I30: 9.0505176e-10 | J30: 1.5553625e-13 | K30: 3.4986678e-10 | L30: 1.0225382e-09 | M30: 5.4859181e-15 | N30: 1.2261572e-10 | O30: 3.1550731e-06 | P30: 4.0692501e-07 | Q30: 5.4387425e-07 | R30: 1.0334842e-09 | S30: 3.3962297e-10 | T30: 3.75333e-06 | U30: 7.0774854e-09 | V30: 2.0163474e-08 | W30: 0.1427288 | X30: 0.0023777993 | Y30: 1.5197905e-08 | Z30: 7.8877797e-06 | AA30: 0.1451066
A31: Zeolite | B31: kg | C31: 4.5428433e-09 | D31: 4.0558264e-13 | E31: 1.485029e-08 | F31: 2.7419701e-10 | G31: 5.6207623e-11 | H31: 3.8952532e-10 | I31: 1.3335995e-09 | J31: 4.3267918e-13 | K31: 1.086789e-09 | L31: 1.9279207e-09 | M31: 4.4888537e-14 | N31: 1.0033034e-09 | O31: 4.9206984e-06 | P31: 5.8408874e-06 | Q31: 2.0060129e-06 | R31: 2.4426087e-09 | S31: 1.2827196e-09 | T31: 5.8557816e-06 | U31: 1.3190525e-08 | V31: 1.6498767e-07 | W31: 0.36568077 | X31: 0.081563185 | Y31: 2.4461901e-08 | Z31: 1.880516e-05 | AA31: 0.44724396
A32: treatment of wastewater | B32: m3 | C32: 3.0980005e-10 | D32: 3.7034864e-14 | E32: 1.3559186e-09 | F32: 1.9745115e-11 | G32: 4.042359e-12 | H32: 2.0399635e-11 | I32: 1.2120499e-09 | J32: 9.3061502e-12 | K32: 7.5752205e-11 | L32: 1.4648177e-10 | M32: 1.8081915e-15 | N32: 4.0414877e-11 | O32: 4.4954134e-07 | P32: 1.110604e-07 | Q32: 7.836193e-07 | R32: 1.6422966e-10 | S32: 1.0384675e-09 | T32: 4.3570106e-07 | U32: 1.0083634e-09 | V32: 6.646002e-09 | W32: 0.021413471 | X32: 0.0015321649 | Y32: 3.1534907e-09 | Z32: 1.7887642e-06 | AA32: 0.022945635
A33: Wood chips | B33: kg | C33: 2.4242304e-11 | D33: 3.5222741e-15 | E33: 1.2897025e-10 | F33: 7.1640674e-13 | G33: 1.694626e-13 | H33: 5.2658282e-12 | I33: 1.0598517e-11 | J33: 4.2925789e-15 | K33: 4.1619407e-09 | L33: 2.9228252e-11 | M33: 1.301371e-16 | N33: 2.9086934e-12 | O33: 4.2734458e-08 | P33: 1.0632765e-08 | Q33: 6.3240028e-09 | R33: 3.3742245e-11 | S33: 9.0485983e-12 | T33: 3.1599479e-08 | U33: 1.880607e-10 | V33: 4.7831847e-10 | W33: 0.005588415 | X33: 0.00019319062 | Y33: 4.3611326e-09 | Z33: 9.1997474e-08 | AA33: 0.0057816056
A35: Mix marginal electricity | B35: kWh | C35: 4.9846824e-11 | D35: 2.9182754e-15 | E35: 1.0683409e-10 | F35: 2.3968473e-11 | G35: 4.439928e-12 | H35: 1.5589042e-11 | I35: 1.2282375e-11 | J35: 2.8749047e-15 | K35: 5.4852619e-10 | L35: 3.042696e-11 | M35: 1.9278029e-16 | N35: 4.3088309e-12 | O35: 3.5405776e-08 | P35: 2.5111371e-08 | Q35: 3.8380389e-08 | R35: 2.8978416e-12 | S35: 5.5499351e-11 | T35: 6.1969833e-08 | U35: 2.0750682e-10 | V35: 7.085633e-10 | W35: 0.0024051369 | X35: 8.664756e-05 | Y35: 7.9191816e-10 | Z35: 1.6184123e-07 | AA35: 0.0024917844
A36: natural gas | B36: m3 | C36: 2.3325245e-10 | D36: 6.10847e-14 | E36: 2.2394277e-09 | F36: 1.0676366e-11 | G36: 2.1475382e-12 | H36: 1.1590521e-11 | I36: 4.2057953e-11 | J36: 1.02356e-14 | K36: 5.5578164e-11 | L36: 2.794852e-10 | M36: 1.0544133e-15 | N36: 2.3567186e-11 | O36: 7.4143877e-07 | P36: 1.6239847e-08 | Q36: 5.0782028e-08 | R36: 4.2279758e-11 | S36: 1.2320084e-10 | T36: 2.9724331e-07 | U36: 1.7003728e-09 | V36: 3.8754928e-09 | W36: 0.35587281 | X36: 0.00077208638 | Y36: 2.8742896e-09 | Z36: 1.1114444e-06 | AA36: 0.35664489
A37: Mix marginal heat | B37: MJ | C37: =(C8*0.75)+(C5*0.25) -> 2.6595686e-11 | D37: =(D8*0.75)+(D5*0.25) -> 2.4928227e-15 | E37: =(E8*0.75)+(E5*0.25) -> 9.1278287e-11 | F37: =(F8*0.75)+(F5*0.25) -> 5.2000452e-13 | G37: =(G8*0.75)+(G5*0.25) -> 1.1037578e-13 | H37: =(H8*0.75)+(H5*0.25) -> 1.5440343e-12 | I37: =(I8*0.75)+(I5*0.25) -> 3.6076145e-12 | J37: =(J8*0.75)+(J5*0.25) -> 9.7047663e-16 | ... AA37: =(AA8*0.75)+(AA5*0.25) -> 0.003202999

Sheet impact_process_mid
A1: Process | B1: Reference unit | C1: acidification: terrestrial - terrestrial acidification potential (TAP) | D1: climate change - global warming potential (GWP100) | E1: ecotoxicity: freshwater - freshwater ecotoxicity potential (FETP) | F1: ecotoxicity: marine - marine ecotoxicity potential (METP) | G1: ecotoxicity: terrestrial - terrestrial ecotoxicity potential (TETP) | H1: energy resources: non-renewable, fossil - fossil fuel potential (FFP) | I1: eutrophication: freshwater - freshwater eutrophication potential (FEP) | J1: eutrophication: marine - marine eutrophication potential (MEP) | K1: human toxicity: carcinogenic - human toxicity potential (HTPc) | L1: human toxicity: non-carcinogenic - human toxicity potential (HTPnc) | M1: ionising radiation - ionising radiation potential (IRP) | N1: land use - agricultural land occupation (LOP) | O1: material resources: metals/minerals - surplus ore potential (SOP) | P1: ozone depletion - ozone depletion potential (ODPinfinite) | Q1: particulate matter formation - particulate matter formation potential (PMFP) | R1: photochemical oxidant formation: human health - photochemical oxidant formation potential: humans (HOFP) | S1: photochemical oxidant formation: terrestrial ecosystems - photochemical oxidant formation potential: ecosystems (EOFP) | T1: water use - water consumption potential (WCP) | V1: Information | W1: Geography
A2: Electricity | B2: kWh | C2: 9.049381e-05 | D2: 0.079406189 | E2: 0.0062034311 | F2: 0.0078502676 | G2: 0.56736818 | H2: 0.024375692 | I2: 1.5344145e-05 | J2: 1.1566613e-05 | K2: 0.0059147603 | L2: 0.12794399 | M2: 0.55006624 | N2: 0.0028505746 | O2: 0.0017727191 | P2: 8.6459139e-08 | Q2: 5.0191089e-05 | R2: 8.1690947e-05 | S2: 9.0198139e-05 | T2: 0.0031352355 | V2: market for electricity, medium voltage | electricity, medium voltage | Cutoff, U | W2: FR
A3: Water | B3: kg | C3: 6.934533e-07 | D3: 0.00031448718 | E3: 1.6344982e-05 | F3: 2.2483537e-05 | G3: 0.0011552651 | H3: 8.2797071e-05 | I3: 2.0365943e-07 | J3: 2.122186e-08 | K3: 0.0002599786 | L3: 0.00037706261 | M3: 0.00010820091 | N3: 8.2753463e-06 | O3: 3.4750839e-05 | P3: 1.2081554e-10 | Q3: 3.8763074e-07 | R3: 5.3875424e-07 | S3: 5.7339186e-07 | T3: 3.4526299e-06 | V3: market for tap water | tap water | Cutoff, U | W3: Europe without Switzerland
A4: Incineration | B4: kg | C4: 0.0001363856 | D4: 0.040980828 | E4: 0.0067876314 | F4: 0.0090687992 | G4: 0.093690771 | H4: 0.0057803422 | I4: 4.8682721e-05 | J4: 1.2084724e-05 | K4: 0.010550695 | L4: 0.30316586 | M4: 0.00038257425 | N4: 0.00079287043 | O4: 0.0011589877 | P4: 5.7786312e-07 | Q4: 5.4055787e-05 | R4: 0.00025789436 | S4: 0.00026089125 | T4: 0.0018198871
A5: Heat, natural gas | B5: MJ | C5: 2.7642789e-05 | D5: 0.078571532 | E5: 0.00056949792 | F5: 0.00075180929 | G5: 0.040860748 | H5: 0.026216279 | I5: 2.7368311e-06 | J5: 2.8430163e-07 | K5: 0.0015731326 | L5: 0.0088030327 | M5: 0.0010481272 | N5: 0.00015742974 | O5: 0.00052648906 | P5: 1.2286717e-08 | Q5: 1.190633e-05 | R5: 5.0216773e-05 | S5: 5.888624e-05 | T5: 6.1814732e-05
A6: Heat, fuel | B6: MJ | C6: 0.00012056148 | D6: 0.098206281 | E6: 0.00090128215 | F6: 0.0012533522 | G6: 0.10124155 | H6: 0.028615023 | I6: 3.3282226e-06 | J6: 2.3768029e-06 | K6: 0.0018046053 | L6: 0.016080339 | M6: 0.0012311628 | N6: 0.00026029536 | O6: 0.00063014235 | P6: 1.3890748e-08 | Q6: 4.1127784e-05 | R6: 9.0031824e-05 | S6: 0.00010559271 | T6: 6.3116088e-05
A7: Heat, coal | B7: MJ | C7: 0.00035729226 | D7: 0.062444666 | E7: 0.00083144411 | F7: 0.0011627961 | G7: 0.033957796 | H7: 0.012997135 | I7: 2.2782621e-05 | J7: 1.4545929e-06 | K7: 0.0023277124 | L7: 0.039289368 | M7: 0.000101304 | N7: 0.00063795047 | O7: 8.3398518e-05 | P7: 9.5950858e-09 | Q7: 0.00012951127 | R7: 0.00016308707 | S7: 0.00016365245 | T7: 5.3685901e-05
A8: Heat, wood chips | B8: MJ | C8: 0.00015807715 | D8: 0.017263471 | E8: 0.00081184821 | F8: 0.0011495494 | G8: 0.16689692 | H8: 0.0044475403 | I8: 6.2691844e-06 | J8: 6.6643957e-07 | K8: 0.0014328128 | L8: 0.042289363 | M8: 0.0011085274 | N8: 0.02819778 | O8: 0.0002250437 | P8: 4.5527191e-08 | Q8: 0.00018578324 | R8: 0.00032228755 | S8: 0.00032625557 | T8: 0.00035061659
A9: Heat, waste | B9: MJ | C9: 0 | D9: 0 | E9: 0 | F9: 0 | G9: 0 | H9: 0 | I9: 0 | J9: 0 | K9: 0 | L9: 0 | M9: 0 | N9: 0 | O9: 0 | P9: 0 | Q9: 0 | R9: 0 | S9: 0 | T9: 0
A10: Heat mix | B10: MJ | C10: =(C5*Parameters!$C104)+(impact_process_mid!C6*Parameters!$C106)+(impact_process_mid!C7*Parameters!$C105)+(impact_process_mid!C8*Parameters!$C107)+(impact_process_mid!C9*Parameters!$C108) -> 7.0859796e-05 | D10: =(D5*Parameters!$C104)+(impact_process_mid!D6*Parameters!$C106)+(impact_process_mid!D7*Parameters!$C105)+(impact_process_mid!D8*Parameters!$C107)+(impact_process_mid!D9*Parameters!$C108) -> 0.043557614 | E10: =(E5*Parameters!$C104)+(impact_process_mid!E6*Parameters!$C106)+(impact_process_mid!E7*Parameters!$C105)+(impact_process_mid!E8*Parameters!$C107)+(impact_process_mid!E9*Parameters!$C108) -> 0.00056439754 | F10: =(F5*Parameters!$C104)+(impact_process_mid!F6*Parameters!$C106)+(impact_process_mid!F7*Parameters!$C105)+(impact_process_mid!F8*Parameters!$C107)+(impact_process_mid!F9*Parameters!$C108) -> 0.00077338445 | G10: =(G5*Parameters!$C104)+(impact_process_mid!G6*Parameters!$C106)+(impact_process_mid!G7*Parameters!$C105)+(impact_process_mid!G8*Parameters!$C107)+(impact_process_mid!G9*Parameters!$C108) -> 0.079723263 | H10: =(H5*Parameters!$C104)+(impact_process_mid!H6*Parameters!$C106)+(impact_process_mid!H7*Parameters!$C105)+(impact_process_mid!H8*Parameters!$C107)+(impact_process_mid!H9*Parameters!$C108) -> 0.014038413 | I10: =(I5*Parameters!$C104)+(impact_process_mid!I6*Parameters!$C106)+(impact_process_mid!I7*Parameters!$C105)+(impact_process_mid!I8*Parameters!$C107)+(impact_process_mid!I9*Parameters!$C108) -> 3.5928661e-06 | J10: =(J5*Parameters!$C104)+(impact_process_mid!J6*Parameters!$C106)+(impact_process_mid!J7*Parameters!$C105)+(impact_process_mid!J8*Parameters!$C107)+(impact_process_mid!J9*Parameters!$C108) -> 3.8199834e-07 | ... T10: =(T5*Parameters!$C104)+(impact_process_mid!T6*Parameters!$C106)+(impact_process_mid!T7*Parameters!$C105)+(impact_process_mid!T8*Parameters!$C107)+(impact_process_mid!T9*Parameters!$C108) -> 0.000155793
A11: CH4 | B11: kg | D11: 34
A12: Nitrogen oxides | B12: kg | C12: 0.36 | Q12: 0.11 | R12: 1 | S12: 1
A13: Volatile organic compounds | B13: kg | R13: 0.18 | S13: 0.29
A14: Sulfur dioxide | B14: kg | C14: 1 | Q14: 0.29
A15: Particulate matter | B15: kg
A16: Carbon monoxide | B16: kg
A17: Ammonia | B17: kg | C17: 1.96 | Q17: 0.24
A18: sulfure oxides | B18: kg | C18: 1 | Q18: 0.29
A19: dinitrogen monoxide | B19: kg | D19: 298 | P19: 0.011
A20: Nitrate | B20: kg | J20: 0.0671
A21: PM2.5 | B21: kg | Q21: 1
A22: NMOVC | B22: kg | R22: 0.18 | S22: 0.29
A23: H2S | B23: kg
A24: (PO4)3- | B24: kg
A25: Diesel | B25: kg | C25: 0.0023508892 | D25: 0.92876412 | E25: 0.0081038342 | F25: 0.01444995 | G25: 1.8555053 | H25: 1.2025197 | I25: 5.0584011e-05 | J25: 9.5059369e-05 | K25: 0.033196741 | L25: 0.23697936 | M25: 0.018590728 | N25: 0.0082089583 | O25: 0.017620037 | P25: 2.2557152e-07 | Q25: 0.00085162725 | R25: 0.0024420029 | S25: 0.0030960544 | T25: 0.0015799267
A26: N-fertilizer | B26: kg | C26: 0.0060823245 | D26: 1.6170842 | E26: 0.079410018 | F26: 0.10377325 | G26: 7.9107315 | H26: 0.46888006 | I26: 0.00020204942 | J26: 0.00018735552 | K26: 0.077351704 | L26: 1.2662508 | M26: 0.052863555 | N26: 0.018683906 | O26: 0.019675109 | P26: 5.6884222e-06 | Q26: 0.0013464194 | R26: 0.0021807021 | S26: 0.0023671436 | T26: 0.02479962
A27: K-fertilizer | B27: kg | C27: 0.0021572232 | D27: 0.67905932 | E27: 0.044678445 | F27: 0.060921909 | G27: 7.9126646 | H27: 0.22057815 | I27: 0.00013802493 | J27: 1.8609399e-05 | K27: 0.054389198 | L27: 0.82745426 | M27: 0.029626146 | N27: 0.041719554 | O27: 0.019310072 | P27: 2.0735443e-07 | Q27: 0.00084941695 | R27: 0.002363843 | S27: 0.0024814035 | T27: 0.006576871
A28: P-fertilizer | B28: kg | C28: 0.0051285758 | D28: 0.39573733 | E28: 0.052250247 | F28: 0.069366658 | G28: 5.9021895 | H28: 0.10401881 | I28: 0.00055371209 | J28: 3.0054435e-05 | K28: 0.047233399 | L28: 1.1333036 | M28: 0.10689344 | N28: 0.039263549 | O28: 0.024403218 | P28: 1.4437296e-07 | Q28: 0.001786324 | R28: 0.00094941113 | S28: 0.00099035079 | T28: 0.01104029
A29: Peat | B29: kg | C29: 2.929496e-05 | D29: 0.015818492 | E29: 0.00044732062 | F29: 0.00061066585 | G29: 0.076419092 | H29: 0.22209679 | I29: 1.7791631e-06 | J29: 2.9251738e-07 | K29: 0.00094263586 | L29: 0.0085991838 | M29: 0.0041513436 | N29: 0.0013068929 | O29: 0.00028716041 | P29: 4.1892753e-09 | Q29: 1.3340842e-05 | R29: 4.8063181e-05 | S29: 4.955178e-05 | T29: 0.00080994948
A30: Activated carbon | B30: kg | C30: 0.015606562 | D30: 3.3998513 | E30: 0.055298725 | F30: 0.07665656 | G30: 3.7981135 | H30: 0.86500627 | I30: 0.0013514329 | J30: 9.1536973e-05 | K30: 0.12258342 | L30: 2.3857778 | M30: 0.1218183 | N30: 0.039431024 | O30: 0.010279413 | P30: 6.3972763e-07 | Q30: 0.0059753148 | R30: 0.0077772246 | S30: 0.0079267587 | T30: 0.0090826458
A31: Zeolite | B31: kg | C31: 0.021429327 | D31: 5.3022918 | E31: 0.39564253 | F31: 0.5346072 | G31: 34.130497 | H31: 1.3570353 | I31: 0.0019913219 | J31: 0.00025459548 | K31: 1.7594109 | L31: 8.8018491 | M31: 0.28791329 | N31: 0.1224902 | O31: 0.35255185 | P31: 2.4165618e-06 | Q31: 0.0093199077 | R31: 0.014494237 | S31: 0.01494539 | T31: 0.074318769
A32: treatment of wastewater | B32: m3 | C32: 0.0014609826 | D32: 0.48416968 | E32: 0.028523336 | F32: 0.038469008 | G32: 1.7882989 | H32: 0.085296599 | I32: 0.0018098478 | J32: 0.0054775032 | K32: 0.033453794 | L32: 3.4352602 | M32: 0.019357563 | N32: 0.0085362147 | O32: 0.0066238358 | P32: 1.9560213e-06 | Q32: 0.00069311454 | R32: 0.0011080395 | S32: 0.0011355327 | T32: 0.0029936946
A33: Wood chips | B33: kg | C33: 0.00011436373 | D33: 0.046045293 | E33: 0.0010344709 | F33: 0.0016126842 | G33: 0.46187796 | H33: 0.013898494 | I33: 1.5812466e-05 | J33: 2.5248277e-06 | K33: 0.0032028466 | L33: 0.027733469 | M33: 0.0039773039 | N33: 0.46937662 | O33: 0.00083516992 | P33: 1.704519e-08 | Q33: 5.026673e-05 | R33: 0.00020662079 | S33: 0.00022658841 | T33: 0.00021545877
A35: Mix marginal electricity | B35: kWh | C35: 0.00023508351 | D35: 0.038148844 | E35: 0.034660986 | F35: 0.042216683 | G35: 1.3651434 | H35: 0.008958928 | I35: 1.8338952e-05 | J35: 1.6910948e-06 | K35: 0.0075637345 | L35: 0.16837746 | M35: 0.00034158332 | N35: 0.06186143 | O35: 0.00037516724 | P35: 1.0453634e-07 | Q35: 9.8583004e-05 | R35: 0.00022801465 | S35: 0.00023587325 | T35: 0.00031917266 | V35: market for electricity, medium voltage | electricity, medium voltage | Consequential, S | W35: FR
A36: natural gas | B36: m3 | C36: 0.0011003539 | D36: 0.79904912 | E36: 0.015418445 | F36: 0.020428209 | G36: 1.0152727 | H36: 1.000912 | I36: 6.2801129e-05 | J36: 6.0197867e-06 | K36: 0.0048915331 | L36: 0.22271753 | M36: 0.0049837597 | N36: 0.0062650373 | O36: 0.0033415168 | P36: 2.3226268e-07 | Q36: 0.0004729226 | R36: 0.0018679671 | S36: 0.0021667208 | T36: 0.0017457175 | V36: market for natural gas, low pressure | natural gas, low pressure | Consequential, S | W36: FR
A37: Mix marginal heat | B37: MJ | C37: =(C8*0.75)+(C5*0.25) -> 0.00012546856 | D37: =(D8*0.75)+(D5*0.25) -> 0.032590486 | E37: =(E8*0.75)+(E5*0.25) -> 0.00075126064 | F37: =(F8*0.75)+(F5*0.25) -> 0.0010501143 | G37: =(G8*0.75)+(G5*0.25) -> 0.13538788 | H37: =(H8*0.75)+(H5*0.25) -> 0.0098897251 | I37: =(I8*0.75)+(I5*0.25) -> 5.386096e-06 | J37: =(J8*0.75)+(J5*0.25) -> 5.7090509e-07 | ... T37: =(T8*0.75)+(T5*0.25) -> 0.00027841612

Sheet IW+_mid
A1: Process | B1: Reference unit | C1: Climate change, long term | D1: Climate change, short term | E1: Fossil and nuclear energy use | F1: Freshwater acidification | G1: Freshwater ecotoxicity | H1: Freshwater eutrophication | I1: Human toxicity cancer | J1: Human toxicity non-cancer | K1: Ionizing radiations | L1: Land occupation, biodiversity | M1: Land transformation, biodiversity | N1: Marine eutrophication | O1: Mineral resources use | P1: Ozone layer depletion | Q1: Particulate matter formation | R1: Photochemical ozone formation | S1: Terrestrial acidification | T1: Water scarcity
A2: Electricity production | B2: kWh | C2: 0.072408957 | D2: 0.077766182 | E2: 11.719522 | F2: 0.00022652635 | G2: 46.256048 | H2: 6.8691557e-07 | I2: 1.5219182e-09 | J2: 1.1189286e-08 | K2: 60.899595 | L2: 0.0025142621 | M2: 7.2789702e-06 | N2: 7.7828785e-06 | O2: 0.0013887229 | P2: 3.4571807e-09 | Q2: 2.742029e-05 | R2: 0.0001724561 | S2: 0.00023928688 | T2: 0.12617502
A3: Water production | B3: kg | C3: 0.00029127098 | D3: 0.00031089504 | E3: 0.0058714946 | F3: 1.1675414e-06 | G3: 0.060163449 | H3: 4.0308236e-09 | I3: 8.1887647e-11 | J3: 1.7091235e-10 | K3: 0.013327372 | L3: 7.1778711e-06 | M3: 3.7834593e-08 | N3: 2.7513491e-08 | O3: 3.7734537e-05 | P3: 9.9335683e-12 | Q3: 1.77321e-07 | R3: 7.5021814e-07 | S3: 1.2208461e-06 | T3: 0.039180999
A4: Transport | B4: tkm | C4: 0.17515076 | D4: 0.18901295 | E4: 2.8591791 | F4: 0.00037710109 | G4: 22.804687 | H4: 1.6808193e-06 | I4: 3.0208623e-09 | J4: 1.3989378e-08 | K4: 0.41038718 | L4: 0.0061946383 | M4: 2.9391519e-05 | N4: 2.4391539e-05 | O4: 0.0041338418 | P4: 4.5848982e-09 | Q4: 7.3404549e-05 | R4: 0.00058131814 | S4: 0.00040860933 | T4: 0.017053654
A5: Incineration | B5: kg | C5: 0.035868396 | D5: 0.039376273 | E5: 0.27623253 | F5: 0.0001432318 | G5: 8.0631566 | H5: 8.098469e-06 | I5: 3.5203307e-09 | J5: 3.6630553e-08 | K5: 0.052618674 | L5: 0.00068132204 | M5: 5.4711384e-06 | N5: 1.8342804e-05 | O5: 0.0024425008 | P5: 1.1119887e-09 | Q5: 2.8012109e-05 | R5: 0.00025792046 | S5: 0.00015880267 | T5: 0.043388334
A6: Heat, natural gas | B6: MJ | C6: 0.070317187 | D6: 0.076822608 | E6: 1.2663162 | F6: 3.9361798e-05 | G6: 3.1726088 | H6: 3.2535142e-07 | I6: 4.8120363e-10 | J6: 1.2819641e-09 | K6: 0.13113932 | L6: 0.00013444399 | M6: 2.6057763e-06 | N6: 1.5916261e-06 | O6: 0.00058386489 | P6: 3.7071804e-09 | Q6: 4.3984362e-06 | R6: 6.1958423e-05 | S6: 4.2338425e-05 | T6: 0.0033867142
A7: Heat, fuel | B7: MJ | C7: 0.089093389 | D7: 0.095243646 | E7: 1.3193828 | F7: 0.00012454524 | G7: 5.1303917 | H7: 4.6085197e-07 | I7: 3.7527396e-10 | J7: 2.3004204e-09 | K7: 0.10357133 | L7: 0.00018432249 | M7: 6.203279e-06 | N7: 6.3239457e-06 | O7: 0.00045649308 | P7: 2.2278526e-09 | Q7: 1.2214249e-05 | R7: 9.200911e-05 | S7: 0.00012866977 | T7: 0.0025105611
A8: Heat, coal | B8: MJ | C8: 0.12522635 | D8: 0.13204942 | E8: 1.2364959 | F8: 0.00078107439 | G8: 44.123278 | H8: 1.0475557e-07 | I8: 4.8905616e-10 | J8: 9.3808288e-09 | K8: 0.23718873 | L8: 0.00080608933 | M8: 6.1237653e-06 | N8: 1.0036079e-05 | O8: 0.00022203973 | P8: 1.3046191e-10 | Q8: 0.00012979091 | R8: 0.00032253035 | S8: 0.00080269619 | T8: 0.0044888512
A9: Heat, wood chips | B9: MJ | C9: 0.015240196 | D9: 0.016806366 | E9: 0.22657283 | F9: 0.00016756882 | G9: 21.91929 | H9: 1.9031358e-06 | I9: 4.0204709e-10 | J9: 5.1720994e-09 | K9: 0.15492206 | L9: 0.023018831 | M9: 1.3446766e-05 | N9: 1.0106369e-05 | O9: 0.00032945601 | P9: 2.0115923e-10 | Q9: 0.00037064638 | R9: 0.00032323587 | S9: 0.00018879802 | T9: 0.013711808
A10: Heat,waste | B10: MJ
A11: Heat, mix | B11: MJ | C11: =(C6*Parameters!$C104)+(C7*Parameters!$C106)+(C8*Parameters!$C105)+(C9*Parameters!$C107)+(C10*Parameters!$C108) -> 0.039015743 | D11: =(D6*Parameters!$C104)+(D7*Parameters!$C106)+(D8*Parameters!$C105)+(D9*Parameters!$C107)+(D10*Parameters!$C108) -> 0.042669458 | E11: =(E6*Parameters!$C104)+(E7*Parameters!$C106)+(E8*Parameters!$C105)+(E9*Parameters!$C107)+(E10*Parameters!$C108) -> 0.68312173 | F11: =(F6*Parameters!$C104)+(F7*Parameters!$C106)+(F8*Parameters!$C105)+(F9*Parameters!$C107)+(F10*Parameters!$C108) -> 8.0465323e-05 | G11: =(G6*Parameters!$C104)+(G7*Parameters!$C106)+(G8*Parameters!$C105)+(G9*Parameters!$C107)+(G10*Parameters!$C108) -> 9.4793525 | H11: =(H6*Parameters!$C104)+(H7*Parameters!$C106)+(H8*Parameters!$C105)+(H9*Parameters!$C107)+(H10*Parameters!$C108) -> 8.4083174e-07 | I11: =(I6*Parameters!$C104)+(I7*Parameters!$C106)+(I8*Parameters!$C105)+(I9*Parameters!$C107)+(I10*Parameters!$C108) -> 3.73272e-10 | J11: =(J6*Parameters!$C104)+(J7*Parameters!$C106)+(J8*Parameters!$C105)+(J9*Parameters!$C107)+(J10*Parameters!$C108) -> 2.4889055e-09 | ... T11: =(T6*Parameters!$C104)+(T7*Parameters!$C106)+(T8*Parameters!$C105)+(T9*Parameters!$C107)+(T10*Parameters!$C108) -> 0.0065530319
A12: CH4 | B12: kg | C12: 4.7 | D12: 27
A13: Nitrogen oxides | F13: 0.39303803 | N13: 0.030091684 | Q13: 0.013734325 | R13: 1 | S13: 0.44924235
A14: Volatile organic compounds
A15: Sulfur dioxide | F15: 1 | Q15: 0.067908608 | S15: 1
A16: Particulate matter
A17: Carbon monoxide
A18: Ammonia | B18: kg | F18: 0.69488298 | N18: 0.081022659 | Q18: 0.12971307 | S18: 1.6938297
A19: sulfure oxides | B19: kg | F19: 1 | Q19: 0.067908608 | S19: 1
A20: dinitrogen monoxide | B20: kg | C20: 233 | D20: 273
A21: Nitrate | B21: kg | N21: 0.2259
A22: PM2.5 | B22: kg | Q22: 1
A23: NMOVC | B23: kg | R23: 0.18
A24: H2S
A25: (PO4)3- | B25: kg | H25: 1
A26: CO2 fossil | B26: kg | C26: 1 | D26: 1
A27: Diesel | B27: kg | C27: 0.59770927 | D27: 0.85767719 | E27: 55.794696 | F27: 0.0026083492 | G27: 169.15107 | H27: 1.7434249e-05 | I27: 1.0254786e-08 | J27: 4.9644907e-08 | K27: 2.5017708 | L27: 0.0071311727 | M27: 0.00026370908 | N27: 0.00022941581 | O27: 0.015247486 | P27: 9.4737555e-08 | Q27: 0.000264632 | R27: 0.0025957207 | S27: 0.0027067632 | T27: 0.077294773
A28: N-fertilizer | B28: kg | C28: 1.456256 | D28: 1.5776479 | E28: 23.200022 | F28: 0.0036677587 | G28: 177.08175 | H28: 1.1535059e-05 | I28: 2.2964944e-08 | J28: 1.3368544e-07 | K28: 6.6706283 | L28: 0.015947897 | M28: 0.00011821918 | N28: 0.00041436879 | O28: 0.040205712 | P28: 4.4951934e-08 | Q28: 0.00052189782 | R28: 0.0021812124 | S28: 0.0057306449 | T28: 2.3755902
A29: K-fertilizer | B29: kg | C29: 0.61805037 | D29: 0.66714793 | E29: 10.816314 | F29: 0.0021676965 | G29: 262.02237 | H29: 7.9572939e-06 | I29: 1.6209351e-08 | J29: 8.7208075e-08 | K29: 3.7587514 | L29: 0.035892222 | M29: 0.00027188196 | N29: 9.1438889e-05 | O29: 0.025066395 | P29: 2.0125932e-08 | Q29: 0.00032842289 | R29: 0.0023640736 | S29: 0.0023426144 | T29: 0.31390974
A30: P-fertilizer | B30: kg | C30: 0.36732537 | D30: 0.38986915 | E30: 6.8356119 | F30: 0.0059155354 | G30: 144.35347 | H30: 0.0009976919 | I30: 1.3075565e-08 | J30: 1.2776248e-07 | K30: 14.097874 | L30: 0.032462909 | M30: 0.0001543576 | N30: 5.1561383e-05 | O30: 0.020589049 | P30: 8.9352321e-09 | Q30: 0.0008262777 | R30: 0.00094991875 | S30: 0.0059940904 | T30: 0.92484418
A31: Peat | B31: kg | C31: 0.0086683974 | D31: 0.014284516 | E31: 10.072035 | F31: 3.0403663e-05 | G31: 1.9113469 | H31: 1.1500212e-07 | I31: 2.8297082e-10 | J31: 9.2637783e-10 | K31: 0.60957109 | L31: 0.0011477806 | M31: 2.4441321e-05 | N31: 1.6611373e-06 | O31: 0.00034705922 | P31: 1.4563025e-10 | Q31: 5.0773195e-06 | R31: 4.8072713e-05 | S31: 3.3332937e-05 | T31: 0.032008551
A32: Activated carbon | B32: kg | C32: 3.0857549 | D32: 3.3347072 | E32: 42.034753 | F32: 0.016142531 | G32: 1038.8138 | H32: 6.2920403e-06 | I32: 1.5634761e-08 | J32: 2.0512191e-07 | K32: 15.926594 | L32: 0.034861139 | M32: 0.00025353147 | N32: 0.00025242716 | O32: 0.011972181 | P32: 2.1363699e-08 | Q32: 0.0033014718 | R32: 0.0080228503 | S32: 0.016662892 | T32: 0.41818096
A33: Zeolite | B33: kg | C33: 0.021429327 | D33: 5.3022918 | E33: 0.39564253 | F33: 0.5346072 | G33: 34.130497 | H33: 1.3570353 | I33: 0.0019913219 | J33: 0.00025459548 | K33: 1.7594109 | L33: 8.8018491 | M33: 0.28791329 | N33: 0.1224902 | O33: 0.35255185 | P33: 2.4165618e-06 | Q33: 0.0093199077 | R33: 0.014494237 | S33: 0.01494539 | T33: 0.074318769
A34: treatment of wastewater | B34: m3 | C34: 0.2500609 | D34: 0.31991638 | E34: 3.7156171 | F34: 0.0008814523 | G34: 5238.474 | H34: 0.0040770634 | I34: 1.1927338e-08 | J34: 5.5823983e-07 | K34: 7.2048458 | L34: 0.0069801365 | M34: 6.42615e-05 | N34: 0.017821397 | O34: 0.011061054 | P34: 3.8331645e-09 | Q34: 0.00013379669 | R34: 0.00079131279 | S34: 0.0010923522 | T34: -0.00179614
A35: Wood chips | B35: kg | C35: 0.042287543 | D35: 0.045731952 | E35: 0.71611286 | F35: 0.00011852604 | G35: 8.5463508 | H35: 4.3943056e-05 | I35: 9.4764747e-10 | J35: 2.6733598e-09 | K35: 0.50148946 | L35: 0.38208422 | M35: 1.183259e-05 | N35: 7.3548902e-06 | O35: 0.00097323239 | P35: 1.0320038e-09 | Q35: 1.7634991e-05 | R35: 0.00021198331 | S35: 0.00012969633 | T35: 0.011705649
A37: Mix marginal electricity | B37: kWh | C37: 0.034843291 | D37: 0.037452427 | E37: 0.42365828 | F37: 0.00020482074 | G37: 46.477954 | H37: 2.5517254e-06 | I37: 2.3704003e-09 | J37: 2.7947451e-08 | K37: 0.04009457 | L37: 0.050378168 | M37: 1.6547787e-05 | N37: 1.0525329e-05 | O37: 0.0055813634 | P37: 1.2791702e-09 | Q37: 5.237299e-05 | R37: 0.00022826174 | S37: 0.00024500866 | T37: 0.013714098
A38: natural gas | B38: m3 | C38: 0.49997429 | D38: 0.73571241 | E38: 47.700352 | F38: 0.0011365277 | G38: 105.22734 | H38: 1.2948262e-06 | I38: 1.2023831e-09 | J38: 2.7325438e-08 | K38: 0.58387672 | L38: 0.0052058956 | M38: 8.9379246e-05 | N38: 4.5640501e-05 | O38: 0.026153617 | P38: 1.6139791e-07 | Q38: 0.00013116763 | R38: 0.0018685812 | S38: 0.0012242217 | T38: 0.078893247
A39: Mix marginal heat | B39: MJ | C39: =(C9*0.75)+(C6*0.25) -> 0.029009444 | D39: =(D9*0.75)+(D6*0.25) -> 0.031810427 | E39: =(E9*0.75)+(E6*0.25) -> 0.48650867 | F39: =(F9*0.75)+(F6*0.25) -> 0.00013551706 | G39: =(G9*0.75)+(G6*0.25) -> 17.232619 | H39: =(H9*0.75)+(H6*0.25) -> 1.5086897e-06 | I39: =(I9*0.75)+(I6*0.25) -> 4.2183623e-10 | J39: =(J9*0.75)+(J6*0.25) -> 4.1995656e-09 | ... T39: =(T9*0.75)+(T6*0.25) -> 0.011130534

Sheet Parameters
B1: Pretreatment
A2: Process | B2: Parameter | C2: Value | D2: Unit | F2: Source
A3: Pretreatment | B3: Electricity requirement | C3: 9.98 | D3: kWh/t | E3: Drum-screen + Shredder + Piston press
B4: Sorting efficiency for impurities | C4: 1 | D4: % of impurities sorted
B5: Sorting efficiency for biowaste | C5: 0.77 | D5: % of biowaste retained
B6: Distance between the industrial plant and the incineration plan | C6: 10 | D6: km
A7: AD | B7: Methane production | C7: =374*1000 -> 374000 | D7: L/dry-t | F7: https://catalog.data.gov/dataset/food-waste-management-life-cycle-inventory-tool-v1-0-0
B8: VS conversion | C8: 0.86 | D8: %VS initial
B9: Fugitive methane loss | C9: 0.02 | F9: https://catalog.data.gov/dataset/food-waste-management-life-cycle-inventory-tool-v1-0-1
B10: Methane volume share in biogas | C10: 0.6 | F10: https://catalog.data.gov/dataset/food-waste-management-life-cycle-inventory-tool-v1-0-2
B11: Methane density | C11: 0.72 | D11: kg/m3 | F11: https://catalog.data.gov/dataset/food-waste-management-life-cycle-inventory-tool-v1-0-3
B12: CO2 density | C12: 1.98 | D12: kg/m3
B13: biogas density | C13: =(C10*C11)+((1-C10)*C12) -> 1.224 | D13: kg/m3
B14: Electricity requirement | C14: 29 | D14: kWh/t | F14: https://catalog.data.gov/dataset/food-waste-management-life-cycle-inventory-tool-v1-0-4
B15: Heat requirement | C15: 295 | D15: MJ/t | F15: https://catalog.data.gov/dataset/food-waste-management-life-cycle-inventory-tool-v1-0-5
B16: Water requriement | C16: 0 | D16: %of total waste
A17: CHP | B17: Efficiency | F17: https://catalog.data.gov/dataset/food-waste-management-life-cycle-inventory-tool-v1-0-6
B18: Thermal | C18: 0.46 | F18: https://catalog.data.gov/dataset/food-waste-management-life-cycle-inventory-tool-v1-0-7
B19: Electric | C19: 0.39 | F19: https://catalog.data.gov/dataset/food-waste-management-life-cycle-inventory-tool-v1-0-8
B20: Methane_lhv | C20: 35 | D20: MJ/m3 | F20: https://catalog.data.gov/dataset/food-waste-management-life-cycle-inventory-tool-v1-0-9
B21: Electricity requirement | F21: https://www.sciencedirect.com/science/article/pii/S0013935122009598?casa_token=b-5UAciDODcAAAAA:iPTgJGz224xsnoQdrEctjVyXjbgpRksrTp6NPBa96VQZoPJqxyo5SRxUSGA4QFvLo7qp_-bQrQ
B22: Lubricating oil | C22: 1.54 | D22: g/m3 of biogas | F22: https://www.sciencedirect.com/science/article/pii/S0013935122009598?casa_token=b-5UAciDODcAAAAA:iPTgJGz224xsnoQdrEctjVyXjbgpRksrTp6NPBa96VQZoPJqxyo5SRxUSGA4QFvLo7qp_-bQrQ
B23: Emissions
B24: Nitrogen Oxides (NOx) | C24: 0.00016410454 | D24: kg/m3 biogas combusted | F24: https://catalog.data.gov/dataset/food-waste-management-life-cycle-inventory-tool-v1-0-0
B25: Volatile Organic Compounds (VOCs) | C25: 0.0015816552 | D25: kg/m3 biogas combusted | F25: https://catalog.data.gov/dataset/food-waste-management-life-cycle-inventory-tool-v1-0-1
B26: Sulfur Dioxide (SO2) | C26: 1.4066103e-05 | D26: kg/m3 biogas combusted | F26: https://catalog.data.gov/dataset/food-waste-management-life-cycle-inventory-tool-v1-0-2
B27: Particulate Matter (PM2.5) | C27: 3.4383808e-05 | D27: kg/m3 biogas combusted | F27: https://catalog.data.gov/dataset/food-waste-management-life-cycle-inventory-tool-v1-0-3
B28: Carbon Monoxide (CO) | C28: 0.0010682424 | D28: kg/m3 biogas combusted | F28: https://catalog.data.gov/dataset/food-waste-management-life-cycle-inventory-tool-v1-0-4
B29: Ammonia (NH3) | C29: 6.4078915e-05 | D29: kg/m3 biogas combusted | F29: https://catalog.data.gov/dataset/food-waste-management-life-cycle-inventory-tool-v1-0-5
B30: Methane (CH4) | C30: 0.0043034128 | D30: kg/m3 biogas combusted | F30: https://catalog.data.gov/dataset/food-waste-management-life-cycle-inventory-tool-v1-0-6
B31: Nitrous Oxide (N2O) | C31: 0.00010246221 | D31: kg/m3 biogas combusted | F31: https://catalog.data.gov/dataset/food-waste-management-life-cycle-inventory-tool-v1-0-7
A32: Biogas boiler
B33: Efficiency | C33: 0.825 | F33: https://pureadmin.qub.ac.uk/ws/files/135497181/Document2.pdf
B34: CO2 | C34: =L37*L$48 -> 2.009684 | D34: kg/m3 of biogas | E34: Labutong, 2012
B35: CH4 | C35: =L38*L$48 -> 2.5621469e-05 | D35: kg/m3 of biogas | E35: Labutong, 2012
B36: N2O | C36: =L39*L$48 -> 2.5621469e-05 | D36: kg/m3 of biogas | E36: Labutong, 2012
B37: Sox | C37: =L40*L$48 -> 0.00017774894 | D37: kg/m3 of biogas | E37: Labutong, 2012 | K37: CO2 | L37: =39.1+86.4 -> 125.5
B38: PM10 | C38: =L41*L$48 -> 0.00013034922 | D38: kg/m3 of biogas | E38: Labutong, 2012 | K38: CH4 | L38: 0.0016
B39: PM2.5 | C39: =L42*L$48 -> 0.00013034922 | D39: kg/m3 of biogas | E39: Labutong, 2012 | K39: N2O | L39: 0.0016
B40: Nox | C40: =L43*L$48 -> 0.0017134357 | D40: kg/m3 of biogas | E40: Labutong, 2012 | K40: Sox | L40: 0.0111
B41: NH3 | C41: =L44*L$48 -> 5.4125353e-05 | D41: kg/m3 of biogas | E41: Labutong, 2012 | K41: PM10 | L41: 0.00814
B42: CO | C42: =L45*L$48 -> 0.0014412076 | D42: kg/m3 of biogas | E42: Labutong, 2012 | K42: PM2.5 | L42: 0.00814
B43: VOC | C43: =L46*L$48 -> 8.6152189e-05 | D43: kg/m3 of biogas | E43: Labutong, 2012 | K43: Nox | L43: 0.107
B44: Electricity requirement (low voltage) | C44: 0.00272 | D44: kWh/m3 of biogas | E44: Ecoinvent | F44: heat production, biomethane, at boiler condensing modulating <100kW | heat, central or small-scale, biomethane | Cutoff, U | K44: NH3 | L44: 0.00338
K45: CO | L45: 0.09
A46: Biogas upgrading | B46: :Using Pressure Swing Adsorption technology | K46: VOC | L46: 0.00538
B47: CO2 removal rate | C47: 0.985 | D47: % volume of CO2 | F47: https://www.sciencedirect.com/science/article/pii/S0013935122009598?casa_token=b-5UAciDODcAAAAA:iPTgJGz224xsnoQdrEctjVyXjbgpRksrTp6NPBa96VQZoPJqxyo5SRxUSGA4QFvLo7qp_-bQrQ
B48: CH4 fugitive | C48: 0.018 | D48: % volume of methane | E48: Ardolino, 2021 | F48: https://www.sciencedirect.com/science/article/pii/S0013935122009598?casa_token=b-5UAciDODcAAAAA:iPTgJGz224xsnoQdrEctjVyXjbgpRksrTp6NPBa96VQZoPJqxyo5SRxUSGA4QFvLo7qp_-bQrQ | K48: 1 lb/MCF | L48: =0.4535/28.32 -> 0.016013418 | M48: kg/m3
B49: H2S | C49: 6e-06 | D49: kg/m3 of biogas | E49: Ardolino, 2021 | F49: https://www.sciencedirect.com/science/article/pii/S0013935122009598?casa_token=b-5UAciDODcAAAAA:iPTgJGz224xsnoQdrEctjVyXjbgpRksrTp6NPBa96VQZoPJqxyo5SRxUSGA4QFvLo7qp_-bQrQ
B50: Sox | C50: 6.6e-06 | D50: kg/m3 of biogas | E50: Ardolino, 2021 | F50: https://www.sciencedirect.com/science/article/pii/S0013935122009598?casa_token=b-5UAciDODcAAAAA:iPTgJGz224xsnoQdrEctjVyXjbgpRksrTp6NPBa96VQZoPJqxyo5SRxUSGA4QFvLo7qp_-bQrQ
B51: Electricity requirement | C51: 0.34 | D51: kWh/m3 of biogas | E51: Ardolino, 2021 | F51: https://www.sciencedirect.com/science/article/pii/S1364032120308728?via%3Dihub#sec2 | G51: electricty for upgrading + injection | O51: =#REF!*C11*0.001 -> #REF! | P51: kg
B52: Activated carbon | C52: 0.00089 | D52: kg/m3 of biogas | E52: Ardolino, 2021 | F52: https://www.sciencedirect.com/science/article/pii/S1364032120308728?via%3Dihub#sec2
B53: Zeolite | C53: 0.0119 | D53: kg/m3 of biogas | E53: Ardolino, 2021 | F53: https://www.sciencedirect.com/science/article/pii/S1364032120308728?via%3Dihub#sec2
A54: Electric engine
B55: Efficiency | C55: 0.35 | D55: % of fuel combusted | F55: https://catalog.data.gov/dataset/food-waste-management-life-cycle-inventory-tool-v1-0-6
B56: Nitrogen Oxides (NOx) | C56: 0.029274119 | D56: kg/m3 of biogas | F56: https://catalog.data.gov/dataset/food-waste-management-life-cycle-inventory-tool-v1-0-6
B57: Volatile Organic Compounds (VOCs) | C57: 0.0011081685 | D57: kg/m3 of biogas | F57: https://catalog.data.gov/dataset/food-waste-management-life-cycle-inventory-tool-v1-0-6 | N57: CO2 | O57: =(#REF!*(0.4/0.6))*C12*0.001 -> #REF! | P57: kg
B58: Sulfur Dioxide (SO2) | C58: 5.4300258e-06 | D58: kg/m3 of biogas | F58: https://catalog.data.gov/dataset/food-waste-management-life-cycle-inventory-tool-v1-0-6 | N58: biogaz | O58: =O57+O51 -> #REF!
B59: Particulate Matter (PM) | C59: 0.0039922695 | D59: kg/m3 of biogas | F59: https://catalog.data.gov/dataset/food-waste-management-life-cycle-inventory-tool-v1-0-6 | N59: digestat | O59: =1000-O58 -> #REF!
B60: Carbon Monoxide (CO) | C60: 0.0035646088 | D60: kg/m3 of biogas | F60: https://catalog.data.gov/dataset/food-waste-management-life-cycle-inventory-tool-v1-0-6
B61: Methane (CH4) | C61: 0.01339037 | D61: kg/m3 of biogas | F61: https://catalog.data.gov/dataset/food-waste-management-life-cycle-inventory-tool-v1-0-6
B62: Electricity requirement
A65: Production of digestate
B66: Mass of digestate | C66: =(Waste_characteristics!B3*C5)+(C5*C16*Waste_characteristics!B2)-((Waste_characteristics!B3*C5)*(1-Waste_characteristics!B4)*Parameters!C7*Parameters!C11*0.000001)-((Waste_characteristics!B3*C5)*(1-Waste_characteristics!B4)*Parameters!C7*((1-C10)/C10)*C12*0.000001) -> 0.5558219 | D66: t | F66: calculated (mass balance)
B67: Moisture content of digestate | C67: =(Waste_characteristics!B3*Waste_characteristics!B4*C5)+(((Waste_characteristics!B3*C5)+(Waste_characteristics!B7*(1-Parameters!C4)))*Parameters!C16) -> 0.48928004 | D67: t | G67: C(T) | H67: =(-0.000001877*(298^2))+(0.001097*298)-0.156 -> 0.004220892
B68: Total solid of digestate | C68: =C66-C67 -> 0.066541858 | D68: t
B69: VS in digestate | C69: =Waste_characteristics!B6*(1-Parameters!C8) -> 0.049235126 | D69: t
B70: Density of liquid digestate | C70: =998*(1-(H67*C83))^-1 -> 998.8643 | D70: kg/m3
A71: Storage
B72: Volatile Solids Destruction, Storage | C72: 0.1 | D72: %of VS in digestate
B73: Volatile Solids Destruction, Storage | C73: =Waste_characteristics!B6*(1-Parameters!C8)*Parameters!C72 -> 0.0049235126 | D73: t VS | F73: mass of biogas produced during storage
B74: Methane emitted | C74: =(C73/C13)*C10*C11 -> 0.0017377103 | D74: t
A76: Land application of digestate
B77: Mass of digestate after storage | C77: =C66-C74 -> 0.55408419
B78: N2O | C78: 0.013 | D78: kgN-N2O/kgN applied | F78: https://www.sciencedirect.com/science/article/pii/S0964830514002029?casa_token=CuYe3ZTSPycAAAAA:rRl8EoKYwznoEuX0VuPF32xCFrhHD9S8o6J9Rem4dyM93P7UKc0KSdNufZkaSkLN-jqlbWcV0A
B79: NH3 | C79: 0.4 | D79: kgN-NH3/kgN applied | F79: https://www.sciencedirect.com/science/article/pii/S0269749116318681?casa_token=rEHlW1O-mdgAAAAA:ajVYtblqpRrvAmnneRiCuHYjbAf28QtOFIZvNqxyyT-5bQeD04vvZbKV7yYKKyCFgeWfW8dgUQ#sec3
B80: NO3 | C80: 0.15 | D80: kgN-NO3-/kgN applied | E80: Fiona, 2017 | F80: https://pure.bangor.ac.uk/ws/portalfiles/portal/18797936/Nicholson_et_al_2017_pre_print.pdf
A81: Digestate dewatering
B82: Dewatering, solids capture | C82: 0.915 | D82: % of TS
B83: Dewatering, solids concentration | C83: 0.205 | D83: % of wet mass
B84: Electricity, Digestate Dewatering | C84: 0.0036315143 | D84: kWh/kg digestate
B85: Nitrogen, partitioning to water | C85: 0.547 | D85: % of N
B86: Phosphorus, partitioning to water | C86: 0.364 | D86: % of P
B87: Potassium, partitioning to water | C87: 0.8462 | D87: % of K
B88: Carbon, partitioning to water | C88: 0.348 | D88: % of C
A89: Digestate composting
B90: Carbon degraded during composting | C90: 0.58 | D90: % of feedstock carbon
B91: Compost emission, methane | C91: 0.00986 | D91: % of incoming C
B92: Compost emission, nitrous oxide | C92: 0.0095 | D92: % of incoming N
B93: Compost emission, ammonia | C93: 0.04 | D93: % of incoming N
B94: Compost emission, NMVOC | C94: 0.104 | D94: kg NMVOC/Mg FW
B95: Compost emission, carbon monoxide | C95: 0.0004 | D95: % of incoming C
B96: Mass loss | C96: 0.48 | D96: % of incoming feedstock mass
B97: Electricity, windrow | C97: 10.523343 | D97: kWh/Mg digestate
B98: Diesel, windrow | C98: 1.7990406 | D98: liters/Mg digestate
B99: Density of diesel | C99: 0.84 | D99: kg/l
A100: Land application of compost from digestate
A104: Mix of heat | B104: - Gaz naturel | C104: 0.47101295
B105: - Charbon | C105: =0.00385440116849596*(2/5) -> 0.0015417605 | E105: https://www.statistiques.developpement-durable.gouv.fr/edition-numerique/chiffres-cles-energie/17-reseaux-de-chaleur
B106: Petrole | C106: =0.00385440116849596*(3/5) -> 0.0023126407 | E106: https://www.statistiques.developpement-durable.gouv.fr/edition-numerique/chiffres-cles-energie/17-reseaux-de-chaleur
...

Sheet IC_end
A1: Process | C1: ecosystem quality - acidification: terrestrial | D1: ecosystem quality - climate change: freshwater ecosystems | E1: ecosystem quality - climate change: terrestrial ecosystems | F1: ecosystem quality - ecotoxicity: freshwater | G1: ecosystem quality - ecotoxicity: marine | H1: ecosystem quality - ecotoxicity: terrestrial | I1: ecosystem quality - eutrophication: freshwater | J1: ecosystem quality - eutrophication: marine | K1: ecosystem quality - land use | L1: ecosystem quality - photochemical oxidant formation: terrestrial ecosystems | M1: ecosystem quality - water use: aquatic ecosystems | N1: ecosystem quality - water use: terrestrial ecosystems | O1: human health - climate change: human health | P1: human health - human toxicity: carcinogenic | Q1: human health - human toxicity: non-carcinogenic | R1: human health - ionising radiation | S1: human health - ozone depletion | T1: human health - particulate matter formation | U1: human health - photochemical oxidant formation: human health | V1: human health - water use: human health | W1: natural resources - energy resources: non-renewable, fossil | X1: natural resources - material resources: metals/minerals | Y1: total: ecosystem quality - ecosystem quality | Z1: total: human health - human health | AA1: total: natural resources - natural resources
A2: Pretreatment
B3: Electricity consumption | C3: =LCI!$E102*impact_process_end!C2 -> 1.914607e-10 | D3: =LCI!$E102*impact_process_end!D2 -> 6.061747e-14 | E3: =LCI!$E102*impact_process_end!E2 -> 2.2193169e-09 | F3: =LCI!$E102*impact_process_end!F2 -> 4.2836724e-11 | G3: =LCI!$E102*impact_process_end!G2 -> 8.2374885e-12 | H3: =LCI!$E102*impact_process_end!H2 -> 6.4653075e-11 | I3: =LCI!$E102*impact_process_end!I2 -> 1.0255522e-10 | J3: =LCI!$E102*impact_process_end!J2 -> 1.9615448e-13 | ... AA3: =LCI!$E102*impact_process_end!AA2 -> 0.085736248
B4: Water consumption | C4: =LCI!E$103*impact_process_end!C3 -> 0 | D4: =LCI!F$103*impact_process_end!D3 -> 0 | E4: =LCI!G$103*impact_process_end!E3 -> 0 | F4: =LCI!H$103*impact_process_end!F3 -> 0 | G4: =LCI!I$103*impact_process_end!G3 -> 0 | H4: =LCI!J$103*impact_process_end!H3 -> 0 | I4: =LCI!K$103*impact_process_end!I3 -> 0 | J4: =LCI!L$103*impact_process_end!J3 -> 0 | ... AA4: =LCI!AC$103*impact_process_end!AA3 -> 0
A5: Incineration
B6: Incineration | C6: =LCI!$E105*impact_process_end!C4 -> 6.6491493e-09 | D6: =LCI!$E105*impact_process_end!D4 -> 7.2104551e-13 | E6: =LCI!$E105*impact_process_end!E4 -> 2.6389925e-08 | F6: =LCI!$E105*impact_process_end!F4 -> 1.0807282e-09 | G6: =LCI!$E105*impact_process_end!G4 -> 2.1919201e-10 | H6: =LCI!$E105*impact_process_end!H4 -> 2.4572038e-10 | I6: =LCI!$E105*impact_process_end!I4 -> 7.4986254e-09 | J6: =LCI!$E105*impact_process_end!J4 -> 4.7223915e-12 | ... AA6: =LCI!$E105*impact_process_end!AA4 -> 0.50234627
A7: C/N correction
B8: Wood chips consumption | C8: =LCI!$E108*impact_process_end!C33 -> 2.3333217e-09 | D8: =LCI!$E108*impact_process_end!D33 -> 3.3901888e-13 | E8: =LCI!$E108*impact_process_end!E33 -> 1.2413386e-08 | F8: =LCI!$E108*impact_process_end!F33 -> 6.8954149e-11 | G8: =LCI!$E108*impact_process_end!G33 -> 1.6310775e-11 | H8: =LCI!$E108*impact_process_end!H33 -> 5.0683597e-10 | I8: =LCI!$E108*impact_process_end!I33 -> 1.0201073e-09 | J8: =LCI!$E108*impact_process_end!J33 -> 4.1316072e-13 | ... AA8: =LCI!$E108*impact_process_end!AA33 -> 0.55647954
A9: Active composting
B10: CH4direct | C10: =LCI!$E112*impact_process_end!C11 -> 0 | D10: =LCI!$E112*impact_process_end!D11 -> 3.6664628e-13 | E10: =LCI!$E112*impact_process_end!E11 -> 1.3424895e-08 | F10: =LCI!$E112*impact_process_end!F11 -> 0 | G10: =LCI!$E112*impact_process_end!G11 -> 0 | H10: =LCI!$E112*impact_process_end!H11 -> 0 | I10: =LCI!$E112*impact_process_end!I11 -> 0 | J10: =LCI!$E112*impact_process_end!J11 -> 0 | ... AA10: =LCI!$E112*impact_process_end!AA11 -> 0
B11: NH3direct | C11: =LCI!$E113*impact_process_end!C17 -> 8.0393914e-08 | D11: =LCI!$E113*impact_process_end!D17 -> 0 | E11: =LCI!$E113*impact_process_end!E17 -> 0 | F11: =LCI!$E113*impact_process_end!F17 -> 0 | G11: =LCI!$E113*impact_process_end!G17 -> 0 | H11: =LCI!$E113*impact_process_end!H17 -> 0 | I11: =LCI!$E113*impact_process_end!I17 -> 0 | J11: =LCI!$E113*impact_process_end!J17 -> 0 | ... AA11: =LCI!$E113*impact_process_end!AA17 -> 0
B12: N2Odirect | C12: =LCI!$E114*impact_process_end!C19 -> 0 | D12: =LCI!$E114*impact_process_end!D19 -> 1.370158e-12 | E12: =LCI!$E114*impact_process_end!E19 -> 5.0118938e-08 | F12: =LCI!$E114*impact_process_end!F19 -> 0 | G12: =LCI!$E114*impact_process_end!G19 -> 0 | H12: =LCI!$E114*impact_process_end!H19 -> 0 | I12: =LCI!$E114*impact_process_end!I19 -> 0 | J12: =LCI!$E114*impact_process_end!J19 -> 0 | ... AA12: =LCI!$E114*impact_process_end!AA19 -> 0
B13: Electricity consumption | C13: =LCI!$E116*impact_process_end!C2 -> 1.3294816e-10 | D13: =LCI!$E116*impact_process_end!D2 -> 4.2092091e-14 | E13: =LCI!$E116*impact_process_end!E2 -> 1.5410687e-09 | F13: =LCI!$E116*impact_process_end!F2 -> 2.974534e-11 | G13: =LCI!$E116*impact_process_end!G2 -> 5.7200196e-12 | H13: =LCI!$E116*impact_process_end!H2 -> 4.489437e-11 | I13: =LCI!$E116*impact_process_end!I2 -> 7.1213196e-11 | J13: =LCI!$E116*impact_process_end!J2 -> 1.3620747e-13 | ... AA13: =LCI!$E116*impact_process_end!AA2 -> 0.059534288
A14: Substitution
B15: Market of peat
B16: Market of Nfertilizer
B17: Market of Pfertilizer
B18: Market of Kfertilizer
A19: Use-on-land
B20: N2Onet from use-on-land
B21: NO3net from use-on-land
B22: NH3net from use on-land
B23: (PO4)3-net from use-on-land
B24: CO2net from use-on-land

Sheet AD_a_mid
A1: Process | C1: acidification: terrestrial - terrestrial acidification potential (TAP) | D1: climate change - global warming potential (GWP100) | E1: ecotoxicity: freshwater - freshwater ecotoxicity potential (FETP) | F1: ecotoxicity: marine - marine ecotoxicity potential (METP) | G1: ecotoxicity: terrestrial - terrestrial ecotoxicity potential (TETP) | H1: energy resources: non-renewable, fossil - fossil fuel potential (FFP) | I1: eutrophication: freshwater - freshwater eutrophication potential (FEP) | J1: eutrophication: marine - marine eutrophication potential (MEP) | K1: human toxicity: carcinogenic - human toxicity potential (HTPc) | L1: human toxicity: non-carcinogenic - human toxicity potential (HTPnc) | M1: ionising radiation - ionising radiation potential (IRP) | N1: land use - agricultural land occupation (LOP) | O1: material resources: metals/minerals - surplus ore potential (SOP) | P1: ozone depletion - ozone depletion potential (ODPinfinite) | Q1: particulate matter formation - particulate matter formation potential (PMFP) | R1: photochemical oxidant formation: human health - photochemical oxidant formation potential: humans (HOFP) | S1: photochemical oxidant formation: terrestrial ecosystems - photochemical oxidant formation potential: ecosystems (EOFP) | T1: water use - water consumption potential (WCP)
A2: Pretreatment
B3: Electricity consumption | C3: =LCI!$E4*impact_process_mid!C2 -> 0.00090312822 | D3: =LCI!$E4*impact_process_mid!D2 -> 0.79247376 | E3: =LCI!$E4*impact_process_mid!E2 -> 0.061910243 | F3: =LCI!$E4*impact_process_mid!F2 -> 0.078345671 | G3: =LCI!$E4*impact_process_mid!G2 -> 5.6623345 | H3: =LCI!$E4*impact_process_mid!H2 -> 0.2432694 | I3: =LCI!$E4*impact_process_mid!I2 -> 0.00015313457 | J3: =LCI!$E4*impact_process_mid!J2 -> 0.0001154348 | ... T3: =LCI!$E4*impact_process_mid!T2 -> 0.03128965
B4: Water consumption | C4: =LCI!$E5*impact_process_mid!C3 -> 0 | D4: =LCI!$E5*impact_process_mid!D3 -> 0 | E4: =LCI!$E5*impact_process_mid!E3 -> 0 | F4: =LCI!$E5*impact_process_mid!F3 -> 0 | G4: =LCI!$E5*impact_process_mid!G3 -> 0 | H4: =LCI!$E5*impact_process_mid!H3 -> 0 | I4: =LCI!$E5*impact_process_mid!I3 -> 0 | J4: =LCI!$E5*impact_process_mid!J3 -> 0 | ... T4: =LCI!$E5*impact_process_mid!T3 -> 0
A5: Incineration
B6: Incineration | C6: =LCI!$E7*impact_process_mid!C4 -> 0.031368688 | D6: =LCI!$E7*impact_process_mid!D4 -> 9.4255904 | E6: =LCI!$E7*impact_process_mid!E4 -> 1.5611552 | F6: =LCI!$E7*impact_process_mid!F4 -> 2.0858238 | G6: =LCI!$E7*impact_process_mid!G4 -> 21.548877 | H6: =LCI!$E7*impact_process_mid!H4 -> 1.3294787 | I6: =LCI!$E7*impact_process_mid!I4 -> 0.011197026 | J6: =LCI!$E7*impact_process_mid!J4 -> 0.0027794864 | ... T6: =LCI!$E7*impact_process_mid!T4 -> 0.41857403
A7: AD
B8: Electricity consumption | C8: =LCI!$E10*impact_process_mid!C2 -> 0.0020207268 | D8: =LCI!$E10*impact_process_mid!D2 -> 1.7731402 | E8: =LCI!$E10*impact_process_mid!E2 -> 0.13852262 | F8: =LCI!$E10*impact_process_mid!F2 -> 0.17529648 | G8: =LCI!$E10*impact_process_mid!G2 -> 12.669332 | H8: =LCI!$E10*impact_process_mid!H2 -> 0.54430919 | I8: =LCI!$E10*impact_process_mid!I2 -> 0.00034263476 | J8: =LCI!$E10*impact_process_mid!J2 -> 0.00025828246 | ... T8: =LCI!$E10*impact_process_mid!T2 -> 0.070009808
B9: Heat consumption | C9: =LCI!$E11*impact_process_mid!C10 -> 0.016095803 | D9: =LCI!$E11*impact_process_mid!D10 -> 9.8941121 | E9: =LCI!$E11*impact_process_mid!E10 -> 0.1282029 | F9: =LCI!$E11*impact_process_mid!F10 -> 0.17567428 | G9: =LCI!$E11*impact_process_mid!G10 -> 18.109139 | H9: =LCI!$E11*impact_process_mid!H10 -> 3.1888255 | I9: =LCI!$E11*impact_process_mid!I10 -> 0.00081611954 | J9: =LCI!$E11*impact_process_mid!J10 -> 8.6770922e-05 | ... T9: =LCI!$E11*impact_process_mid!T10 -> 0.035388381
B10: Fugitive methane | C10: =LCI!$E12*impact_process_mid!C11 -> 0 | D10: =LCI!$E12*impact_process_mid!D11 -> 51.402743 | E10: =LCI!$E12*impact_process_mid!E11 -> 0 | F10: =LCI!$E12*impact_process_mid!F11 -> 0 | G10: =LCI!$E12*impact_process_mid!G11 -> 0 | H10: =LCI!$E12*impact_process_mid!H11 -> 0 | I10: =LCI!$E12*impact_process_mid!I11 -> 0 | J10: =LCI!$E12*impact_process_mid!J11 -> 0 | ... T10: =LCI!$E12*impact_process_mid!T11 -> 0
A11: CHP
B12: Nitrogen oxides | C12: =LCI!$E15*impact_process_mid!C12 -> 0.013218611 | D12: =LCI!$E15*impact_process_mid!D12 -> 0 | E12: =LCI!$E15*impact_process_mid!E12 -> 0 | F12: =LCI!$E15*impact_process_mid!F12 -> 0 | G12: =LCI!$E15*impact_process_mid!G12 -> 0 | H12: =LCI!$E15*impact_process_mid!H12 -> 0 | I12: =LCI!$E15*impact_process_mid!I12 -> 0 | J12: =LCI!$E15*impact_process_mid!J12 -> 0 | ... T12: =LCI!$E15*impact_process_mid!T12 -> 0
B13: Volatile organic compounds | C13: =LCI!$E16*impact_process_mid!C13 -> 0 | D13: =LCI!$E16*impact_process_mid!D13 -> 0 | E13: =LCI!$E16*impact_process_mid!E13 -> 0 | F13: =LCI!$E16*impact_process_mid!F13 -> 0 | G13: =LCI!$E16*impact_process_mid!G13 -> 0 | H13: =LCI!$E16*impact_process_mid!H13 -> 0 | I13: =LCI!$E16*impact_process_mid!I13 -> 0 | J13: =LCI!$E16*impact_process_mid!J13 -> 0 | ... T13: =LCI!$E16*impact_process_mid!T13 -> 0
B14: Sulfur dioxide | C14: =LCI!$E17*impact_process_mid!C14 -> 0.0031472884 | D14: =LCI!$E17*impact_process_mid!D14 -> 0 | E14: =LCI!$E17*impact_process_mid!E14 -> 0 | F14: =LCI!$E17*impact_process_mid!F14 -> 0 | G14: =LCI!$E17*impact_process_mid!G14 -> 0 | H14: =LCI!$E17*impact_process_mid!H14 -> 0 | I14: =LCI!$E17*impact_process_mid!I14 -> 0 | J14: =LCI!$E17*impact_process_mid!J14 -> 0 | ... T14: =LCI!$E17*impact_process_mid!T14 -> 0
B15: Particulate matter | C15: =LCI!$E18*impact_process_mid!C21 -> 0 | D15: =LCI!$E18*impact_process_mid!D21 -> 0 | E15: =LCI!$E18*impact_process_mid!E21 -> 0 | F15: =LCI!$E18*impact_process_mid!F21 -> 0 | G15: =LCI!$E18*impact_process_mid!G21 -> 0 | H15: =LCI!$E18*impact_process_mid!H21 -> 0 | I15: =LCI!$E18*impact_process_mid!I21 -> 0 | J15: =LCI!$E18*impact_process_mid!J21 -> 0 | ... T15: =LCI!$E18*impact_process_mid!T21 -> 0
B16: Carbon monoxide | C16: =LCI!$E19*impact_process_mid!C16 -> 0 | D16: =LCI!$E19*impact_process_mid!D16 -> 0 | E16: =LCI!$E19*impact_process_mid!E16 -> 0 | F16: =LCI!$E19*impact_process_mid!F16 -> 0 | G16: =LCI!$E19*impact_process_mid!G16 -> 0 | H16: =LCI!$E19*impact_process_mid!H16 -> 0 | I16: =LCI!$E19*impact_process_mid!I16 -> 0 | J16: =LCI!$E19*impact_process_mid!J16 -> 0 | ... T16: =LCI!$E19*impact_process_mid!T16 -> 0
B17: Ammonia | C17: =LCI!$E20*impact_process_mid!C17 -> 0.028101789 | D17: =LCI!$E20*impact_process_mid!D17 -> 0 | E17: =LCI!$E20*impact_process_mid!E17 -> 0 | F17: =LCI!$E20*impact_process_mid!F17 -> 0 | G17: =LCI!$E20*impact_process_mid!G17 -> 0 | H17: =LCI!$E20*impact_process_mid!H17 -> 0 | I17: =LCI!$E20*impact_process_mid!I17 -> 0 | J17: =LCI!$E20*impact_process_mid!J17 -> 0 | ... T17: =LCI!$E20*impact_process_mid!T17 -> 0
B18: Methane | C18: =LCI!$E21*impact_process_mid!C11 -> 0 | D18: =LCI!$E21*impact_process_mid!D11 -> 32.738191 | E18: =LCI!$E21*impact_process_mid!E11 -> 0 | F18: =LCI!$E21*impact_process_mid!F11 -> 0 | G18: =LCI!$E21*impact_process_mid!G11 -> 0 | H18: =LCI!$E21*impact_process_mid!H11 -> 0 | I18: =LCI!$E21*impact_process_mid!I11 -> 0 | J18: =LCI!$E21*impact_process_mid!J11 -> 0 | ... T18: =LCI!$E21*impact_process_mid!T11 -> 0
B19: Nitrous oxide | C19: =LCI!$E22*impact_process_mid!C19 -> 0 | D19: =LCI!$E22*impact_process_mid!D19 -> 6.8319193 | E19: =LCI!$E22*impact_process_mid!E19 -> 0 | F19: =LCI!$E22*impact_process_mid!F19 -> 0 | G19: =LCI!$E22*impact_process_mid!G19 -> 0 | H19: =LCI!$E22*impact_process_mid!H19 -> 0 | I19: =LCI!$E22*impact_process_mid!I19 -> 0 | J19: =LCI!$E22*impact_process_mid!J19 -> 0 | ... T19: =LCI!$E22*impact_process_mid!T19 -> 0
A20: Total AD-a
B21: Total AD-a | C21: =SUM(C3:C4,C6,C8:C10,C12:C19) -> 0.094856035 | D21: =SUM(D3:D4,D6,D8:D10,D12:D19) -> 112.85817 | E21: =SUM(E3:E4,E6,E8:E10,E12:E19) -> 1.889791 | F21: =SUM(F3:F4,F6,F8:F10,F12:F19) -> 2.5151402 | G21: =SUM(G3:G4,G6,G8:G10,G12:G19) -> 57.989682 | H21: =SUM(H3:H4,H6,H8:H10,H12:H19) -> 5.3058828 | I21: =SUM(I3:I4,I6,I8:I10,I12:I19) -> 0.012508915 | J21: =SUM(J3:J4,J6,J8:J10,J12:J19) -> 0.0032399746 | ... T21: =SUM(T3:T4,T6,T8:T10,T12:T19) -> 0.55526187
A23: Biogas boiler
B24: CO2
B25: CH4 | C25: =LCI!$E29*impact_process_mid!C11 -> 0 | D25: =LCI!$E29*impact_process_mid!D11 -> 0.19491519 | E25: =LCI!$E29*impact_process_mid!E11 -> 0 | F25: =LCI!$E29*impact_process_mid!F11 -> 0 | G25: =LCI!$E29*impact_process_mid!G11 -> 0 | H25: =LCI!$E29*impact_process_mid!H11 -> 0 | I25: =LCI!$E29*impact_process_mid!I11 -> 0 | J25: =LCI!$E29*impact_process_mid!J11 -> 0 | ... T25: =LCI!$E29*impact_process_mid!T11 -> 0
B26: N2O | C26: =LCI!$E30*impact_process_mid!C19 -> 0 | D26: =LCI!$E30*impact_process_mid!D19 -> 1.7083743 | E26: =LCI!$E30*impact_process_mid!E19 -> 0 | F26: =LCI!$E30*impact_process_mid!F19 -> 0 | G26: =LCI!$E30*impact_process_mid!G19 -> 0 | H26: =LCI!$E30*impact_process_mid!H19 -> 0 | I26: =LCI!$E30*impact_process_mid!I19 -> 0 | J26: =LCI!$E30*impact_process_mid!J19 -> 0 | ... T26: =LCI!$E30*impact_process_mid!T19 -> 0
B27: Sox | C27: =LCI!$E31*impact_process_mid!C18 -> 0.039771298 | D27: =LCI!$E31*impact_process_mid!D18 -> 0 | E27: =LCI!$E31*impact_process_mid!E18 -> 0 | F27: =LCI!$E31*impact_process_mid!F18 -> 0 | G27: =LCI!$E31*impact_process_mid!G18 -> 0 | H27: =LCI!$E31*impact_process_mid!H18 -> 0 | I27: =LCI!$E31*impact_process_mid!I18 -> 0 | J27: =LCI!$E31*impact_process_mid!J18 -> 0 | ... T27: =LCI!$E31*impact_process_mid!T18 -> 0
B28: PM10 | C28: =LCI!$E32*impact_process_mid!C15 -> 0 | D28: =LCI!$E32*impact_process_mid!D15 -> 0 | E28: =LCI!$E32*impact_process_mid!E15 -> 0 | F28: =LCI!$E32*impact_process_mid!F15 -> 0 | G28: =LCI!$E32*impact_process_mid!G15 -> 0 | H28: =LCI!$E32*impact_process_mid!H15 -> 0 | I28: =LCI!$E32*impact_process_mid!I15 -> 0 | J28: =LCI!$E32*impact_process_mid!J15 -> 0 | ... T28: =LCI!$E32*impact_process_mid!T15 -> 0
B29: PM2.5 | C29: =LCI!$E33*impact_process_mid!C21 -> 0 | D29: =LCI!$E33*impact_process_mid!D21 -> 0 | E29: =LCI!$E33*impact_process_mid!E21 -> 0 | F29: =LCI!$E33*impact_process_mid!F21 -> 0 | G29: =LCI!$E33*impact_process_mid!G21 -> 0 | H29: =LCI!$E33*impact_process_mid!H21 -> 0 | I29: =LCI!$E33*impact_process_mid!I21 -> 0 | J29: =LCI!$E33*impact_process_mid!J21 -> 0 | ... T29: =LCI!$E33*impact_process_mid!T21 -> 0
