Workbook

Sheet midpoint
A1: RECIPE MIDPOINT H
A2: Impact category | B2: Reference unit | C2: Normalization factor per person in 2010
A3: acidification: terrestrial - terrestrial acidification potential (TAP) | B3: kg SO2-Eq | C3: 40.980515
A4: climate change - global warming potential (GWP100) | B4: kg CO2-Eq | C4: 7990.4077
A5: ecotoxicity: freshwater - freshwater ecotoxicity potential (FETP) | B5: kg 1,4-DCB-Eq | C5: 25.174703
A6: ecotoxicity: marine - marine ecotoxicity potential (METP) | B6: kg 1,4-DCB-Eq | C6: 43.442842
A7: ecotoxicity: terrestrial - terrestrial ecotoxicity potential (TETP) | B7: kg 1,4-DCB-Eq | C7: 15200.311
A8: energy resources: non-renewable, fossil - fossil fuel potential (FFP) | B8: kg oil-Eq | C8: 980.39216
A9: eutrophication: freshwater - freshwater eutrophication potential (FEP) | B9: kg P-Eq | C9: 0.64988836
A10: eutrophication: marine - marine eutrophication potential (MEP) | B10: kg N-Eq | C10: 4.6177856
A11: human toxicity: carcinogenic - human toxicity potential (HTPc) | B11: kg 1,4-DCB-Eq | C11: 10.298306
A12: human toxicity: non-carcinogenic - human toxicity potential (HTPnc) | B12: kg 1,4-DCB-Eq | C12: 31251.842
A13: ionising radiation - ionising radiation potential (IRP) | B13: kBq Co-60-Eq | C13: 479.91735
A14: land use - agricultural land occupation (LOP) | B14: m2*a crop-Eq | C14: 6167.4823
... A20: water use - water consumption potential (WCP) | B20: m3 | C20: 266.63926

Sheet endpoint
A2: Human health | B2: Unit
A3: Global Warming - Human health | B3: DALY per person in 2010 | C3: 0.0074150983
A4: Stratospheric ozone depletion - Human health | B4: DALY per person in 2010 | C4: 3.1865313e-05
A5: Ionzing Radiation - Human health | B5: DALY per person in 2010 | C5: 4.0792975e-06
A6: Fine particulate matter formation - Human health | B6: DALY per person in 2010 | C6: 0.01609484
A7: Photochemical ozone formation - Human health | B7: DALY per person in 2010 | C7: 1.8022734e-05
A8: Toxicity - Human health (cancer) | B8: DALY per person in 2010 | C8: 3.4190377e-05
A9: Toxicity - Human health (non-cancer) | B9: DALY per person in 2010 | C9: 0.00020782475
A10: Water consumption - human health | B10: DALY per person in 2010 | C10: 0.00019602787
A12: Terrestrial ecosystems
A13: Global Warming - Terrestrial ecosystems | B13: Species.year per person in 2010 | C13: 2.2373141e-05
A14: Photochemical ozone formation - Terrestrial ecosystems | B14: Species.year per person in 2010 | C14: 2.2387618e-06
A15: Acidification - Terrestrial ecosystems | B15: Species.year per person in 2010 | C15: 8.4198919e-06
A16: Toxicity - Terrestrial ecosystems | B16: Species.year per person in 2010 | C16: 0.00081881388
A17: Water consumption - terrestrial ecosystems | B17: Species.year per person in 2010 | C17: 3.484367e-06
A18: Land use - occupation | B18: Species.year per person in 2010 | C18: 0.00062336286
A20: Freshwater ecosystems
A21: Global Warming - Freshwater ecosystems | B21: Species.year per person in 2010 | C21: 6.1126619e-10
A22: Eutrophication - Freshwater ecosystems | B22: Species.year per person in 2010 | C22: 4.8963522e-07
A23: Toxicity - Freshwater ecosystems | B23: Species.year per person in 2010 | C23: 1.7496419e-08
A24: Water consumption -aquatic ecosystems | B24: Species.year per person in 2010 | C24: 6.157106e-10
A26: Marine ecosystems
A27: Toxicity - Marine ecosystems | B27: Species.year per person in 2010 | C27: 4.5614984e-09
A28: Eutrophication - marine ecosystems | B28: Species.year per person in 2011 | C28: 6.1234351e-09
A30: Resources
A31: Mineral resource scarcity | B31: USD2013 per person in 2010 | C31: 27741.958
A32: Fossil resource scarcity | B32: USD2013 per person in 2010 | C32: 291.35214

Sheet impact_mid
C2: Transport of waste by lorry (per tkm) | D2: HC (per kg of waste) | E2: CC (per kg of waste) | F2: IC (per kg of waste) | G2: AD-a ((per t of waste) | H2: AD-b (per kg of waste) | I2: Transport of compost from HC(per tkm) | J2: Transport of compost from CC(per tkm) | K2: Transport of compost from IC(per tkm) | L2: Transport of digestate (per tkm) | M2: Transport of heat (per kWh) | N2: Transport of electricity (per kWh) | O2: Market of N-fertilizer | P2: Market of P-fertilizer | Q2: Market of K-fertilizer | R2: Market of peat | S2: Production of electricity | T2: Production of heat
A3: acidification: terrestrial - terrestrial acidification potential (TAP) | B3: kg SO2-Eq | C3: 0.00043145163 | D3: 0.0001363856 | G3: =[1]AD_a_mid!$C$21 -> 0.059240091
A4: climate change - global warming potential (GWP100) | B4: kg CO2-Eq | C4: 0.23956961 | D4: 0.040980828 | G4: =[1]AD_a_mid!$D$21 -> 98.180762
A5: ecotoxicity: freshwater - freshwater ecotoxicity potential (FETP) | B5: kg 1,4-DCB-Eq | C5: 0.0053844127 | D5: 0.0067876314 | G5: =[1]AD_a_mid!$E$21 -> 0.46426197
A6: ecotoxicity: marine - marine ecotoxicity potential (METP) | B6: kg 1,4-DCB-Eq | C6: 0.0093928237 | D6: 0.0090687992 | G6: =[1]AD_a_mid!$F$21 -> 0.60496126
A7: ecotoxicity: terrestrial - terrestrial ecotoxicity potential (TETP) | B7: kg 1,4-DCB-Eq | C7: 3.8430239 | D7: 0.093690771 | G7: =[1]AD_a_mid!$G$21 -> 50.752035
A8: energy resources: non-renewable, fossil - fossil fuel potential (FFP) | B8: kg oil-Eq | C8: 0.074670616 | D8: 0.0057803422 | G8: =[1]AD_a_mid!$H$21 -> 5.311365
A9: eutrophication: freshwater - freshwater eutrophication potential (FEP) | B9: kg P-Eq | C9: 1.6173252e-05 | D9: 4.8682721e-05 | G9: =[1]AD_a_mid!$I$21 -> 0.0017964145
A10: eutrophication: marine - marine eutrophication potential (MEP) | B10: kg N-Eq | C10: 6.6164617e-06 | D10: 1.2084724e-05 | G10: =[1]AD_a_mid!$J$21 -> 0.00066788692
A11: human toxicity: carcinogenic - human toxicity potential (HTPc) | B11: kg 1,4-DCB-Eq | C11: 0.011362753 | D11: 0.010550695 | G11: =[1]AD_a_mid!$K$21 -> 0.65722134
A12: human toxicity: non-carcinogenic - human toxicity potential (HTPnc) | B12: kg 1,4-DCB-Eq | C12: 0.16878474 | D12: 0.30316586 | G12: =[1]AD_a_mid!$L$21 -> 11.892521
A13: ionising radiation - ionising radiation potential (IRP) | B13: kBq Co-60-Eq | C13: 0.0046615411 | D13: 0.00038257425 | G13: =[1]AD_a_mid!$M$21 -> 26.667639
A14: land use - agricultural land occupation (LOP) | B14: m2*a crop-Eq | C14: 0.0076774497 | D14: 0.00079287043 | G14: =[1]AD_a_mid!$N$21 -> 3.159154
A15: material resources: metals/minerals - surplus ore potential (SOP) | B15: kg Cu-Eq | C15: 0.0043176778 | D15: 0.0011589877 | G15: =[1]AD_a_mid!$O$21 -> 0.18265596
A16: ozone depletion - ozone depletion potential (ODPinfinite) | B16: kg CFC-11-Eq | C16: 1.2439483e-07 | D16: 5.7786312e-07 | G16: =[1]AD_a_mid!$P$21 -> 0.00020349428
A17: particulate matter formation - particulate matter formation potential (PMFP) | B17: kg PM2.5-Eq | C17: 0.00019316681 | D17: 5.4055787e-05 | G17: =[1]AD_a_mid!$Q$21 -> 0.036212973
A18: photochemical oxidant formation: human health - photochemical oxidant formation potential: humans (HOFP) | B18: kg NOx-Eq | C18: 0.00068868282 | D18: 0.00025789436 | G18: =[1]AD_a_mid!$R$21 -> 0.12208712
A19: photochemical oxidant formation: terrestrial ecosystems - photochemical oxidant formation potential: ecosystems (EOFP) | B19: kg NOx-Eq | C19: 0.00073751731 | D19: 0.00026089125 | G19: =[1]AD_a_mid!$S$21 -> 0.15389147
A20: water use - water consumption potential (WCP) | B20: m3 | C20: 0.00037267751 | D20: 0.0018198871 | G20: =[1]AD_a_mid!$T$21 -> 0.19645024

Sheet impact_end
B1: Unit | C1: Transport of waste by lorry (per tkm) | D1: HC (per kg of waste) | E1: CC (per kg of waste) | F1: IC (per kg of waste) | G1: AD-a ((per t of waste) | H1: AD-b (per kg of waste) | I1: Transport of compost from HC(per tkm) | J1: Transport of compost from CC(per tkm) | K1: Transport of compost from IC(per tkm) | L1: Transport of digestate (per tkm) | M1: Transport of heat (per kWh) | N1: Transport of electricity (per kWh) | O1: Market of N-fertilizer | P1: Market of P-fertilizer | Q1: Market of K-fertilizer | R1: Market of peat | S1: Production of electricity | T1: Production of heat
A2: ecosystem quality - acidification: terrestrial | B2: species.yr | G2: =[1]AD_a_end!$C$21 -> 1.2563006e-08
A3: ecosystem quality - climate change: freshwater ecosystems | B3: species.yr | G3: =[1]AD_a_end!$D$21 -> 7.508434e-12
A4: ecosystem quality - climate change: terrestrial ecosystems | B4: species.yr | G4: =[1]AD_a_end!$E$21 -> 2.7491055e-07
A5: ecosystem quality - ecotoxicity: freshwater | B5: species.yr | G5: =[1]AD_a_end!$F$21 -> 3.2127854e-10
A6: ecosystem quality - ecotoxicity: marine | B6: species.yr | G6: =[1]AD_a_end!$G$21 -> 6.3601576e-11
A7: ecosystem quality - ecotoxicity: terrestrial | B7: species.yr | G7: =[1]AD_a_end!$H$21 -> 5.7922708e-10
A8: ecosystem quality - eutrophication: freshwater | B8: species.yr | G8: =[1]AD_a_end!$I$21 -> 1.2031467e-09
A9: ecosystem quality - eutrophication: marine | B9: species.yr | G9: =[1]AD_a_end!$J$21 -> 1.1349905e-12
A10: ecosystem quality - land use | B10: species.yr | G10: =[1]AD_a_end!$K$21 -> 2.8013169e-08
A11: ecosystem quality - photochemical oxidant formation: terrestrial ecosystems | B11: species.yr | G11: =[1]AD_a_end!$L$21 -> 1.9849153e-08
A12: ecosystem quality - water use: aquatic ecosystems | B12: species.yr | G12: =[1]AD_a_end!$M$21 -> 1.1865594e-13
A13: ecosystem quality - water use: terrestrial ecosystems | B13: species.yr | G13: =[1]AD_a_end!$N$21 -> 2.6520782e-09
A14: human health - climate change: human health | B14: DALYs | G14: =[1]AD_a_end!$O$21 -> 9.1280201e-05
A15: human health - human toxicity: carcinogenic | B15: DALYs | G15: =[1]AD_a_end!$P$21 -> 2.1815781e-06
A16: human health - human toxicity: non-carcinogenic | B16: DALYs | G16: =[1]AD_a_end!$Q$21 -> 2.7108573e-06
A17: human health - ionising radiation | B17: DALYs | G17: =[1]AD_a_end!$R$21 -> 2.2622869e-07
A18: human health - ozone depletion | B18: DALYs | G18: =[1]AD_a_end!$S$21 -> 1.0803651e-07
A19: human health - particulate matter formation | B19: DALYs | G19: =[1]AD_a_end!$T$21 -> 2.2764499e-05
A20: human health - photochemical oxidant formation: human health | B20: DALYs | G20: =[1]AD_a_end!$U$21 -> 1.1115681e-07
A21: human health - water use: human health | B21: DALYs | G21: =[1]AD_a_end!$V$21 -> 4.3611953e-07
A22: natural resources - energy resources: non-renewable, fossil | B22: USD 2013 | G22: =[1]AD_a_end!$W$21 -> 1.8062473
A23: natural resources - material resources: metals/minerals | B23: USD 2013 | G23: =[1]AD_a_end!$X$21 -> 0.042251224
A24: total: ecosystem quality - ecosystem quality | B24: species.yr | G24: =[1]AD_a_end!$Y$21 -> 3.3751164e-07
A25: total: human health - human health | B25: DALYs | G25: =[1]AD_a_end!$Z$21 -> 0.00011981857
B26: USD 2013 | G26: =[1]AD_a_end!$AA$21 -> 1.8484985

Sheet normalized_impact_mid
B2: Unit | C2: Transport of waste by lorry (per tkm) | D2: HC (per kg of waste) | E2: IC (per kg of waste) | F2: AD-a ((per kg of waste) | G2: AD-b (per kg of waste) | H2: Transport of compost from HC(per tkm) | I2: Transport of compost from CC(per tkm) | J2: Transport of compost from IC(per tkm) | K2: Transport of digestate (per tkm) | L2: Transport of heat (per kWh) | M2: Transport of electricity (per kWh) | N2: Market of N-fertilizer | O2: Market of P-fertilizer | P2: Market of K-fertilizer | Q2: Market of peat | R2: Production of electricity | S2: Production of heat
A3: acidification: terrestrial - terrestrial acidification potential (TAP) | B3: person in 2010 | C3: =impact_mid!C3/midpoint!$C3 -> 1.0528214e-05 | D3: =impact_mid!D3/midpoint!$C3 -> 3.3280597e-06
A4: climate change - global warming potential (GWP100) | B4: person in 2010 | C4: =impact_mid!C4/midpoint!$C4 -> 2.9982152e-05 | D4: =impact_mid!D4/midpoint!$C4 -> 5.1287531e-06
A5: ecotoxicity: freshwater - freshwater ecotoxicity potential (FETP) | B5: person in 2010 | C5: =impact_mid!C5/midpoint!$C5 -> 0.00021388187 | D5: =impact_mid!D5/midpoint!$C5 -> 0.00026962111
A6: ecotoxicity: marine - marine ecotoxicity potential (METP) | B6: person in 2010 | C6: =impact_mid!C6/midpoint!$C6 -> 0.00021621108 | D6: =impact_mid!D6/midpoint!$C6 -> 0.00020875244
A7: ecotoxicity: terrestrial - terrestrial ecotoxicity potential (TETP) | B7: person in 2010 | C7: =impact_mid!C7/midpoint!$C7 -> 0.00025282535 | D7: =impact_mid!D7/midpoint!$C7 -> 6.1637405e-06
A8: energy resources: non-renewable, fossil - fossil fuel potential (FFP) | B8: person in 2010 | C8: =impact_mid!C8/midpoint!$C8 -> 7.6164028e-05 | D8: =impact_mid!D8/midpoint!$C8 -> 5.895949e-06
A9: eutrophication: freshwater - freshwater eutrophication potential (FEP) | B9: person in 2010 | C9: =impact_mid!C9/midpoint!$C9 -> 2.48862e-05 | D9: =impact_mid!D9/midpoint!$C9 -> 7.4909359e-05
A10: eutrophication: marine - marine eutrophication potential (MEP) | B10: person in 2010 | C10: =impact_mid!C10/midpoint!$C10 -> 1.4328213e-06 | D10: =impact_mid!D10/midpoint!$C10 -> 2.6169954e-06
A11: human toxicity: carcinogenic - human toxicity potential (HTPc) | B11: person in 2010 | C11: =impact_mid!C11/midpoint!$C11 -> 0.0011033614 | D11: =impact_mid!D11/midpoint!$C11 -> 0.0010245078
A12: human toxicity: non-carcinogenic - human toxicity potential (HTPnc) | B12: person in 2010 | C12: =impact_mid!C12/midpoint!$C12 -> 5.4007933e-06 | D12: =impact_mid!D12/midpoint!$C12 -> 9.7007356e-06
A13: ionising radiation - ionising radiation potential (IRP) | B13: person in 2010 | C13: =impact_mid!C13/midpoint!$C13 -> 9.7132164e-06 | D13: =impact_mid!D13/midpoint!$C13 -> 7.9716696e-07
A14: land use - agricultural land occupation (LOP) | B14: person in 2010 | C14: =impact_mid!C14/midpoint!$C14 -> 1.2448272e-06 | D14: =impact_mid!D14/midpoint!$C14 -> 1.2855658e-07
... A20: water use - water consumption potential (WCP) | B20: person in 2010 | C20: =impact_mid!C20/midpoint!$C20 -> 1.3976843e-06 | D20: =impact_mid!D20/midpoint!$C20 -> 6.825278e-06
A22: Total | C22: =SUM(C3:C20) -> 0.002031729 | D22: =SUM(D3:D20) -> 0.0016573667

Sheet readme
B1: Product System | C1: Location | D1: Amount | E1: Source
A2: Transport of waste by lorry (per tkm) | B2: transport, freight, lorry 7.5-16 metric ton, EURO5 | transport, freight, lorry 7.5-16 metric ton, EURO5 | Cutoff, U | C2: Europe | D2: 1.0 t*km | E2: Ecoinvent

Sheet weight_mid
B2: Weight
A3: acidification: terrestrial - terrestrial acidification potential (TAP)
A4: climate change - global warming potential (GWP100) | B4: 0.8
A5: ecotoxicity: freshwater - freshwater ecotoxicity potential (FETP)
A6: ecotoxicity: marine - marine ecotoxicity potential (METP)
A7: ecotoxicity: terrestrial - terrestrial ecotoxicity potential (TETP)
A8: energy resources: non-renewable, fossil - fossil fuel potential (FFP)
A9: eutrophication: freshwater - freshwater eutrophication potential (FEP)
A10: eutrophication: marine - marine eutrophication potential (MEP)
A11: human toxicity: carcinogenic - human toxicity potential (HTPc)
A12: human toxicity: non-carcinogenic - human toxicity potential (HTPnc)
A13: ionising radiation - ionising radiation potential (IRP)
A14: land use - agricultural land occupation (LOP) | B14: 0.2
A15: material resources: metals/minerals - surplus ore potential (SOP)
A16: ozone depletion - ozone depletion potential (ODPinfinite)
A17: particulate matter formation - particulate matter formation potential (PMFP)
A18: photochemical oxidant formation: human health - photochemical oxidant formation potential: humans (HOFP)
A19: photochemical oxidant formation: terrestrial ecosystems - photochemical oxidant formation potential: ecosystems (EOFP)
A20: water use - water consumption potential (WCP)
B21: =SUM(B3:B20) -> 1

Sheet weighted_impact_mid
B2: Unit | C2: Transport of waste by lorry (per tkm) | D2: HC (per kg of waste) | E2: IC (per kg of waste) | F2: AD-a ((per kg of waste) | G2: AD-b (per kg of waste) | H2: Transport of compost from HC(per tkm) | I2: Transport of compost from CC(per tkm) | J2: Transport of compost from IC(per tkm) | K2: Transport of digestate (per tkm) | L2: Transport of heat (per kWh) | M2: Transport of electricity (per kWh) | N2: Market of N-fertilizer | O2: Market of P-fertilizer | P2: Market of K-fertilizer | Q2: Market of peat | R2: Production of electricity | S2: Production of heat
A3: acidification: terrestrial - terrestrial acidification potential (TAP) | B3: per person | C3: =normalized_impact_mid!C3*weight_mid!$B3 -> 0 | D3: =normalized_impact_mid!D3*weight_mid!$B3 -> 0
A4: climate change - global warming potential (GWP100) | B4: per person | C4: =normalized_impact_mid!C4*weight_mid!$B4 -> 2.3985721e-05 | D4: =normalized_impact_mid!D4*weight_mid!$B4 -> 4.1030025e-06
A5: ecotoxicity: freshwater - freshwater ecotoxicity potential (FETP) | B5: per person | C5: =normalized_impact_mid!C5*weight_mid!$B5 -> 0 | D5: =normalized_impact_mid!D5*weight_mid!$B5 -> 0
A6: ecotoxicity: marine - marine ecotoxicity potential (METP) | B6: per person | C6: =normalized_impact_mid!C6*weight_mid!$B6 -> 0 | D6: =normalized_impact_mid!D6*weight_mid!$B6 -> 0
A7: ecotoxicity: terrestrial - terrestrial ecotoxicity potential (TETP) | B7: per person | C7: =normalized_impact_mid!C7*weight_mid!$B7 -> 0 | D7: =normalized_impact_mid!D7*weight_mid!$B7 -> 0
A8: energy resources: non-renewable, fossil - fossil fuel potential (FFP) | B8: per person | C8: =normalized_impact_mid!C8*weight_mid!$B8 -> 0 | D8: =normalized_impact_mid!D8*weight_mid!$B8 -> 0
A9: eutrophication: freshwater - freshwater eutrophication potential (FEP) | B9: per person | C9: =normalized_impact_mid!C9*weight_mid!$B9 -> 0 | D9: =normalized_impact_mid!D9*weight_mid!$B9 -> 0
A10: eutrophication: marine - marine eutrophication potential (MEP) | B10: per person | C10: =normalized_impact_mid!C10*weight_mid!$B10 -> 0 | D10: =normalized_impact_mid!D10*weight_mid!$B10 -> 0
A11: human toxicity: carcinogenic - human toxicity potential (HTPc) | B11: per person | C11: =normalized_impact_mid!C11*weight_mid!$B11 -> 0 | D11: =normalized_impact_mid!D11*weight_mid!$B11 -> 0
A12: human toxicity: non-carcinogenic - human toxicity potential (HTPnc) | B12: per person | C12: =normalized_impact_mid!C12*weight_mid!$B12 -> 0 | D12: =normalized_impact_mid!D12*weight_mid!$B12 -> 0
A13: ionising radiation - ionising radiation potential (IRP) | B13: per person | C13: =normalized_impact_mid!C13*weight_mid!$B13 -> 0 | D13: =normalized_impact_mid!D13*weight_mid!$B13 -> 0
A14: land use - agricultural land occupation (LOP) | B14: per person | C14: =normalized_impact_mid!C14*weight_mid!$B14 -> 2.4896544e-07 | D14: =normalized_impact_mid!D14*weight_mid!$B14 -> 2.5711316e-08
... A20: water use - water consumption potential (WCP) | B20: per person | C20: =normalized_impact_mid!C20*weight_mid!$B20 -> 0 | D20: =normalized_impact_mid!D20*weight_mid!$B20 -> 0
A22: Total | C22: =SUM(C3:C20) -> 2.4234687e-05 | D22: =SUM(D3:D20) -> 4.1287138e-06
