Workbook

Sheet id_tech
A1: Symbol | B1: Type | C1: name
A2: HC | B2: Decentralized | C2: Home Composting
A3: CC | B3: Decentralized | C3: Community composting
A4: IC | B4: Centralized | C4: Industrial composting
A5: AD-a | B5: Centralized | C5: Centralized anaerobic digestion + CHP
A6: AD-b | B6: Centralized | C6: Centralized anaerobic digestion + CHP + composting
A7: AD-c | B7: Centralized | C7: Centralized anaerobic digestion + upgrading
A8: AD-d | B8: Centralized | C8: Centralized anaerobic digestion + upgrading +composting
A9: AD-e | B9: Centralized | C9: Centralized anaerobic digestion + combustion
A10: AD-f | B10: Centralized | C10: Centralized anaerobic digestion + combustion +composting

Sheet tech
B1: GHG | C1: l.b | D1: u.b | J1: Coproduct
A2: HC | B2: 1200 | H2: HC | I2: Home Composting | J2: compost
A3: CC | B3: 1700 | H3: CC | I3: Community composting | J3: compost
A4: IC | B4: 1500 | C4: 500 | D4: 1000 | H4: IC | I4: Industrial composting | J4: compost
A5: AD-a | B5: 1400 | C5: 600 | D5: 1200 | H5: AD-a | I5: Centralized anaerobic digestion + CHP | J5: heat, electricity, digestate
A6: AD-b | B6: 1300 | C6: 600 | D6: 1200 | H6: AD-b | I6: Centralized anaerobic digestion + CHP + composting | J6: heat, electricity, compost
A7: AD-c | B7: 1750 | C7: 600 | D7: 1200 | H7: AD-c | I7: Centralized anaerobic digestion + upgrading | J7: biomethane, digestate
A8: AD-d | B8: 1350 | C8: 600 | D8: 1200 | H8: AD-d | I8: Centralized anaerobic digestion + upgrading +composting | J8: biomethane, compost
A9: AD-e | B9: 1630 | C9: 600 | D9: 1200 | H9: AD-e | I9: Centralized anaerobic digestion + combustion | J9: heat, digestate
A10: AD-f | B10: 1800 | C10: 600 | D10: 1200 | H10: AD-f | I10: Centralized anaerobic digestion + combustion +composting | J10: heat, digestate
B12: (kgCO2.Eq/t) | C12: t/y | D12: t/y
E15: =(300+1000+700)*(30+40+25)*0.2 -> 38000
E16: =2460000+E15 -> 2498000

Sheet Feuil6
F1: technology | G1: transport | H1: sub | I1: Total
D2: A | E2: Home | F2: =100*tech!B2 -> 120000 | G2: 0 | H2: =100*coproduct!B2*subs_ratio!B2*conv_prod_impact!B2 -> 600000 | I2: =F2-H2 -> -480000
E3: Build | F3: =200*tech!B4 -> 300000 | G3: =200*[1]dist!$B$2*0.2 -> 400 | H3: =200*coproduct!D2*subs_ratio!B2*conv_prod_impact!B2 -> 2000000 | I3: =F3+G3-H3 -> -1699600
D4: B | E4: Home | F4: =800*tech!B2 -> 960000 | G4: 0 | H4: =800*coproduct!B2*subs_ratio!B2*conv_prod_impact!B2 -> 4800000 | I4: =F4+G4-H4 -> -3840000
E5: Build | F5: =200*tech!B4 -> 300000 | G5: =200*[1]dist!$B$3*0.2 -> 400 | H5: =200*coproduct!D2*subs_ratio!B2*conv_prod_impact!B2 -> 2000000 | I5: =F5+G5-H5 -> -1699600
D6: B | E6: Home | F6: =600*tech!B2 -> 720000 | G6: 0 | H6: =600*coproduct!B2*subs_ratio!B2*conv_prod_impact!B2 -> 3600000 | I6: =F6+G6-H6 -> -2880000
E7: Build | F7: =100*tech!B4 -> 150000 | G7: =G5 -> 400 | H7: =100*coproduct!D2*subs_ratio!B2*conv_prod_impact!B2 -> 1000000 | I7: =F7+G7-H7 -> -849600
I8: =SUM(I2:I7) -> -11448800

Sheet coproduct
A1: Co-product | B1: HC | C1: CC | D1: IC | E1: AD-a | F1: AD-b | G1: AD-c | H1: AD-d | I1: AD-e | J1: AD-f | L1: Unit
A2: Comp | B2: 30 | C2: 30 | D2: 50 | E2: 0 | F2: 10 | G2: 0 | H2: 10 | I2: 0 | J2: 10 | L2: t/t
A3: Dig | B3: 0 | C3: 0 | D3: 0 | E3: 15 | F3: 0 | G3: 15 | H3: 0 | I3: 15 | J3: 0 | L3: t/t
A4: Heat | B4: 0 | C4: 0 | D4: 0 | E4: 41 | F4: 41 | G4: 0 | H4: 0 | I4: 45 | J4: 45 | L4: kWh/t
A5: Elect | B5: 0 | C5: 0 | D5: 0 | E5: 29 | F5: 29 | G5: 0 | H5: 0 | I5: 0 | J5: 0 | L5: kWh/t
A6: CH4 | B6: 0 | C6: 0 | D6: 0 | E6: 0 | F6: 0 | G6: 30 | H6: 30 | I6: 0 | J6: 0 | L6: kWh/t

Sheet subs_ratio
A1: Conventional product | B1: Comp | C1: Dig | D1: Heat | E1: Elect | F1: CH4
A2: Fertilizer | B2: 1 | C2: 1 | D2: 0 | E2: 0 | F2: 0
A3: Heat | B3: 0 | C3: 0 | D3: 1 | E3: 0 | F3: 0
A4: Elec | B4: 0 | C4: 0 | D4: 0 | E4: 1 | F4: 0
A5: natural_gas | B5: 0 | C5: 0 | D5: 0 | E5: 0 | F5: 1

Sheet conv_prod_impact
B1: GHG | C1: Unit
A2: Fertilizer | B2: 200 | C2: kgCO2/t
A3: Heat | B3: 15 | C3: kgCO2/kWh
A4: Elec | B4: 30 | C4: kgCO2/kWh
A5: natural_gas | B5: 60 | C5: kgCO2/kWh
