Workbook

Sheet mun
A1: municipalities | B1: sites | C1: Other markets
A2: Compiègne | B2: X | C2: E
A3: Venette | B3: Y | C3: F
A4: Jaux | B4: Z | C4: G
A5: Armancourt
A6: Le Meux
A7: La Croix-St-Ouen
A8: St-Sauveur
A9: Bethisy-St-Pierre
A10: Bethisy-St-Martin
A11: Bienville
A12: Choisy-au-Bac
A13: Clairoix
A14: Janville
A15: Jonquières
A16: Lachelle
... A23: Vieux-Moulin

Sheet waste_gen
B1: Home | C1: Building | D1: Total
A2: =mun!A2 -> Compiègne | B2: =D2*[1]Communes!$H$29 -> 615.296 | C2: =D2-B2 -> 2328.704 | D2: 2944
A3: =mun!A3 -> Venette | B3: =D3*[1]Communes!$U$29 -> 124.806 | C3: =D3-B3 -> 61.194 | D3: 186 | I3: Hypothèse | J3: Chaque logement produit la même quantité de biodéchets
A4: =mun!A4 -> Jaux | B4: =D4*[1]Communes!$J$29 -> 147.498 | C4: =D4-B4 -> 38.502 | D4: 186
A5: =mun!A5 -> Armancourt | B5: =D5*[1]Communes!$B$29 -> 42.864 | C5: =D5-B5 -> 5.136 | D5: 48
A6: =mun!A6 -> Le Meux | B6: =D6*[1]Communes!$O$29 -> 107.813 | C6: =D6-B6 -> 23.187 | D6: 131
A7: =mun!A7 -> La Croix-St-Ouen | B7: =D7*[1]Communes!$M$29 -> 65.07 | C7: =D7-B7 -> 24.93 | D7: 90
A8: =mun!A8 -> St-Sauveur | B8: =D8*[1]Communes!$S$29 -> 144.083 | C8: =D8-B8 -> 4.917 | D8: 149
A9: =mun!A9 -> Bethisy-St-Pierre | B9: =D9*[1]Communes!$D$29 -> 118.161 | C9: =D9-B9 -> 52.839 | D9: 171
A10: =mun!A10 -> Bethisy-St-Martin | B10: =D10*[1]Communes!$C$29 -> 46.6 | C10: =D10-B10 -> 3.4 | D10: 50
A11: =mun!A11 -> Bienville | B11: =D11*[1]Communes!$E$29 -> 28.68 | C11: =D11-B11 -> 1.32 | D11: 30
A12: =mun!A12 -> Choisy-au-Bac | B12: =D12*[1]Communes!$F$29 -> 172.53 | C12: =D12-B12 -> 40.47 | D12: 213
A13: =mun!A13 -> Clairoix | B13: =D13*[1]Communes!$G$29 -> 91.233 | C13: =D13-B13 -> 17.767 | D13: 109
A14: =mun!A14 -> Janville | B14: =D14*[1]Communes!$I$29 -> 37.064 | C14: =D14-B14 -> 3.936 | D14: 41
A15: =mun!A15 -> Jonquières | B15: =D15*[1]Communes!$K$29 -> 39.483 | C15: =D15-B15 -> 1.517 | D15: 41
A16: =mun!A16 -> Lachelle | B16: =D16*[1]Communes!$L$29 -> 39.522 | C16: =D16-B16 -> 2.478 | D16: 42
A17: =mun!A17 -> Margny-lès-Compiègne | B17: =D17*[1]Communes!$N$29 -> 241.024 | C17: =D17-B17 -> 296.976 | D17: 538
A18: =mun!A18 -> Nery | C18: =D18-B18 -> 32 | D18: 32
A19: =mun!A19 -> Saint-Jean-aux-Bois | B19: =D19*[1]Communes!$R$29 -> 19.18 | C19: =D19-B19 -> 0.82 | D19: 20
A20: =mun!A20 -> Saintines | B20: =D20*[1]Communes!$Q$29 -> 48.177 | C20: =D20-B20 -> 4.823 | D20: 53
A21: =mun!A21 -> Saint-Vaast de Longmont | B21: =D21*[1]Communes!$T$29 -> 31 | C21: =D21-B21 -> 0 | D21: 31
A22: =mun!A22 -> Verberie | B22: =D22*[1]Communes!$V$29 -> 114.95 | C22: =D22-B22 -> 75.05 | D22: 190
A23: =mun!A23 -> Vieux-Moulin | B23: =D23*[1]Communes!$W$29 -> 50.128 | C23: =D23-B23 -> 1.872 | D23: 52

Sheet dist
B1: =INDEX(mun!$B:$B,COLUMN(A1)+1) -> X | C1: =INDEX(mun!$B:$B,COLUMN(B1)+1) -> Y | D1: =INDEX(mun!$B:$B,COLUMN(C1)+1) -> Z
A2: =waste_gen!A2 -> Compiègne
A3: =waste_gen!A3 -> Venette
A4: =waste_gen!A4 -> Jaux
A5: =waste_gen!A5 -> Armancourt
A6: =waste_gen!A6 -> Le Meux
A7: =waste_gen!A7 -> La Croix-St-Ouen
A8: =waste_gen!A8 -> St-Sauveur
A9: =waste_gen!A9 -> Bethisy-St-Pierre
A10: =waste_gen!A10 -> Bethisy-St-Martin
A11: =waste_gen!A11 -> Bienville
A12: =waste_gen!A12 -> Choisy-au-Bac
A13: =waste_gen!A13 -> Clairoix
... A23: =waste_gen!A23 -> Vieux-Moulin

Sheet tech_pot
B1: HC | C1: CC | D1: IC | E1: AD-a | F1: AD-b | J1: 1 | K1: The technology can be installed at the site
A2: =mun!A2 -> Compiègne | B2: 1 | C2: 1 | D2: 0 | E2: 0 | F2: 0 | J2: 0 | K2: The technology can not be installed at the site
A3: =mun!A3 -> Venette | B3: 1 | C3: 1 | D3: 0 | E3: 0 | F3: 0
A4: =mun!A4 -> Jaux | B4: 1 | C4: 1 | D4: 0 | E4: 0 | F4: 0
A5: =mun!A5 -> Armancourt | B5: 1 | C5: 1 | D5: 0 | E5: 0 | F5: 0
A6: =mun!A6 -> Le Meux | B6: 1 | C6: 1 | D6: 0 | E6: 0 | F6: 0
A7: =mun!A7 -> La Croix-St-Ouen | B7: 1 | C7: 1 | D7: 0 | E7: 0 | F7: 0
A8: =mun!A8 -> St-Sauveur | B8: 1 | C8: 1 | D8: 0 | E8: 0 | F8: 0
A9: =mun!A9 -> Bethisy-St-Pierre | B9: 1 | C9: 1 | D9: 0 | E9: 0 | F9: 0
A10: =mun!A10 -> Bethisy-St-Martin | B10: 1 | C10: 1 | D10: 0 | E10: 0 | F10: 0
A11: =mun!A11 -> Bienville | B11: 1 | C11: 1 | D11: 0 | E11: 0 | F11: 0
A12: =mun!A12 -> Choisy-au-Bac | B12: 1 | C12: 1 | D12: 0 | E12: 0 | F12: 0
A13: =mun!A13 -> Clairoix | B13: 1 | C13: 1 | D13: 0 | E13: 0 | F13: 0
A14: =mun!A14 -> Janville | B14: 1 | C14: 1 | D14: 0 | E14: 0 | F14: 0
A15: =mun!A15 -> Jonquières | B15: 1 | C15: 1 | D15: 0 | E15: 0 | F15: 0
A16: =mun!A16 -> Lachelle | B16: 1 | C16: 1 | D16: 0 | E16: 0 | F16: 0 | J16: =11*20*12 -> 2640
A17: =mun!A17 -> Margny-lès-Compiègne | B17: 1 | C17: 1 | D17: 0 | E17: 0 | F17: 0
A18: =mun!A18 -> Nery | B18: 1 | C18: 1 | D18: 0 | E18: 0 | F18: 0
A19: =mun!A19 -> Saint-Jean-aux-Bois | B19: 1 | C19: 1 | D19: 0 | E19: 0 | F19: 0
A20: =mun!A20 -> Saintines | B20: 1 | C20: 1 | D20: 0 | E20: 0 | F20: 0
A21: =mun!A21 -> Saint-Vaast de Longmont | B21: 1 | C21: 1 | D21: 0 | E21: 0 | F21: 0
A22: =mun!A22 -> Verberie | B22: 1 | C22: 1 | D22: 0 | E22: 0 | F22: 0
A23: =mun!A23 -> Vieux-Moulin | B23: 1 | C23: 1 | D23: 0 | E23: 0 | F23: 0
A24: =mun!B2 -> X | B24: 0 | C24: 0 | D24: 1 | E24: 1 | F24: 1
A25: =mun!B3 -> Y | B25: 0 | C25: 0 | D25: 1 | E25: 1 | F25: 1
A26: =mun!B4 -> Z | B26: 0 | C26: 0 | D26: 1 | E26: 1 | F26: 1

Sheet market
A1: market | B1: Comp | C1: Dig | D1: Heat | E1: Elect | I1: 1 | J1: The market can valorize the coproduct
A2: =tech_pot!A2 -> Compiègne | B2: 1 | C2: 0 | D2: 1 | E2: 0 | I2: 0 | J2: The market can not valorize the coproduct
A3: =tech_pot!A3 -> Venette | B3: 1 | C3: 0 | D3: 0 | E3: 0
A4: =tech_pot!A4 -> Jaux | B4: 1 | C4: 1 | D4: 0 | E4: 1
A5: =tech_pot!A5 -> Armancourt | B5: 1 | C5: 0 | D5: 1 | E5: 0
A6: =tech_pot!A6 -> Le Meux | B6: 1 | C6: 1 | D6: 0 | E6: 0
A7: =tech_pot!A7 -> La Croix-St-Ouen | B7: 1 | C7: 1 | D7: 0 | E7: 1
A8: =tech_pot!A8 -> St-Sauveur | B8: 1 | C8: 1 | D8: 1 | E8: 1
A9: =tech_pot!A9 -> Bethisy-St-Pierre | B9: 1 | C9: 1 | D9: 0 | E9: 0
A10: =tech_pot!A10 -> Bethisy-St-Martin | B10: 1 | C10: 1 | D10: 1 | E10: 1
A11: =tech_pot!A11 -> Bienville | B11: 1
A12: =tech_pot!A12 -> Choisy-au-Bac | B12: 1
A13: =tech_pot!A13 -> Clairoix | B13: 1
A14: =tech_pot!A14 -> Janville | B14: 1
A15: =tech_pot!A15 -> Jonquières | B15: 1
A16: =tech_pot!A16 -> Lachelle | B16: 1
A17: =tech_pot!A17 -> Margny-lès-Compiègne | B17: 1
A18: =tech_pot!A18 -> Nery | B18: 1
A19: =tech_pot!A19 -> Saint-Jean-aux-Bois | B19: 1
A20: =tech_pot!A20 -> Saintines | B20: 1
A21: =tech_pot!A21 -> Saint-Vaast de Longmont | B21: 1
A22: =tech_pot!A22 -> Verberie | B22: 1
... A26: =tech_pot!A26 -> Z | B26: 1
A27: =mun!C2 -> E | B27: 1
A28: =mun!C3 -> F | B28: 1
A29: =mun!C4 -> G | B29: 1

Sheet dist_market
A1: tech_place | B1: =INDEX(market!$A:$A,COLUMN(A1)+1) -> Compiègne | C1: =INDEX(market!$A:$A,COLUMN(B1)+1) -> Venette | D1: =INDEX(market!$A:$A,COLUMN(C1)+1) -> Jaux | E1: =INDEX(market!$A:$A,COLUMN(D1)+1) -> Armancourt | F1: =INDEX(market!$A:$A,COLUMN(E1)+1) -> Le Meux | G1: =INDEX(market!$A:$A,COLUMN(F1)+1) -> La Croix-St-Ouen | H1: =INDEX(market!$A:$A,COLUMN(G1)+1) -> St-Sauveur | I1: =INDEX(market!$A:$A,COLUMN(H1)+1) -> Bethisy-St-Pierre | ... AC1: =INDEX(market!$A:$A,COLUMN(AB1)+1) -> G
A2: =tech_pot!A2 -> Compiègne | B2: 2 | C2: 30 | D2: 25 | E2: 20 | F2: 100 | G2: 5 | H2: 50 | I2: 60 | J2: 20
A3: =tech_pot!A3 -> Venette | B3: 30 | C3: 3 | D3: 10 | E3: 10 | F3: 100 | G3: 50 | H3: 95 | I3: 11 | J3: 44
A4: =tech_pot!A4 -> Jaux | B4: 25 | C4: 10 | D4: 2 | E4: 40 | F4: 100 | G4: 10 | H4: 69 | I4: 47 | J4: 96
A5: =tech_pot!A5 -> Armancourt | B5: 20 | C5: 10 | D5: 40 | E5: 5 | F5: 20 | G5: 30 | H5: 74 | I5: 15 | J5: 60
A6: =tech_pot!A6 -> Le Meux | B6: 100 | C6: 100 | D6: 100 | E6: 20 | F6: 5 | G6: 50 | H6: 20 | I6: 25 | J6: 12
A7: =tech_pot!A7 -> La Croix-St-Ouen | B7: 5 | C7: 50 | D7: 10 | E7: 30 | F7: 50 | G7: 5 | H7: 60 | I7: 35 | J7: 96
A8: =tech_pot!A8 -> St-Sauveur
A9: =tech_pot!A9 -> Bethisy-St-Pierre
A10: =tech_pot!A10 -> Bethisy-St-Martin
A11: =tech_pot!A11 -> Bienville
A12: =tech_pot!A12 -> Choisy-au-Bac
A13: =tech_pot!A13 -> Clairoix
A14: =tech_pot!A14 -> Janville
A15: =tech_pot!A15 -> Jonquières
A16: =tech_pot!A16 -> Lachelle
A17: =tech_pot!A17 -> Margny-lès-Compiègne
A18: =tech_pot!A18 -> Nery
A19: =tech_pot!A19 -> Saint-Jean-aux-Bois
... A26: =tech_pot!A26 -> Z

Sheet Feuil4
B1: Comp | D1: Dig | F1: Heat | H1: Elect
A2: market | B2: lb_mark | C2: ub_mark | D2: lb_mark | E2: ub_mark | F2: lb_mark | G2: ub_mark | H2: lb_mark | I2: ub_mark
A3: A | B3: 1 | D3: 0 | F3: 1 | H3: 0
A4: B | B4: 1 | D4: 0 | F4: 0 | H4: 0
A5: C | B5: 1 | D5: 1 | F5: 0 | H5: 1
A6: X | B6: 1 | D6: 0 | F6: 1 | H6: 0
A7: Y | B7: 1 | D7: 1 | F7: 0 | H7: 0
A8: Z | B8: 1 | D8: 1 | F8: 0 | H8: 1
A9: E | B9: 1 | D9: 1 | F9: 1 | H9: 1
A10: F | B10: 1 | D10: 1 | F10: 0 | H10: 0
A11: G | B11: 0 | D11: 1 | F11: 1 | H11: 1
