Workbook
Name Food_Type: "Baseline"
Name FW_mass: Waste_characteristics!$B$3
Name H2O_FW: Waste_characteristics!$B$4
Name Mass: Waste_characteristics!$B$2
Name mass_VS_FW: Waste_characteristics!$B$6
Name Methane_LHV: '[1]Global params'!$E$21
Name VS_FW: Waste_characteristics!$B$5

Sheet LCIA_AD-f
A3: IMPACT WORLD + FOOTPRINT
A4: Process | C4: Carbon footprint | D4: Ecosystem quality (residual) | E4: Energetic resource depletion | F4: Human health (residual) | G4: Water footprint - Scarcity
A5: AD | C5: =SUM(C6,C9,C12,C16,C27) -> 64.523122 | D5: =SUM(D6,D9,D12,D16,D27) -> 12.136919 | E5: =SUM(E6,E9,E12,E16,E27) -> 635.68927 | F5: =SUM(F6,F9,F12,F16,F27) -> 0.00013928494 | G5: =SUM(G6,G9,G12,G16,G27) -> 15.914782
A6: Pretreatment | C6: =SUM(C7:C8) -> 0.7761065 | D6: =SUM(D7:D8) -> 0.11916921 | E6: =SUM(E7:E8) -> 116.96083 | F6: =SUM(F7:F8) -> 7.7420483e-07 | G6: =SUM(G7:G8) -> 1.2592267
B7: Electricity consumption | C7: ='LCI_AD-e'!$E4*'IW+f'!C2 -> 0.7761065 | D7: ='LCI_AD-e'!$E4*'IW+f'!D2 -> 0.11916921 | E7: ='LCI_AD-e'!$E4*'IW+f'!E2 -> 116.96083 | F7: ='LCI_AD-e'!$E4*'IW+f'!F2 -> 7.7420483e-07 | G7: ='LCI_AD-e'!$E4*'IW+f'!G2 -> 1.2592267
B8: Water consumption | C8: ='LCI_AD-e'!$E5*'IW+f'!C3 -> 0 | D8: ='LCI_AD-e'!$E5*'IW+f'!D3 -> 0 | E8: ='LCI_AD-e'!$E5*'IW+f'!E3 -> 0 | F8: ='LCI_AD-e'!$E5*'IW+f'!F3 -> 0 | G8: ='LCI_AD-e'!$E5*'IW+f'!G3 -> 0
A9: Incineration | C9: =SUM(C10:C11) -> 9.4912725 | D9: =SUM(D10:D11) -> 1.7760545 | E9: =SUM(E10:E11) -> 70.109594 | F9: =SUM(F10:F11) -> 3.9183036e-05 | G9: =SUM(G10:G11) -> 10.01854
B10: Transport | C10: ='LCI_AD-e'!$E7*'IW+f'!C4 -> 0.43472979 | D10: ='LCI_AD-e'!$E7*'IW+f'!D4 -> 0.063594202 | E10: ='LCI_AD-e'!$E7*'IW+f'!E4 -> 6.576112 | F10: ='LCI_AD-e'!$E7*'IW+f'!F4 -> 3.4579966e-07 | G10: ='LCI_AD-e'!$E7*'IW+f'!G4 -> 0.039223403
B11: Incineration | C11: ='LCI_AD-e'!$E8*'IW+f'!C5 -> 9.0565427 | D11: ='LCI_AD-e'!$E8*'IW+f'!D5 -> 1.7124603 | E11: ='LCI_AD-e'!$E8*'IW+f'!E5 -> 63.533482 | F11: ='LCI_AD-e'!$E8*'IW+f'!F5 -> 3.8837236e-05 | G11: ='LCI_AD-e'!$E8*'IW+f'!G5 -> 9.9793169
A12: AD | C12: =SUM(C13:C15) -> 52.248712 | D12: =SUM(D13:D15) -> 2.7873234 | E12: =SUM(E13:E15) -> 416.86802 | F12: =SUM(F13:F15) -> 4.5598348e-05 | G12: =SUM(G13:G15) -> 4.3060094
B13: Electricity | C13: ='LCI_AD-e'!$E10*'IW+f'!C2 -> 1.7365189 | D13: ='LCI_AD-e'!$E10*'IW+f'!D2 -> 0.26663811 | E13: ='LCI_AD-e'!$E10*'IW+f'!E2 -> 261.69692 | F13: ='LCI_AD-e'!$E10*'IW+f'!F2 -> 1.7322639e-06 | G13: ='LCI_AD-e'!$E10*'IW+f'!G2 -> 2.8174882
B14: Heat | C14: ='LCI_AD-e'!$E11*'IW+f'!C11 -> 9.6923673 | D14: ='LCI_AD-e'!$E11*'IW+f'!D11 -> 2.5206853 | E14: ='LCI_AD-e'!$E11*'IW+f'!E11 -> 155.1711 | F14: ='LCI_AD-e'!$E11*'IW+f'!F11 -> 4.3866084e-05 | G14: ='LCI_AD-e'!$E11*'IW+f'!G11 -> 1.4885212
B15: CH4 | C15: ='LCI_AD-e'!$E12*'IW+f'!C12 -> 40.819826 | D15: ='LCI_AD-e'!$E12*'IW+f'!D12 -> 0 | E15: ='LCI_AD-e'!$E12*'IW+f'!E12 -> 0 | F15: ='LCI_AD-e'!$E12*'IW+f'!F12 -> 0 | G15: ='LCI_AD-e'!$E12*'IW+f'!G12 -> 0
A16: Combustion of biogas | C16: =SUM(C17:C26) -> 1.7671684 | D16: =SUM(D17:D26) -> 7.2504014 | E16: =SUM(E17:E26) -> 7.132496 | F16: =SUM(F17:F26) -> 5.3325992e-05 | G16: =SUM(G17:G26) -> 0.076790064
B17: CH4 | C17: ='LCI_AD-e'!$E17*'IW+f'!C12 -> 0.15478559 | D17: ='LCI_AD-e'!$E17*'IW+f'!D12 -> 0 | E17: ='LCI_AD-e'!$E17*'IW+f'!E12 -> 0 | F17: ='LCI_AD-e'!$E17*'IW+f'!F12 -> 0 | G17: ='LCI_AD-e'!$E17*'IW+f'!G12 -> 0
B18: N2O | C18: ='LCI_AD-e'!$E18*'IW+f'!C20 -> 1.5650543 | D18: ='LCI_AD-e'!$E18*'IW+f'!D20 -> 0 | E18: ='LCI_AD-e'!$E18*'IW+f'!E20 -> 0 | F18: ='LCI_AD-e'!$E18*'IW+f'!F20 -> 0 | G18: ='LCI_AD-e'!$E18*'IW+f'!G20 -> 0
B19: Sox | C19: ='LCI_AD-e'!$E19*'IW+f'!C19 -> 0 | D19: ='LCI_AD-e'!$E19*'IW+f'!D19 -> 0.66216543 | E19: ='LCI_AD-e'!$E19*'IW+f'!E19 -> 0 | F19: ='LCI_AD-e'!$E19*'IW+f'!F19 -> 3.6936286e-06 | G19: ='LCI_AD-e'!$E19*'IW+f'!G19 -> 0
B20: PM10 | C20: ='LCI_AD-e'!$E20*'IW+f'!C16 -> 0 | D20: ='LCI_AD-e'!$E20*'IW+f'!D16 -> 0 | E20: ='LCI_AD-e'!$E20*'IW+f'!E16 -> 0 | F20: ='LCI_AD-e'!$E20*'IW+f'!F16 -> 0 | G20: ='LCI_AD-e'!$E20*'IW+f'!G16 -> 0
B21: PM2.5 | C21: ='LCI_AD-e'!$E21*'IW+f'!C22 -> 0 | D21: ='LCI_AD-e'!$E21*'IW+f'!D22 -> 0 | E21: ='LCI_AD-e'!$E21*'IW+f'!E22 -> 0 | F21: ='LCI_AD-e'!$E21*'IW+f'!F22 -> 3.9886858e-05 | G21: ='LCI_AD-e'!$E21*'IW+f'!G22 -> 0
B22: Nox | C22: ='LCI_AD-e'!$E22*'IW+f'!C13 -> 0 | D22: ='LCI_AD-e'!$E22*'IW+f'!D13 -> 6.2616774 | E22: ='LCI_AD-e'!$E22*'IW+f'!E13 -> 0 | F22: ='LCI_AD-e'!$E22*'IW+f'!F13 -> 7.5499383e-06 | G22: ='LCI_AD-e'!$E22*'IW+f'!G13 -> 0
B23: NH3 | C23: ='LCI_AD-e'!$E23*'IW+f'!C18 -> 0 | D23: ='LCI_AD-e'!$E23*'IW+f'!D18 -> 0.31929142 | E23: ='LCI_AD-e'!$E23*'IW+f'!E18 -> 0 | F23: ='LCI_AD-e'!$E23*'IW+f'!F18 -> 2.1483541e-06 | G23: ='LCI_AD-e'!$E23*'IW+f'!G18 -> 0
B24: CO | C24: ='LCI_AD-e'!$E24*'IW+f'!C17 -> 0 | D24: ='LCI_AD-e'!$E24*'IW+f'!D17 -> 0 | E24: ='LCI_AD-e'!$E24*'IW+f'!E17 -> 0 | F24: ='LCI_AD-e'!$E24*'IW+f'!F17 -> 0 | G24: ='LCI_AD-e'!$E24*'IW+f'!G17 -> 0
B25: VOC | C25: ='LCI_AD-e'!$E25*'IW+f'!C14 -> 0 | D25: ='LCI_AD-e'!$E25*'IW+f'!D14 -> 0 | E25: ='LCI_AD-e'!$E25*'IW+f'!E14 -> 0 | F25: ='LCI_AD-e'!$E25*'IW+f'!F14 -> 0 | G25: ='LCI_AD-e'!$E25*'IW+f'!G14 -> 0
B26: Electricity | C26: ='LCI_AD-e'!$E26*'IW+f'!C2 -> 0.047328466 | D26: ='LCI_AD-e'!$E26*'IW+f'!D2 -> 0.0072671672 | E26: ='LCI_AD-e'!$E26*'IW+f'!E2 -> 7.132496 | F26: ='LCI_AD-e'!$E26*'IW+f'!F2 -> 4.7212498e-08 | G26: ='LCI_AD-e'!$E26*'IW+f'!G2 -> 0.076790064
A27: Dewatering | C27: ='LCIA_AD-b'!C25 -> 0.23986337 | D27: ='LCIA_AD-b'!D25 -> 0.20397057 | E27: ='LCIA_AD-b'!E25 -> 24.618326 | F27: ='LCIA_AD-b'!F25 -> 4.0335814e-07 | G27: ='LCIA_AD-b'!G25 -> 0.25421574
B28: electricity | C28: ='LCIA_AD-b'!C26 -> 0.15696911 | D28: ='LCIA_AD-b'!D26 -> 0.024102213 | E28: ='LCIA_AD-b'!E26 -> 23.655564 | F28: ='LCIA_AD-b'!F26 -> 1.5658449e-07 | G28: ='LCIA_AD-b'!G26 -> 0.25468114
B29: wastewater treatment | C29: ='LCIA_AD-b'!C27 -> 0.08289426 | D29: ='LCIA_AD-b'!D27 -> 0.17986836 | E29: ='LCIA_AD-b'!E27 -> 0.96276199 | F29: ='LCIA_AD-b'!F27 -> 2.4677365e-07 | G29: ='LCIA_AD-b'!G27 -> -0.00046540191
A30: Composting of digestate | C30: ='LCIA_AD-b'!C28 -> 20.023162 | D30: ='LCIA_AD-b'!D28 -> 5.537795 | E30: ='LCIA_AD-b'!E28 -> 61.671424 | F30: ='LCIA_AD-b'!F28 -> 3.6457712e-05 | G30: ='LCIA_AD-b'!G28 -> 0.42904899
B31: CH4 | C31: ='LCIA_AD-b'!C29 -> 2.3821712 | D31: ='LCIA_AD-b'!D29 -> 0 | E31: ='LCIA_AD-b'!E29 -> 0 | F31: ='LCIA_AD-b'!F29 -> 0 | G31: ='LCIA_AD-b'!G29 -> 0
B32: N2O | C32: ='LCIA_AD-b'!C30 -> 17.012982 | D32: ='LCIA_AD-b'!D30 -> 0 | E32: ='LCIA_AD-b'!E30 -> 0 | F32: ='LCIA_AD-b'!F30 -> 0 | G32: ='LCIA_AD-b'!G30 -> 0
B33: NH3 | C33: ='LCIA_AD-b'!C31 -> 0 | D33: ='LCIA_AD-b'!D31 -> 5.3456953 | E33: ='LCIA_AD-b'!E31 -> 0 | F33: ='LCIA_AD-b'!F31 -> 3.596854e-05 | G33: ='LCIA_AD-b'!G31 -> 0
B34: NMVOC | C34: ='LCIA_AD-b'!C32 -> 0 | D34: ='LCIA_AD-b'!D32 -> 0.078076707 | E34: ='LCIA_AD-b'!E32 -> 0 | F34: ='LCIA_AD-b'!F32 -> 5.0595209e-09 | G34: ='LCIA_AD-b'!G32 -> 0
B35: CO | C35: ='LCIA_AD-b'!C33 -> 0 | D35: ='LCIA_AD-b'!D33 -> 0 | E35: ='LCIA_AD-b'!E33 -> 0 | F35: ='LCIA_AD-b'!F33 -> 0 | G35: ='LCIA_AD-b'!G33 -> 0
B36: electricity | C36: ='LCIA_AD-b'!C34 -> 0.24305618 | D36: ='LCIA_AD-b'!D34 -> 0.037320666 | E36: ='LCIA_AD-b'!E34 -> 36.62906 | F36: ='LCIA_AD-b'!F34 -> 2.4246062e-07 | G36: ='LCIA_AD-b'!G34 -> 0.39435674
B37: diesel | C37: ='LCIA_AD-b'!C35 -> 0.38495173 | D37: ='LCIA_AD-b'!D35 -> 0.076702309 | E37: ='LCIA_AD-b'!E35 -> 25.042364 | F37: ='LCIA_AD-b'!F35 -> 2.4165125e-07 | G37: ='LCIA_AD-b'!G35 -> 0.034692256
A38: Land application of compost | C38: ='LCIA_AD-b'!C36 -> -27.214301 | D38: ='LCIA_AD-b'!D36 -> 7.1951541 | E38: ='LCIA_AD-b'!E36 -> 0 | F38: ='LCIA_AD-b'!F36 -> 1.4004956e-05 | G38: ='LCIA_AD-b'!G36 -> 0
B39: N2O | C39: ='LCIA_AD-b'!C37 -> 3.6020203 | D39: ='LCIA_AD-b'!D37 -> 0 | E39: ='LCIA_AD-b'!E37 -> 0 | F39: ='LCIA_AD-b'!F37 -> 0 | G39: ='LCIA_AD-b'!G37 -> 0
B40: NH3 | C40: ='LCIA_AD-b'!C38 -> 0 | D40: ='LCIA_AD-b'!D38 -> 2.0814363 | E40: ='LCIA_AD-b'!E38 -> 0 | F40: ='LCIA_AD-b'!F38 -> 1.4004956e-05 | G40: ='LCIA_AD-b'!G38 -> 0
B41: NO3 | C41: ='LCIA_AD-b'!C39 -> 0 | D41: ='LCIA_AD-b'!D39 -> 5.2372358 | E41: ='LCIA_AD-b'!E39 -> 0 | F41: ='LCIA_AD-b'!F39 -> 0 | G41: ='LCIA_AD-b'!G39 -> 0
B42: (PO4)3- | C42: ='LCIA_AD-b'!C40 -> 0 | D42: ='LCIA_AD-b'!D40 -> -0.123518 | E42: ='LCIA_AD-b'!E40 -> 0 | F42: ='LCIA_AD-b'!F40 -> 0 | G42: ='LCIA_AD-b'!G40 -> 0
B43: CO2 fossil | C43: ='LCIA_AD-b'!C41 -> -30.816321 | D43: ='LCIA_AD-b'!D41 -> 0 | E43: ='LCIA_AD-b'!E41 -> 0 | F43: ='LCIA_AD-b'!F41 -> 0 | G43: ='LCIA_AD-b'!G41 -> 0
A44: Substituted products | C44: =SUM(C45:C49) -> 304.60228 | D44: =SUM(D45:D49) -> 21.484152 | E44: =SUM(E45:E49) -> 5462.6154 | F44: =SUM(F45:F49) -> 8.1963163e-05 | G44: =SUM(G45:G49) -> 60.668855
B45: N-fertilizer | C45: ='LCIA_AD-b'!C43 -> 15.522699 | D45: ='LCIA_AD-b'!D43 -> 2.0596946 | E45: ='LCIA_AD-b'!E43 -> 228.26827 | F45: ='LCIA_AD-b'!F43 -> 1.1387282e-05 | G45: ='LCIA_AD-b'!G43 -> 23.373766
B46: P-fertilizer | C46: ='LCIA_AD-b'!C44 -> 12.451854 | D46: ='LCIA_AD-b'!D44 -> 5.8033748 | E46: ='LCIA_AD-b'!E44 -> 218.3195 | F46: ='LCIA_AD-b'!F44 -> 4.7898741e-05 | G46: ='LCIA_AD-b'!G44 -> 29.538178
B47: K-fertilizer | C47: ='LCIA_AD-b'!C45 -> 1.8991612 | D47: ='LCIA_AD-b'!D45 -> 0.46221699 | E47: ='LCIA_AD-b'!E45 -> 30.790657 | F47: ='LCIA_AD-b'!F45 -> 2.1302278e-06 | G47: ='LCIA_AD-b'!G45 -> 0.89360271
B48: Peat | C48: ='LCIA_AD-b'!C46 -> 0.60151873 | D48: ='LCIA_AD-b'!D46 -> 0.26016692 | E48: ='LCIA_AD-b'!E46 -> 424.13181 | F48: ='LCIA_AD-b'!F46 -> 4.8284248e-07 | G48: ='LCIA_AD-b'!G46 -> 1.3478751
B49: Marginal heat | C49: ='LCI_AD-f'!$E52*'IW+f'!C39 -> 274.12705 | D49: ='LCI_AD-f'!$E52*'IW+f'!D39 -> 12.898699 | E49: ='LCI_AD-f'!$E52*'IW+f'!E39 -> 4561.1051 | F49: ='LCI_AD-f'!$E52*'IW+f'!F39 -> 2.006407e-05 | G49: ='LCI_AD-f'!$E52*'IW+f'!G39 -> 5.5154334
A51: Total impact | C51: =C5+C38-C44 -> -267.29346 | D51: =D5+D38-D44 -> -2.1520788 | E51: =E5+E38-E44 -> -4826.9261 | F51: =F5+F38-F44 -> 7.1326731e-05 | G51: =G5+G38-G44 -> -44.754073
A55: Process | C55: Climate change, ecosystem quality, long term | D55: Climate change, ecosystem quality, short term | E55: Climate change, human health, long term | F55: Climate change, human health, short term | G55: Fisheries impact | H55: Freshwater acidification | I55: Freshwater ecotoxicity, long term | J55: Freshwater ecotoxicity, short term | K55: Freshwater eutrophication | L55: Human toxicity cancer, long term | M55: Human toxicity cancer, short term | N55: Human toxicity non-cancer, long term | O55: Human toxicity non-cancer, short term | P55: Ionizing radiations, ecosystem quality | Q55: Ionizing radiations, human health | R55: Land occupation, biodiversity | S55: Land transformation, biodiversity | T55: Marine acidification, long term | U55: Marine acidification, short term | V55: Marine ecotoxicity, long term | W55: Marine ecotoxicity, short term | X55: Marine eutrophication | Y55: Ozone layer depletion | Z55: Particulate matter formation | AA55: Photochemical ozone formation, ecosystem quality | AB55: Photochemical ozone formation, human health | AC55: Terrestrial acidification | AD55: Terrestrial ecotoxicity, long term | AE55: Terrestrial ecotoxicity, short term | AF55: Thermally polluted water | AG55: Total ecosystem quality | AH55: Total human health | AI55: Water availability, freshwater ecosystem | AJ55: Water availability, human health | AK55: Water availability, terrestrial ecosystem
A56: AD | C56: =SUM(C58:C88) -> #REF! | D56: =SUM(D58:D88) -> #REF! | E56: =SUM(E58:E88) -> #REF! | F56: =SUM(F58:F88) -> #REF! | G56: =SUM(G58:G88) -> 2.9237342e-17 | H56: =SUM(H58:H88) -> 0.93334934 | I56: =SUM(I58:I88) -> 3.8151579 | J56: =SUM(J58:J88) -> 0.33835237 | ... AK56: =SUM(AK58:AK88) -> 0.00042009481
A57: Pretreatment
B58: Electricity consumption | C58: ='LCIA_AD-e'!C48 -> #REF! | D58: ='LCIA_AD-e'!D48 -> #REF! | E58: ='LCIA_AD-e'!E48 -> #REF! | F58: ='LCIA_AD-e'!F48 -> #REF! | G58: ='LCIA_AD-e'!G48 -> 9.0040098e-20 | H58: ='LCIA_AD-e'!H48 -> 0.0051931115 | I58: ='LCIA_AD-e'!I48 -> 0.24839019 | J58: ='LCIA_AD-e'!J48 -> 0.012340834 | ... AK58: ='LCIA_AD-e'!AK48 -> 1.4715139e-05
B59: Water consumption | C59: ='LCIA_AD-e'!C49 -> #REF! | D59: ='LCIA_AD-e'!D49 -> #REF! | E59: ='LCIA_AD-e'!E49 -> #REF! | F59: ='LCIA_AD-e'!F49 -> #REF! | G59: ='LCIA_AD-e'!G49 -> 0 | H59: ='LCIA_AD-e'!H49 -> 0 | I59: ='LCIA_AD-e'!I49 -> 0 | J59: ='LCIA_AD-e'!J49 -> 0 | ... AK59: ='LCIA_AD-e'!AK49 -> 0
A60: Incineration | C60: ='LCIA_AD-e'!C50 -> 0 | D60: ='LCIA_AD-e'!D50 -> 0 | E60: ='LCIA_AD-e'!E50 -> 0 | F60: ='LCIA_AD-e'!F50 -> 0 | G60: ='LCIA_AD-e'!G50 -> 0 | H60: ='LCIA_AD-e'!H50 -> 0 | I60: ='LCIA_AD-e'!I50 -> 0 | J60: ='LCIA_AD-e'!J50 -> 0 | ... AK60: ='LCIA_AD-e'!AK50 -> 0
B61: Transport | C61: ='LCIA_AD-e'!C51 -> #REF! | D61: ='LCIA_AD-e'!D51 -> #REF! | E61: ='LCIA_AD-e'!E51 -> #REF! | F61: ='LCIA_AD-e'!F51 -> #REF! | G61: ='LCIA_AD-e'!G51 -> 3.4259653e-19 | H61: ='LCIA_AD-e'!H51 -> 0.0019088749 | I61: ='LCIA_AD-e'!I51 -> 0.021165975 | J61: ='LCIA_AD-e'!J51 -> 0.007784244 | ... AK61: ='LCIA_AD-e'!AK51 -> 6.4212373e-06
B62: Incineration | C62: ='LCIA_AD-e'!C52 -> #REF! | D62: ='LCIA_AD-e'!D52 -> #REF! | E62: ='LCIA_AD-e'!E52 -> #REF! | F62: ='LCIA_AD-e'!F52 -> #REF! | G62: ='LCIA_AD-e'!G52 -> 1.3417015e-18 | H62: ='LCIA_AD-e'!H52 -> 0.070661974 | I62: ='LCIA_AD-e'!I52 -> 0.93416719 | J62: ='LCIA_AD-e'!J52 -> 0.11947233 | ... AK62: ='LCIA_AD-e'!AK52 -> 0.00021385693
A63: AD | C63: ='LCIA_AD-e'!C53 -> 0 | D63: ='LCIA_AD-e'!D53 -> 0 | E63: ='LCIA_AD-e'!E53 -> 0 | F63: ='LCIA_AD-e'!F53 -> 0 | G63: ='LCIA_AD-e'!G53 -> 0 | H63: ='LCIA_AD-e'!H53 -> 0 | I63: ='LCIA_AD-e'!I53 -> 0 | J63: ='LCIA_AD-e'!J53 -> 0 | ... AK63: ='LCIA_AD-e'!AK53 -> 0
B64: Electricity | C64: ='LCIA_AD-e'!C54 -> #REF! | D64: ='LCIA_AD-e'!D54 -> #REF! | E64: ='LCIA_AD-e'!E54 -> #REF! | F64: ='LCIA_AD-e'!F54 -> #REF! | G64: ='LCIA_AD-e'!G54 -> 2.0146246e-19 | H64: ='LCIA_AD-e'!H54 -> 0.011619457 | I64: ='LCIA_AD-e'!I54 -> 0.55576682 | J64: ='LCIA_AD-e'!J54 -> 0.027612306 | ... AK64: ='LCIA_AD-e'!AK54 -> 3.2924756e-05
B65: Heat | C65: ='LCIA_AD-e'!C55 -> #REF! | D65: ='LCIA_AD-e'!D55 -> #REF! | E65: ='LCIA_AD-e'!E55 -> #REF! | F65: ='LCIA_AD-e'!F55 -> #REF! | G65: ='LCIA_AD-e'!G55 -> 2.7159126e-17 | H65: ='LCIA_AD-e'!H55 -> 0.03938443 | I65: ='LCIA_AD-e'!I55 -> 1.1164092 | J65: ='LCIA_AD-e'!J55 -> 0.14465945 | ... AK65: ='LCIA_AD-e'!AK55 -> 0.00013677242
B66: CH4 | C66: ='LCIA_AD-e'!C56 -> #REF! | D66: ='LCIA_AD-e'!D56 -> #REF! | E66: ='LCIA_AD-e'!E56 -> #REF! | F66: ='LCIA_AD-e'!F56 -> #REF! | G66: ='LCIA_AD-e'!G56 -> 0 | H66: ='LCIA_AD-e'!H56 -> 0 | I66: ='LCIA_AD-e'!I56 -> 0 | J66: ='LCIA_AD-e'!J56 -> 0 | ... AK66: ='LCIA_AD-e'!AK56 -> 0
A67: Combustion of biogas | C67: ='LCIA_AD-e'!C57 -> 0 | D67: ='LCIA_AD-e'!D57 -> 0 | E67: ='LCIA_AD-e'!E57 -> 0 | F67: ='LCIA_AD-e'!F57 -> 0 | G67: ='LCIA_AD-e'!G57 -> 0 | H67: ='LCIA_AD-e'!H57 -> 0 | I67: ='LCIA_AD-e'!I57 -> 0 | J67: ='LCIA_AD-e'!J57 -> 0 | ... AK67: ='LCIA_AD-e'!AK57 -> 0
B68: CH4 | C68: ='LCIA_AD-e'!C58 -> #REF! | D68: ='LCIA_AD-e'!D58 -> #REF! | E68: ='LCIA_AD-e'!E58 -> #REF! | F68: ='LCIA_AD-e'!F58 -> #REF! | G68: ='LCIA_AD-e'!G58 -> 0 | H68: ='LCIA_AD-e'!H58 -> 0 | I68: ='LCIA_AD-e'!I58 -> 0 | J68: ='LCIA_AD-e'!J58 -> 0 | ... AK68: ='LCIA_AD-e'!AK58 -> 0
B69: N2O | C69: ='LCIA_AD-e'!C59 -> #REF! | D69: ='LCIA_AD-e'!D59 -> #REF! | E69: ='LCIA_AD-e'!E59 -> #REF! | F69: ='LCIA_AD-e'!F59 -> #REF! | G69: ='LCIA_AD-e'!G59 -> 0 | H69: ='LCIA_AD-e'!H59 -> 0 | I69: ='LCIA_AD-e'!I59 -> 0 | J69: ='LCIA_AD-e'!J59 -> 0 | ... AK69: ='LCIA_AD-e'!AK59 -> 0
B70: Sox | C70: ='LCIA_AD-e'!C60 -> #REF! | D70: ='LCIA_AD-e'!D60 -> #REF! | E70: ='LCIA_AD-e'!E60 -> #REF! | F70: ='LCIA_AD-e'!F60 -> #REF! | G70: ='LCIA_AD-e'!G60 -> 0 | H70: ='LCIA_AD-e'!H60 -> 0.095156648 | I70: ='LCIA_AD-e'!I60 -> 0 | J70: ='LCIA_AD-e'!J60 -> 0 | ... AK70: ='LCIA_AD-e'!AK60 -> 0
B71: PM10 | C71: ='LCIA_AD-e'!C61 -> #REF! | D71: ='LCIA_AD-e'!D61 -> #REF! | E71: ='LCIA_AD-e'!E61 -> #REF! | F71: ='LCIA_AD-e'!F61 -> #REF! | G71: ='LCIA_AD-e'!G61 -> 0 | H71: ='LCIA_AD-e'!H61 -> 0 | I71: ='LCIA_AD-e'!I61 -> 0 | J71: ='LCIA_AD-e'!J61 -> 0 | ... AK71: ='LCIA_AD-e'!AK61 -> 0
B72: PM2.5 | C72: ='LCIA_AD-e'!C62 -> #REF! | D72: ='LCIA_AD-e'!D62 -> #REF! | E72: ='LCIA_AD-e'!E62 -> #REF! | F72: ='LCIA_AD-e'!F62 -> #REF! | G72: ='LCIA_AD-e'!G62 -> 0 | H72: ='LCIA_AD-e'!H62 -> 0 | I72: ='LCIA_AD-e'!I62 -> 0 | J72: ='LCIA_AD-e'!J62 -> 0 | ... AK72: ='LCIA_AD-e'!AK62 -> 0
B73: Nox | C73: ='LCIA_AD-e'!C63 -> #REF! | D73: ='LCIA_AD-e'!D63 -> #REF! | E73: ='LCIA_AD-e'!E63 -> #REF! | F73: ='LCIA_AD-e'!F63 -> #REF! | G73: ='LCIA_AD-e'!G63 -> 0 | H73: ='LCIA_AD-e'!H63 -> 0.30639594 | I73: ='LCIA_AD-e'!I63 -> 0 | J73: ='LCIA_AD-e'!J63 -> 0 | ... AK73: ='LCIA_AD-e'!AK63 -> 0
B74: NH3 | C74: ='LCIA_AD-e'!C64 -> #REF! | D74: ='LCIA_AD-e'!D64 -> #REF! | E74: ='LCIA_AD-e'!E64 -> #REF! | F74: ='LCIA_AD-e'!F64 -> #REF! | G74: ='LCIA_AD-e'!G64 -> 0 | H74: ='LCIA_AD-e'!H64 -> 0.022364721 | I74: ='LCIA_AD-e'!I64 -> 0 | J74: ='LCIA_AD-e'!J64 -> 0 | ... AK74: ='LCIA_AD-e'!AK64 -> 0
B75: CO | C75: ='LCIA_AD-e'!C65 -> #REF! | D75: ='LCIA_AD-e'!D65 -> #REF! | E75: ='LCIA_AD-e'!E65 -> #REF! | F75: ='LCIA_AD-e'!F65 -> #REF! | G75: ='LCIA_AD-e'!G65 -> 0 | H75: ='LCIA_AD-e'!H65 -> 0 | I75: ='LCIA_AD-e'!I65 -> 0 | J75: ='LCIA_AD-e'!J65 -> 0 | ... AK75: ='LCIA_AD-e'!AK65 -> 0
B76: VOC | C76: ='LCIA_AD-e'!C66 -> #REF! | D76: ='LCIA_AD-e'!D66 -> #REF! | E76: ='LCIA_AD-e'!E66 -> #REF! | F76: ='LCIA_AD-e'!F66 -> #REF! | G76: ='LCIA_AD-e'!G66 -> 0 | H76: ='LCIA_AD-e'!H66 -> 0 | I76: ='LCIA_AD-e'!I66 -> 0 | J76: ='LCIA_AD-e'!J66 -> 0 | ... AK76: ='LCIA_AD-e'!AK66 -> 0
B77: Electricity | C77: ='LCIA_AD-e'!C67 -> #REF! | D77: ='LCIA_AD-e'!D67 -> #REF! | E77: ='LCIA_AD-e'!E67 -> #REF! | F77: ='LCIA_AD-e'!F67 -> #REF! | G77: ='LCIA_AD-e'!G67 -> 5.4908182e-21 | H77: ='LCIA_AD-e'!H67 -> 0.00031668592 | I77: ='LCIA_AD-e'!I67 -> 0.015147311 | J77: ='LCIA_AD-e'!J67 -> 0.00075256775 | ... AK77: ='LCIA_AD-e'!AK67 -> 8.9735748e-07
A78: Dewatering
B79: electricity | C79: ='LCIA_AD-b'!C76 -> #REF! | D79: ='LCIA_AD-b'!D76 -> #REF! | E79: ='LCIA_AD-b'!E76 -> #REF! | F79: ='LCIA_AD-b'!F76 -> #REF! | G79: ='LCIA_AD-b'!G76 -> 1.8210792e-20 | H79: ='LCIA_AD-b'!H76 -> 0.0010503173 | I79: ='LCIA_AD-b'!I76 -> 0.050237417 | J79: ='LCIA_AD-b'!J76 -> 0.0024959585 | ... AK79: ='LCIA_AD-b'!AK76 -> 2.9761667e-06
B80: wastewater treatment | C80: ='LCIA_AD-b'!C77 -> #REF! | D80: ='LCIA_AD-b'!D77 -> #REF! | E80: ='LCIA_AD-b'!E77 -> #REF! | F80: ='LCIA_AD-b'!F77 -> #REF! | G80: ='LCIA_AD-b'!G77 -> 3.4384901e-20 | H80: ='LCIA_AD-b'!H77 -> 0.00052699305 | I80: ='LCIA_AD-b'!I77 -> 0.7718881 | J80: ='LCIA_AD-b'!J77 -> 0.0017392727 | ... AK80: ='LCIA_AD-b'!AK77 -> 3.6047858e-06
A81: Composting of digestate | C81: ='LCIA_AD-b'!C78 -> 0 | D81: ='LCIA_AD-b'!D78 -> 0 | E81: ='LCIA_AD-b'!E78 -> 0 | F81: ='LCIA_AD-b'!F78 -> 0 | G81: ='LCIA_AD-b'!G78 -> 0 | H81: ='LCIA_AD-b'!H78 -> 0 | I81: ='LCIA_AD-b'!I78 -> 0 | J81: ='LCIA_AD-b'!J78 -> 0 | ... AK81: ='LCIA_AD-b'!AK78 -> 0
B82: CH4 | C82: ='LCIA_AD-b'!C79 -> #REF! | D82: ='LCIA_AD-b'!D79 -> #REF! | E82: ='LCIA_AD-b'!E79 -> #REF! | F82: ='LCIA_AD-b'!F79 -> #REF! | G82: ='LCIA_AD-b'!G79 -> 0 | H82: ='LCIA_AD-b'!H79 -> 0 | I82: ='LCIA_AD-b'!I79 -> 0 | J82: ='LCIA_AD-b'!J79 -> 0 | ... AK82: ='LCIA_AD-b'!AK79 -> 0
B83: N2O | C83: ='LCIA_AD-b'!C80 -> #REF! | D83: ='LCIA_AD-b'!D80 -> #REF! | E83: ='LCIA_AD-b'!E80 -> #REF! | F83: ='LCIA_AD-b'!F80 -> #REF! | G83: ='LCIA_AD-b'!G80 -> 0 | H83: ='LCIA_AD-b'!H80 -> 0 | I83: ='LCIA_AD-b'!I80 -> 0 | J83: ='LCIA_AD-b'!J80 -> 0 | ... AK83: ='LCIA_AD-b'!AK80 -> 0
B84: NH3 | C84: ='LCIA_AD-b'!C81 -> #REF! | D84: ='LCIA_AD-b'!D81 -> #REF! | E84: ='LCIA_AD-b'!E81 -> #REF! | F84: ='LCIA_AD-b'!F81 -> #REF! | G84: ='LCIA_AD-b'!G81 -> 0 | H84: ='LCIA_AD-b'!H81 -> 0.37443844 | I84: ='LCIA_AD-b'!I81 -> 0 | J84: ='LCIA_AD-b'!J81 -> 0 | ... AK84: ='LCIA_AD-b'!AK81 -> 0
B85: NMVOC | C85: ='LCIA_AD-b'!C82 -> #REF! | D85: ='LCIA_AD-b'!D82 -> #REF! | E85: ='LCIA_AD-b'!E82 -> #REF! | F85: ='LCIA_AD-b'!F82 -> #REF! | G85: ='LCIA_AD-b'!G82 -> 0 | H85: ='LCIA_AD-b'!H82 -> 0 | I85: ='LCIA_AD-b'!I82 -> 0 | J85: ='LCIA_AD-b'!J82 -> 0 | ... AK85: ='LCIA_AD-b'!AK82 -> 0
B86: CO | C86: ='LCIA_AD-b'!C83 -> #REF! | D86: ='LCIA_AD-b'!D83 -> #REF! | E86: ='LCIA_AD-b'!E83 -> #REF! | F86: ='LCIA_AD-b'!F83 -> #REF! | G86: ='LCIA_AD-b'!G83 -> 0 | H86: ='LCIA_AD-b'!H83 -> 0 | I86: ='LCIA_AD-b'!I83 -> 0 | J86: ='LCIA_AD-b'!J83 -> 0 | ... AK86: ='LCIA_AD-b'!AK83 -> 0
B87: electricity | C87: ='LCIA_AD-b'!C84 -> #REF! | D87: ='LCIA_AD-b'!D84 -> #REF! | E87: ='LCIA_AD-b'!E84 -> #REF! | F87: ='LCIA_AD-b'!F84 -> #REF! | G87: ='LCIA_AD-b'!G84 -> 2.8198194e-20 | H87: ='LCIA_AD-b'!H84 -> 0.0016263462 | I87: ='LCIA_AD-b'!I84 -> 0.077789284 | J87: ='LCIA_AD-b'!J84 -> 0.0038648251 | ... AK87: ='LCIA_AD-b'!AK84 -> 4.6083953e-06
B88: diesel | C88: ='LCIA_AD-b'!C85 -> #REF! | D88: ='LCIA_AD-b'!D85 -> #REF! | E88: ='LCIA_AD-b'!E85 -> #REF! | F88: ='LCIA_AD-b'!F85 -> #REF! | G88: ='LCIA_AD-b'!G85 -> 1.6130521e-20 | H88: ='LCIA_AD-b'!H85 -> 0.002705407 | I88: ='LCIA_AD-b'!I85 -> 0.02419644 | J88: ='LCIA_AD-b'!J85 -> 0.017630584 | ... AK88: ='LCIA_AD-b'!AK85 -> 3.3176217e-06
A89: Land application of compost | C89: =SUM(C90:C94) -> #REF! | D89: =SUM(D90:D94) -> #REF! | E89: =SUM(E90:E94) -> #REF! | F89: =SUM(F90:F94) -> #REF! | G89: =SUM(G90:G94) -> 0 | H89: =SUM(H90:H94) -> 0.1457939 | I89: =SUM(I90:I94) -> 0 | J89: =SUM(J90:J94) -> 0 | ... AK89: =SUM(AK90:AK94) -> 0
B90: N2O | C90: ='LCIA_AD-b'!C87 -> #REF! | D90: ='LCIA_AD-b'!D87 -> #REF! | E90: ='LCIA_AD-b'!E87 -> #REF! | F90: ='LCIA_AD-b'!F87 -> #REF! | G90: ='LCIA_AD-b'!G87 -> 0 | H90: ='LCIA_AD-b'!H87 -> 0 | I90: ='LCIA_AD-b'!I87 -> 0 | J90: ='LCIA_AD-b'!J87 -> 0 | ... AK90: ='LCIA_AD-b'!AK87 -> 0
B91: NH3 | C91: ='LCIA_AD-b'!C88 -> #REF! | D91: ='LCIA_AD-b'!D88 -> #REF! | E91: ='LCIA_AD-b'!E88 -> #REF! | F91: ='LCIA_AD-b'!F88 -> #REF! | G91: ='LCIA_AD-b'!G88 -> 0 | H91: ='LCIA_AD-b'!H88 -> 0.1457939 | I91: ='LCIA_AD-b'!I88 -> 0 | J91: ='LCIA_AD-b'!J88 -> 0 | ... AK91: ='LCIA_AD-b'!AK88 -> 0
B92: NO3 | C92: ='LCIA_AD-b'!C89 -> #REF! | D92: ='LCIA_AD-b'!D89 -> #REF! | E92: ='LCIA_AD-b'!E89 -> #REF! | F92: ='LCIA_AD-b'!F89 -> #REF! | G92: ='LCIA_AD-b'!G89 -> 0 | H92: ='LCIA_AD-b'!H89 -> 0 | I92: ='LCIA_AD-b'!I89 -> 0 | J92: ='LCIA_AD-b'!J89 -> 0 | ... AK92: ='LCIA_AD-b'!AK89 -> 0
B93: (PO4)3- | C93: ='LCIA_AD-b'!C90 -> #REF! | D93: ='LCIA_AD-b'!D90 -> #REF! | E93: ='LCIA_AD-b'!E90 -> #REF! | F93: ='LCIA_AD-b'!F90 -> #REF! | G93: ='LCIA_AD-b'!G90 -> 0 | H93: ='LCIA_AD-b'!H90 -> 0 | I93: ='LCIA_AD-b'!I90 -> 0 | J93: ='LCIA_AD-b'!J90 -> 0 | ... AK93: ='LCIA_AD-b'!AK90 -> 0
B94: CO2 fossil | C94: ='LCIA_AD-b'!C91 -> #REF! | D94: ='LCIA_AD-b'!D91 -> #REF! | E94: ='LCIA_AD-b'!E91 -> #REF! | F94: ='LCIA_AD-b'!F91 -> #REF! | G94: ='LCIA_AD-b'!G91 -> 0 | H94: ='LCIA_AD-b'!H91 -> 0 | I94: ='LCIA_AD-b'!I91 -> 0 | J94: ='LCIA_AD-b'!J91 -> 0 | ... AK94: ='LCIA_AD-b'!AK91 -> 0
A95: Substituted products | C95: =SUM(C96:C100) -> #REF! | D95: =SUM(D96:D100) -> #REF! | E95: =SUM(E96:E100) -> #REF! | F95: =SUM(F96:F100) -> #REF! | G95: =SUM(G96:G100) -> 1.2546848e-16 | H95: =SUM(H96:H100) -> 1.6710729 | I95: =SUM(I96:I100) -> 10.900179 | J95: =SUM(J96:J100) -> 4.1411165 | ... AK95: =SUM(AK96:AK100) -> 0.010891978
B96: N-fertilizer | C96: ='LCIA_AD-b'!C93 -> #REF! | D96: ='LCIA_AD-b'!D93 -> #REF! | E96: ='LCIA_AD-b'!E93 -> #REF! | F96: ='LCIA_AD-b'!F93 -> #REF! | G96: ='LCIA_AD-b'!G93 -> 3.9249224e-17 | H96: ='LCIA_AD-b'!H93 -> 0.087287714 | I96: ='LCIA_AD-b'!I93 -> 0.72592559 | J96: ='LCIA_AD-b'!J93 -> 0.24130766 | ... AK96: ='LCIA_AD-b'!AK93 -> 0.00031717923
B97: P-fertilizer | C97: ='LCIA_AD-b'!C94 -> #REF! | D97: ='LCIA_AD-b'!D94 -> #REF! | E97: ='LCIA_AD-b'!E94 -> #REF! | F97: ='LCIA_AD-b'!F94 -> #REF! | G97: ='LCIA_AD-b'!G94 -> 7.3123981e-17 | H97: ='LCIA_AD-b'!H94 -> 0.4482331 | I97: ='LCIA_AD-b'!I94 -> 2.3472795 | J97: ='LCIA_AD-b'!J94 -> 0.21528369 | ... AK97: ='LCIA_AD-b'!AK94 -> 0.0034323692
B98: K-fertilizer | C98: ='LCIA_AD-b'!C95 -> #REF! | D98: ='LCIA_AD-b'!D95 -> #REF! | E98: ='LCIA_AD-b'!E95 -> #REF! | F98: ='LCIA_AD-b'!F95 -> #REF! | G98: ='LCIA_AD-b'!G95 -> 5.8984226e-18 | H98: ='LCIA_AD-b'!H95 -> 0.013919101 | I98: ='LCIA_AD-b'!I95 -> 0.37633612 | J98: ='LCIA_AD-b'!J95 -> 0.039145357 | ... AK98: ='LCIA_AD-b'!AK95 -> 4.3992966e-05
B99: Peat | C99: ='LCIA_AD-b'!C96 -> #REF! | D99: ='LCIA_AD-b'!D96 -> #REF! | E99: ='LCIA_AD-b'!E96 -> #REF! | F99: ='LCIA_AD-b'!F96 -> #REF! | G99: ='LCIA_AD-b'!G96 -> 8.1457899e-20 | H99: ='LCIA_AD-b'!H96 -> 0.0027947845 | I99: ='LCIA_AD-b'!I96 -> 0.031795124 | J99: ='LCIA_AD-b'!J96 -> 0.013114397 | ... AK99: ='LCIA_AD-b'!AK96 -> 0.0061985674
B100: Marginal heat | C100: ='LCI_AD-f'!$E52*'IW+_end'!#REF! -> #REF! | D100: ='LCI_AD-f'!$E52*'IW+_end'!#REF! -> #REF! | E100: ='LCI_AD-f'!$E52*'IW+_end'!#REF! -> #REF! | F100: ='LCI_AD-f'!$E52*'IW+_end'!#REF! -> #REF! | G100: ='LCI_AD-f'!$E52*'IW+_end'!C39 -> 7.115391e-18 | H100: ='LCI_AD-f'!$E52*'IW+_end'!D39 -> 1.1188382 | I100: ='LCI_AD-f'!$E52*'IW+_end'!E39 -> 7.4188429 | J100: ='LCI_AD-f'!$E52*'IW+_end'!F39 -> 3.6322654 | K100: ='LCI_AD-f'!$E52*'IW+_end'!G39 -> 0.0055870598 | L100: ='LCI_AD-f'!$E52*'IW+_end'!H39 -> 5.8195851e-07 | M100: ='LCI_AD-f'!$E52*'IW+_end'!I39 -> 1.6147514e-05 | N100: ='LCI_AD-f'!$E52*'IW+_end'!J39 -> 1.5509722e-05 | ... AK100: ='LCI_AD-f'!$E52*'IW+_end'!AG39 -> 0.00089986914
A102: Total | C102: =C56+C89-C95 -> #REF! | D102: =D56+D89-D95 -> #REF! | E102: =E56+E89-E95 -> #REF! | F102: =F56+F89-F95 -> #REF! | G102: =G56+G89-G95 -> -9.6231134e-17 | H102: =H56+H89-H95 -> -0.59192971 | I102: =I56+I89-I95 -> -7.0850214 | J102: =J56+J89-J95 -> -3.8027642 | ... AK102: =AK56+AK89-AK95 -> -0.010471883

Sheet IW+_end
A1: Process | B1: Reference unit | C1: Fisheries impact | D1: Freshwater acidification | E1: Freshwater ecotoxicity, long term | F1: Freshwater ecotoxicity, short term | G1: Freshwater eutrophication | H1: Human toxicity cancer, long term | I1: Human toxicity cancer, short term | J1: Human toxicity non-cancer, long term | K1: Human toxicity non-cancer, short term | L1: Ionizing radiations, ecosystem quality | M1: Ionizing radiations, human health | N1: Land occupation, biodiversity | O1: Land transformation, biodiversity | P1: Marine acidification, long term | Q1: Marine acidification, short term | R1: Marine ecotoxicity, long term | S1: Marine ecotoxicity, short term | T1: Marine eutrophication | U1: Ozone layer depletion | V1: Particulate matter formation | W1: Photochemical ozone formation, ecosystem quality | X1: Photochemical ozone formation, human health | Y1: Terrestrial acidification | Z1: Terrestrial ecotoxicity, long term | AA1: Terrestrial ecotoxicity, short term | AB1: Thermally polluted water | AC1: Total ecosystem quality | AD1: Total human health | AE1: Water availability, freshwater ecosystem | AF1: Water availability, human health | AG1: Water availability, terrestrial ecosystem | AI1: Ecoinvent process | AJ1: Region
A2: Electricity production | B2: kWh | C2: 9.0220539e-21 | D2: 0.00052035185 | E2: 0.024888796 | F2: 0.0012365565 | G2: 2.1482719e-06 | H2: 8.7189411e-10 | I2: 1.6630166e-08 | J2: 1.9716035e-08 | K2: 1.0495037e-08 | L2: 4.1472255e-10 | M2: 1.2788915e-08 | N2: 0.0016567241 | O2: 0.0011680202 | P2: 0.010269588 | Q2: 0.0011147872 | R2: 9.6682892e-08 | S2: 2.6607992e-08 | T2: 6.8100187e-05 | U2: 4.6326221e-12 | V2: 3.7499949e-08 | W2: 0.0015786993 | X2: 1.5693505e-10 | Y2: 0.0034337732 | Z2: 0.0035290615 | AA2: 0.00097119172 | AB2: 0.00019042271 | AC2: =SUM(C2:G2)+L2+SUM(N2:T2)+W2+SUM(Y2:AB2)+AE2+AG2 -> 0.050630831 | AD2: =SUM(H2:K2)+M2+SUM(U2:V2)+X2+AF2 -> 2.2169617e-07 | AE2: 1.011382e-06 | AF2: 1.2353261e-07 | AG2: 1.4744629e-06 | AI2: market for electricity, medium voltage | electricity, medium voltage | Cutoff, U | AJ2: FR
A3: Water production | B3: kg | C3: 1.4472652e-20 | D3: 2.6983115e-06 | E3: 2.7477981e-05 | F3: 6.1320649e-06 | G3: 1.2606069e-08 | H3: 1.408413e-11 | I3: 9.2762381e-10 | J3: 3.9435252e-10 | K3: 6.711082e-11 | L3: 1.4514271e-13 | M3: 2.798748e-12 | N3: 4.7297185e-06 | O3: 6.0711292e-06 | P3: 4.2913089e-05 | Q3: 4.6582693e-06 | R3: 4.9804263e-11 | S3: 3.9972635e-11 | T3: 2.4074305e-07 | U3: 1.3310981e-14 | V3: 2.4250395e-10 | W3: 6.8457405e-06 | X3: 6.8269851e-13 | Y3: 1.7503834e-05 | Z3: 1.8179051e-06 | AA3: 1.4590012e-06 | AB3: 1.0616678e-07 | AC3: =SUM(C3:G3)+L3+SUM(N3:T3)+W3+SUM(Y3:AB3)+AE3+AG3 -> 0.00013186149 | AD3: =SUM(H3:K3)+M3+SUM(U3:V3)+X3+AF3 -> 4.0009625e-08 | AE3: 3.140634e-07 | AF3: 3.8360455e-08 | AG3: 8.8807766e-06 | AI3: market for tap water | tap water | Cutoff, U | AJ3: Europe without Switzerland
A4: Incineration | B4: kg | C4: 5.8334847e-21 | D4: 0.00030722598 | E4: 0.0040615965 | F4: 0.00051944492 | G4: 2.5327295e-05 | H4: 3.2796643e-10 | I4: 4.0155836e-08 | J4: 8.7573489e-09 | K4: 9.0145145e-08 | L4: 7.2700604e-13 | M4: 1.1049922e-11 | N4: 0.0004489439 | O4: 0.00087792638 | P4: 0.0035383176 | Q4: 0.00038409088 | R4: 1.8169613e-09 | S4: 3.963782e-09 | T4: 0.00016049954 | U4: 1.4900648e-12 | V4: 3.830932e-08 | W4: 0.0022743494 | X4: 2.3470762e-10 | Y4: 0.0023013297 | Z4: 6.6359289e-05 | AA4: 0.00014467804 | AB4: 1.6597232e-06 | AC4: =SUM(C4:G4)+L4+SUM(N4:T4)+W4+SUM(Y4:AB4)+AE4+AG4 -> 0.015113033 | AD4: =SUM(H4:K4)+M4+SUM(U4:V4)+X4+AF4 -> 2.2042254e-07 | AE4: 3.4778817e-07 | AF4: 4.2479678e-08 | AG4: 9.2981276e-07
A5: Transport | B5: tkm | C5: 1.4895501e-19 | D5: 0.00082994559 | E5: 0.0092025979 | F5: 0.0033844539 | G5: 5.2566239e-06 | H5: 6.0034348e-10 | I5: 3.4139573e-08 | J5: 2.2572496e-08 | K5: 1.5198825e-08 | L5: 6.9944357e-12 | M5: 8.6181308e-11 | N5: 0.0040818364 | O5: 0.0047163109 | P5: 0.025800254 | Q5: 0.0028006693 | R5: 9.7222144e-09 | S5: 7.9906608e-09 | T5: 0.00021342597 | U5: 6.1437636e-12 | V5: 1.0038796e-07 | W5: 0.0054178322 | X5: 5.2899951e-10 | Y5: 0.005901547 | Z5: 0.00035486896 | AA5: 0.00029165912 | AB5: 6.7079009e-06 | AC5: =SUM(C5:G5)+L5+SUM(N5:T5)+W5+SUM(Y5:AB5)+AE5+AG5 -> 0.063010312 | AD5: =SUM(H5:K5)+M5+SUM(U5:V5)+X5+AF5 -> 1.9021703e-07 | AE5: 1.3669709e-07 | AF5: 1.6696509e-08 | AG5: 2.7918423e-06 | AH5: =AH2-AD2 -> -2.2169617e-07
A6: Heat, natural gas | B6: MJ | C6: 2.456039e-19 | D6: 8.7487049e-05 | E6: 0.00090902716 | F6: 0.00084404332 | G6: 1.0175098e-06 | H6: 7.3128564e-11 | I6: 5.4607132e-09 | J6: 2.1836439e-09 | K6: 1.2776592e-09 | L6: 1.4950808e-12 | M6: 2.7539256e-11 | N6: 8.8589251e-05 | O6: 0.00041813597 | P6: 0.010404099 | Q6: 0.0011293905 | R6: 2.2228437e-09 | S6: 2.0080477e-09 | T6: 1.3926728e-05 | U6: 4.9676217e-12 | V6: 6.0152951e-09 | W6: 0.00061565556 | X6: 5.6382165e-11 | Y6: 0.00061064151 | Z6: 8.1134935e-05 | AA6: 7.3293742e-05 | AB6: 1.3011011e-06 | AC6: =SUM(C6:G6)+L6+SUM(N6:T6)+W6+SUM(Y6:AB6)+AE6+AG6 -> 0.015278382 | AD6: =SUM(H6:K6)+M6+SUM(U6:V6)+X6+AF6 -> 1.8415117e-08 | AE6: 2.7146908e-08 | AF6: 3.3157883e-09 | AG6: 6.0708308e-07
A7: Heat, fuel | B7: MJ | C7: 1.8355355e-21 | D7: 0.00028862325 | E7: 0.001913816 | F7: 0.00093700432 | G7: 1.4412766e-06 | H7: 1.5012604e-10 | I7: 4.1655245e-09 | J7: 4.0009951e-09 | K7: 2.2101399e-09 | L7: 1.1573822e-12 | M7: 2.174998e-11 | N7: 0.00012145572 | O7: 0.00099540935 | P7: 0.013271943 | Q7: 0.001440703 | R7: 1.9565669e-09 | S7: 1.7764736e-09 | T7: 5.5334525e-05 | U7: 2.9853225e-12 | V7: 1.6704189e-08 | W7: 0.00093625163 | X7: 8.3728291e-11 | Y7: 0.0018442609 | Z7: 7.1423215e-05 | AA7: 6.4841285e-05 | AB7: 1.039197e-06 | AC7: =SUM(C7:G7)+L7+SUM(N7:T7)+W7+SUM(Y7:AB7)+AE7+AG7 -> 0.021943803 | AD7: =SUM(H7:K7)+M7+SUM(U7:V7)+X7+AF7 -> 2.9797422e-08 | AE7: 2.0123922e-08 | AF7: 2.4579839e-09 | AG7: 2.3213647e-07
A8: Heat, coal | B8: MJ | C8: 1.4763407e-21 | D8: 0.0018246418 | E8: 0.024268278 | F8: 0.00038523926 | G8: 3.2761443e-07 | H8: 5.3314861e-10 | I8: 5.0909973e-09 | J8: 1.6240445e-08 | K8: 9.0877925e-09 | L8: 2.8551303e-12 | M8: 4.9809633e-11 | N8: 0.00053115688 | O8: 0.00098265018 | P8: 0.018710325 | Q8: 0.0020310485 | R8: 2.583604e-08 | S8: 1.3618008e-08 | T8: 8.781569e-05 | U8: 1.7481896e-13 | V8: 1.7750187e-07 | W8: 0.002837239 | X8: 2.9350262e-10 | Y8: 0.011489983 | Z8: 0.00094302658 | AA8: 0.00049705728 | AB8: 2.3780798e-06 | AC8: =SUM(C8:G8)+L8+SUM(N8:T8)+W8+SUM(Y8:AB8)+AE8+AG8 -> 0.064594667 | AD8: =SUM(H8:K8)+M8+SUM(U8:V8)+X8+AF8 -> 2.1319258e-07 | AE8: 3.5981315e-08 | AF8: 4.3948438e-09 | AG8: 3.4249237e-06
A9: Heat, wood chips | B9: MJ | C9: 1.0746197e-20 | D9: 0.00035685042 | E9: 0.012324661 | F9: 0.00065584737 | G9: 5.9519004e-06 | H9: 2.0411295e-10 | I9: 4.4194286e-09 | J9: 7.8800496e-09 | K9: 6.0846186e-09 | L9: 2.2079745e-12 | M9: 3.2533633e-11 | N9: 0.015167811 | O9: 0.0021577357 | P9: 0.0021074606 | Q9: 0.00022876865 | R9: 5.6782298e-08 | S9: 3.592671e-08 | T9: 8.8430731e-05 | U9: 2.6955337e-13 | V9: 5.0689546e-07 | W9: 0.0028524829 | X9: 2.9414464e-10 | Y9: 0.0027377653 | Z9: 0.0020725612 | AA9: 0.0013113249 | AB9: 3.5809585e-06 | AC9: =SUM(C9:G9)+L9+SUM(N9:T9)+W9+SUM(Y9:AB9)+AE9+AG9 -> 0.042072296 | AD9: =SUM(H9:K9)+M9+SUM(U9:V9)+X9+AF9 -> 5.3923526e-07 | AE9: 1.0990983e-07 | AF9: 1.342465e-08 | AG9: 8.6057214e-07
A10: Heat,waste | B10: MJ
A11: Heat, mix | B11: MJ | C11: =(C6*Parameters!$C115)+(C7*Parameters!$C117)+(C8*Parameters!$C116)+(C9*Parameters!$C118)+(C10*Parameters!$C119) -> 1.1956472e-19 | D11: =(D6*Parameters!$C115)+(D7*Parameters!$C117)+(D8*Parameters!$C116)+(D9*Parameters!$C118)+(D10*Parameters!$C119) -> 0.00017338512 | E11: =(E6*Parameters!$C115)+(E7*Parameters!$C117)+(E8*Parameters!$C116)+(E9*Parameters!$C118)+(E10*Parameters!$C119) -> 0.0049148544 | F11: =(F6*Parameters!$C115)+(F7*Parameters!$C117)+(F8*Parameters!$C116)+(F9*Parameters!$C118)+(F10*Parameters!$C119) -> 0.00063684546 | G11: =(G6*Parameters!$C115)+(G7*Parameters!$C117)+(G8*Parameters!$C116)+(G9*Parameters!$C118)+(G10*Parameters!$C119) -> 2.6296321e-06 | H11: =(H6*Parameters!$C115)+(H7*Parameters!$C117)+(H8*Parameters!$C116)+(H9*Parameters!$C118)+(H10*Parameters!$C119) -> 1.0922635e-10 | I11: =(I6*Parameters!$C115)+(I7*Parameters!$C117)+(I8*Parameters!$C116)+(I9*Parameters!$C118)+(I10*Parameters!$C119) -> 4.1834016e-09 | J11: =(J6*Parameters!$C115)+(J7*Parameters!$C117)+(J8*Parameters!$C116)+(J9*Parameters!$C118)+(J10*Parameters!$C119) -> 3.9047305e-09 | ... AG11: =(AG6*Parameters!$C115)+(AG7*Parameters!$C117)+(AG8*Parameters!$C116)+(AG9*Parameters!$C118)+(AG10*Parameters!$C119) -> 6.0212379e-07
A12: CH4 | B12: kg | AC12: =SUM(C12:G12)+L12+SUM(N12:T12)+W12+SUM(Y12:AB12)+AE12+AG12 -> 0 | AD12: =SUM(H12:K12)+M12+SUM(U12:V12)+X12+AF12 -> 0
A13: Nitrogen oxides | B13: kg | D13: 0.79919441 | T13: 0.26330224 | V13: 1.8783043e-05 | W13: 8.7162162 | X13: 9.1e-07 | Y13: 6.5540677 | AC13: =SUM(C13:G13)+L13+SUM(N13:T13)+W13+SUM(Y13:AB13)+AE13+AG13 -> 16.332781 | AD13: =SUM(H13:K13)+M13+SUM(U13:V13)+X13+AF13 -> 1.9693043e-05
A14: Volatile organic compounds | B14: kg | AC14: =SUM(C14:G14)+L14+SUM(N14:T14)+W14+SUM(Y14:AB14)+AE14+AG14 -> 0 | AD14: =SUM(H14:K14)+M14+SUM(U14:V14)+X14+AF14 -> 0
A15: Sulfur dioxide | B15: kg | D15: 2.392596 | V15: 9.2871715e-05 | Y15: 14.256733 | AC15: =SUM(C15:G15)+L15+SUM(N15:T15)+W15+SUM(Y15:AB15)+AE15+AG15 -> 16.649329 | AD15: =SUM(H15:K15)+M15+SUM(U15:V15)+X15+AF15 -> 9.2871715e-05
A16: Particulate matter | B16: kg | AC16: =SUM(C16:G16)+L16+SUM(N16:T16)+W16+SUM(Y16:AB16)+AE16+AG16 -> 0 | AD16: =SUM(H16:K16)+M16+SUM(U16:V16)+X16+AF16 -> 0
A17: Carbon monoxide (non-fossil) | B17: kg | AC17: =SUM(C17:G17)+L17+SUM(N17:T17)+W17+SUM(Y17:AB17)+AE17+AG17 -> 0 | AD17: =SUM(H17:K17)+M17+SUM(U17:V17)+X17+AF17 -> 0
A18: Ammonia | B18: kg | D18: 1.8467155 | T18: 0.70894827 | V18: 0.00017739541 | Y18: 23.809093 | AC18: =SUM(C18:G18)+L18+SUM(N18:T18)+W18+SUM(Y18:AB18)+AE18+AG18 -> 26.364756 | AD18: =SUM(H18:K18)+M18+SUM(U18:V18)+X18+AF18 -> 0.00017739541
A19: sulfure oxides | B19: kg | D19: 2.392596 | V19: 9.2871715e-05 | Y19: 14.256733 | AC19: =SUM(C19:G19)+L19+SUM(N19:T19)+W19+SUM(Y19:AB19)+AE19+AG19 -> 16.649329 | AD19: =SUM(H19:K19)+M19+SUM(U19:V19)+X19+AF19 -> 9.2871715e-05
A20: dinitrogen monoxide | B20: kg | AC20: =SUM(C20:G20)+L20+SUM(N20:T20)+W20+SUM(Y20:AB20)+AE20+AG20 -> 0 | AD20: =SUM(H20:K20)+M20+SUM(U20:V20)+X20+AF20 -> 0
A21: Nitrate | B21: kg | T21: 1.976625 | AC21: =SUM(C21:G21)+L21+SUM(N21:T21)+W21+SUM(Y21:AB21)+AE21+AG21 -> 1.976625 | AD21: =SUM(H21:K21)+M21+SUM(U21:V21)+X21+AF21 -> 0
A22: PM2.5 | B22: kg | V22: 0.0013675986 | AC22: =SUM(C22:G22)+L22+SUM(N22:T22)+W22+SUM(Y22:AB22)+AE22+AG22 -> 0 | AD22: =SUM(H22:K22)+M22+SUM(U22:V22)+X22+AF22 -> 0.0013675986
A23: NMOVC | B23: kg | W23: 2.5277027 | X23: 1.638e-07 | AC23: =SUM(C23:G23)+L23+SUM(N23:T23)+W23+SUM(Y23:AB23)+AE23+AG23 -> 2.5277027 | AD23: =SUM(H23:K23)+M23+SUM(U23:V23)+X23+AF23 -> 1.638e-07
A24: H2S | AC24: =SUM(C24:G24)+L24+SUM(N24:T24)+W24+SUM(Y24:AB24)+AE24+AG24 -> 0 | AD24: =SUM(H24:K24)+M24+SUM(U24:V24)+X24+AF24 -> 0
A25: (PO4)3- | B25: kg | G25: 3.1274177 | AC25: =SUM(C25:G25)+L25+SUM(N25:T25)+W25+SUM(Y25:AB25)+AE25+AG25 -> 3.1274177 | AD25: =SUM(H25:K25)+M25+SUM(U25:V25)+X25+AF25 -> 0
A26: CO2 fossil | B26: kg | P26: 0.152 | Q26: 0.0165 | AC26: =SUM(C26:G26)+L26+SUM(N26:T26)+W26+SUM(Y26:AB26)+AE26+AG26 -> 0.1685 | AD26: =SUM(H26:K26)+M26+SUM(U26:V26)+X26+AF26 -> 0
A27: Diesel | B27: kg | C27: 3.5939e-20 | D27: 0.0060276802 | E27: 0.053909966 | F27: 0.039281157 | G27: 5.4524179e-05 | H27: 3.0249295e-09 | I27: 1.1490511e-07 | J27: 7.5469177e-08 | K27: 5.8572071e-08 | L27: 2.8259643e-11 | M27: 5.2537187e-10 | N27: 0.0046989474 | O27: 0.042316085 | P27: 0.08052196 | Q27: 0.0087408311 | R27: 1.8677781e-08 | S27: 1.6488823e-08 | T27: 0.0020073884 | U27: 1.2694832e-10 | V27: 3.6191034e-07 | W27: 0.028325675 | X27: 2.3621059e-09 | Y27: 0.038813115 | Z27: 0.00068185265 | AA27: 0.00060184205 | AB27: 2.6424477e-05 | AC27: =SUM(C27:G27)+L27+SUM(N27:T27)+W27+SUM(Y27:AB27)+AE27+AG27 -> 0.3060155 | AD27: =SUM(H27:K27)+M27+SUM(U27:V27)+X27+AF27 -> 6.9257209e-07 | AE27: 6.1957224e-07 | AF27: 7.5676035e-08 | AG27: 7.3917021e-06
A28: N-fertilizer | B28: kg | C28: 3.9890908e-18 | D28: 0.0088714777 | E28: 0.073779372 | F28: 0.024525279 | G28: 3.6074949e-05 | H28: 5.5072058e-09 | I28: 2.5858965e-07 | J28: 1.7938782e-07 | K28: 1.8156288e-07 | L28: 7.754779e-11 | M28: 1.4008319e-09 | N28: 0.010508556 | O28: 0.018970044 | P28: 0.19897551 | Q28: 0.021599272 | R28: 3.8568777e-07 | S28: 5.248735e-07 | T28: 0.0036257269 | U28: 6.0235592e-11 | V28: 7.1374671e-07 | W28: 0.020639576 | X28: 1.9849033e-09 | Y28: 0.081315348 | Z28: 0.014077665 | AA28: 0.019157883 | AB28: 8.7088127e-05 | AC28: =SUM(C28:G28)+L28+SUM(N28:T28)+W28+SUM(Y28:AB28)+AE28+AG28 -> 0.49622106 | AD28: =SUM(H28:K28)+M28+SUM(U28:V28)+X28+AF28 -> 3.6680799e-06 | AE28: 1.9042035e-05 | AF28: 2.3258397e-06 | AG28: 3.2236478e-05
A29: K-fertilizer | B29: kg | C29: 2.0720307e-18 | D29: 0.0048895793 | E29: 0.13220145 | F29: 0.013751199 | G29: 2.4885782e-05 | H29: 3.6714451e-09 | I29: 1.8273609e-07 | J29: 1.2199789e-07 | K29: 1.1346391e-07 | L29: 4.5438068e-11 | M29: 7.8933779e-10 | N29: 0.023650481 | O29: 0.043627548 | P29: 0.091304599 | Q29: 0.0099112967 | R29: 2.2604764e-07 | S29: 2.8296064e-07 | T29: 0.00080009028 | U29: 2.6968749e-11 | V29: 4.4915067e-07 | W29: 0.021631556 | X29: 2.151307e-09 | Y29: 0.03370436 | Z29: 0.0082507835 | AA29: 0.010328064 | AB29: 5.0815971e-05 | AC29: =SUM(C29:G29)+L29+SUM(N29:T29)+W29+SUM(Y29:AB29)+AE29+AG29 -> 0.39414518 | AD29: =SUM(H29:K29)+M29+SUM(U29:V29)+X29+AF29 -> 1.1813233e-06 | AE29: 2.5162084e-06 | AF29: 3.0733571e-07 | AG29: 1.5454094e-05
A30: P-fertilizer | B30: kg | C30: 2.2895213e-18 | D30: 0.014034236 | E30: 0.073493625 | F30: 0.0067405601 | G30: 0.0031201993 | H30: 3.9097242e-09 | I30: 1.4645927e-07 | J30: 1.2555538e-07 | K30: 2.1940333e-07 | L30: 1.4550959e-10 | M30: 2.9605534e-09 | N30: 0.021390802 | O30: 0.024768996 | P30: 0.054203603 | Q30: 0.0058839215 | R30: 2.2661926e-07 | S30: 3.0071084e-07 | T30: 0.0004511621 | U30: 1.1973211e-11 | V30: 1.1300162e-06 | W30: 0.0086391901 | X30: 8.6442606e-10 | Y30: 0.085578092 | Z30: 0.008271718 | AA30: 0.010975946 | AB30: 0.00012100943 | AC30: =SUM(C30:G30)+L30+SUM(N30:T30)+W30+SUM(Y30:AB30)+AE30+AG30 -> 0.31778847 | AD30: =SUM(H30:K30)+M30+SUM(U30:V30)+X30+AF30 -> 2.5346566e-06 | AE30: 7.4132798e-06 | AF30: 9.0547572e-07 | AG30: 0.00010746792
A31: Peat | B31: kg | C31: 1.9344146e-21 | D31: 6.636891e-05 | E31: 0.00075505204 | F31: 0.00031143304 | G31: 3.5965966e-07 | H31: 4.2855048e-11 | I31: 3.2113094e-09 | J31: 1.3619544e-09 | K31: 1.1392657e-09 | L31: 1.0164771e-11 | M31: 1.2800993e-10 | N31: 0.00075630767 | O31: 0.0039219773 | P31: 0.0010931182 | Q31: 0.00011865993 | R31: 2.7437095e-09 | S31: 1.8314112e-09 | T31: 1.4534952e-05 | U31: 1.9514453e-13 | V31: 6.9437348e-09 | W31: 0.00043203666 | X31: 4.3746169e-11 | Y31: 0.00048190886 | Z31: 0.00010014674 | AA31: 6.6846509e-05 | AB31: 7.8568836e-06 | AC31: =SUM(C31:G31)+L31+SUM(N31:T31)+W31+SUM(Y31:AB31)+AE31+AG31 -> 0.0082740685 | AD31: =SUM(H31:K31)+M31+SUM(U31:V31)+X31+AF31 -> 4.4209285e-08 | AE31: 2.5657116e-07 | AF31: 3.1338215e-08 | AG31: 0.00014719996
A32: Activated carbon | B32: kg | C32: 1.1804704e-19 | D32: 0.037539918 | E32: 0.47772922 | F32: 0.10027248 | G32: 1.9677838e-05 | H32: 1.1821866e-08 | I32: 1.6797788e-07 | J32: 3.552976e-07 | K32: 1.9853155e-07 | L32: 1.9926703e-10 | M32: 3.3445848e-09 | N32: 0.022971069 | O32: 0.040682935 | P32: 0.45706972 | Q32: 0.049615971 | R32: 4.7965579e-07 | S32: 2.6578996e-07 | T32: 0.0022087376 | U32: 2.8627356e-11 | V32: 4.5150881e-06 | W32: 0.071239533 | X32: 7.3007938e-09 | Y32: 0.23869151 | Z32: 0.017507683 | AA32: 0.0097013334 | AB32: 0.00024508409 | AC32: =SUM(C32:G32)+L32+SUM(N32:T32)+W32+SUM(Y32:AB32)+AE32+AG32 -> 1.5259613 | AD32: =SUM(H32:K32)+M32+SUM(U32:V32)+X32+AF32 -> 5.6688143e-06 | AE32: 3.352016e-06 | AF32: 4.0942324e-07 | AG32: 0.00046230986
A33: Zeolite | B33: kg | C33: 1.3097601e-17 | D33: 0.049898833 | E33: 8.8435677 | F33: 0.17100584 | G33: 0.0004896338 | H33: 4.6252072e-08 | I33: 6.2794828e-06 | J33: 1.3863795e-06 | K33: 2.8909316e-06 | L33: 5.018278e-10 | M33: 8.0697764e-09 | N33: 0.070209896 | O33: 0.11857824 | P33: 0.71575874 | Q33: 0.077697233 | R33: 1.7757897e-06 | S33: 2.0566413e-06 | T33: 0.0073018259 | U33: 1.5803457e-09 | V33: 5.4700677e-06 | W33: 0.13034452 | X33: 1.3195848e-08 | Y33: 0.32466584 | Z33: 0.064937117 | AA33: 0.075067407 | AB33: 0.0007720175 | AC33: =SUM(C33:G33)+L33+SUM(N33:T33)+W33+SUM(Y33:AB33)+AE33+AG33 -> 10.650704 | AD33: =SUM(H33:K33)+M33+SUM(U33:V33)+X33+AF33 -> 1.945293e-05 | AE33: 2.7484069e-05 | AF33: 3.3569699e-06 | AG33: 0.00037810453
A34: treatment of wastewater | B34: m3 | C34: 1.3270271e-19 | D34: 0.0020338406 | E34: 2.9789716 | F34: 0.006712429 | G34: 0.01275068 | H34: 1.7899238e-08 | I34: 1.1926514e-07 | J34: 8.5934994e-07 | K34: 6.4789762e-07 | L34: 7.8842573e-11 | M34: 1.5130176e-09 | N34: 0.0045994251 | O34: 0.010311723 | P34: 0.029900955 | Q34: 0.0032458105 | R34: 2.6654644e-05 | S34: 1.3034913e-05 | T34: 0.15593723 | U34: 5.1364404e-12 | V34: 1.8298016e-07 | W34: 0.0071055638 | X34: 7.2009464e-10 | Y34: 0.01562842 | Z34: 0.97289573 | AA34: 0.47577434 | AB34: 5.9002177e-05 | AC34: =SUM(C34:G34)+L34+SUM(N34:T34)+W34+SUM(Y34:AB34)+AE34+AG34 -> 4.6759803 | AD34: =SUM(H34:K34)+M34+SUM(U34:V34)+X34+AF34 -> 1.8278718e-06 | AE34: -1.4397331e-08 | AF34: -1.7585245e-09 | AG34: 1.3912061e-05
A35: Wood chips | B35: kg | C35: 4.5022236e-20 | D35: 0.00025928245 | E35: 0.0040924082 | F35: 0.00069640851 | G35: 0.00013742829 | H35: 1.3237861e-10 | I35: 1.0765567e-08 | J35: 4.3734986e-09 | K35: 2.8445728e-09 | L35: 5.9988814e-12 | M35: 1.0531279e-10 | N35: 0.25176696 | O35: 0.001898717 | P35: 0.0062365076 | Q35: 0.00067695974 | R35: 9.3271388e-09 | S35: 6.9917796e-09 | T35: 6.4355289e-05 | U35: 1.3828851e-12 | V35: 2.4117589e-08 | W35: 0.0020503153 | X35: 1.9290481e-10 | Y35: 0.0018745501 | Z35: 0.00034044697 | AA35: 0.00025519996 | AB35: 6.6555555e-06 | AC35: =SUM(C35:G35)+L35+SUM(N35:T35)+W35+SUM(Y35:AB35)+AE35+AG35 -> 0.27035904 | AD35: =SUM(H35:K35)+M35+SUM(U35:V35)+X35+AF35 -> 5.3993712e-08 | AE35: 9.3829054e-08 | AF35: 1.1460505e-08 | AG35: 2.7300618e-06
A37: Mix marginal electricity | B37: kWh | C37: 0 | D37: 0.0004648549 | E37: 0.023786994 | F37: 0.0028233329 | G37: 7.9803112e-06 | H37: 1.0699068e-09 | I37: 2.6189697e-08 | J37: 3.7103557e-08 | K37: 3.8354561e-08 | L37: 2.4781029e-13 | M37: 8.4198596e-12 | N37: 0.033195713 | O37: 0.0026553411 | P37: 0.0045994162 | Q37: 0.00049926962 | R37: 1.2243212e-07 | S37: 1.0121042e-07 | T37: 9.2096628e-05 | U37: 1.714088e-12 | V37: 7.1625227e-08 | W37: 0.0020593876 | X37: 2.0771818e-10 | Y37: 0.0035156093 | Z37: 0.0044687847 | AA37: 0.0036941803 | AB37: 1.4063127e-05 | AC37: =SUM(C37:G37)+L37+SUM(N37:T37)+W37+SUM(Y37:AB37)+AE37+AG37 -> 0.08187996 | AD37: =SUM(H37:K37)+M37+SUM(U37:V37)+X37+AF37 -> 1.8798769e-07 | AE37: 1.0992819e-07 | AF37: 1.3426891e-08 | AG37: 2.6021033e-06
A38: natural gas | B38: m3 | C38: 0 | D38: 0.0025264039 | E38: 0.027002481 | F38: 0.031055896 | G38: 4.0494623e-06 | H38: 1.4981608e-09 | I38: 1.2329245e-08 | J38: 4.4427159e-08 | K38: 2.9351524e-08 | L38: 5.7241307e-12 | M38: 1.2261411e-10 | N38: 0.0034303236 | O38: 0.014342243 | P38: 0.066426259 | Q38: 0.0072106913 | R38: 4.8755255e-08 | S38: 4.2659541e-08 | T38: 0.00039935439 | U38: 2.162732e-10 | V38: 1.7938466e-07 | W38: 0.018893856 | X38: 1.7004089e-09 | Y38: 0.017655913 | Z38: 0.0017796015 | AA38: 0.0015570732 | AB38: 1.7206803e-05 | AC38: =SUM(C38:G38)+L38+SUM(N38:T38)+W38+SUM(Y38:AB38)+AE38+AG38 -> 0.19232076 | AD38: =SUM(H38:K38)+M38+SUM(U38:V38)+X38+AF38 -> 3.4627108e-07 | AE38: 6.3238513e-07 | AF38: 7.7241032e-08 | AG38: 1.8680467e-05
A39: Mix marginal heat | B39: MJ | C39: 1.8355355e-21 | D39: 0.00028862325 | E39: 0.001913816 | F39: 0.00093700432 | G39: 1.4412766e-06 | H39: 1.5012604e-10 | I39: 4.1655245e-09 | J39: 4.0009951e-09 | K39: 2.2101399e-09 | L39: 1.1573822e-12 | M39: 2.174998e-11 | N39: 0.00012145572 | O39: 0.00099540935 | P39: 0.013271943 | Q39: 0.001440703 | R39: 1.9565669e-09 | S39: 1.7764736e-09 | T39: 5.5334525e-05 | U39: 2.9853225e-12 | V39: 1.6704189e-08 | W39: 0.00093625163 | X39: 8.3728291e-11 | Y39: 0.0018442609 | Z39: 7.1423215e-05 | AA39: 6.4841285e-05 | AB39: 1.039197e-06 | AC39: =SUM(C39:G39)+L39+SUM(N39:T39)+W39+SUM(Y39:AB39)+AE39+AG39 -> 0.021943803 | AD39: =SUM(H39:K39)+M39+SUM(U39:V39)+X39+AF39 -> 2.9797422e-08 | AE39: 2.0123922e-08 | AF39: 2.4579839e-09 | AG39: 2.3213647e-07 | AI39: heat production, natural gas, at boiler condensing modulating >100kW | heat, district or industrial, natural gas

Sheet LCI_AD-e
A1: AD+combustion+digestate
A2: Process | B2: Flow direction | C2: Flow type | D2: Flow name | E2: Value | F2: Unit
A3: Pretreatment | B3: input | C3: Technosphere flow | D3: Waste | E3: 1 | F3: t
B4: input | C4: Technosphere flow | D4: Electricity | E4: =E3*Parameters!C3 -> 9.98 | F4: kWh
B5: input | C5: Technosphere flow | D5: Water
B6: output | C6: Intermediate flow | D6: Pretreated biowaste | E6: =E3*Parameters!C5 -> 0.77 | F6: t
A7: Incineration | B7: input | C7: Intermediate flow | D7: transported discarded biowaste | E7: =E8*0.001*Parameters!C6 -> 2.3 | F7: tkm
B8: input | C8: Intermediate flow | D8: discarded biowaste | E8: =E3*(1-Parameters!C5)*1000 -> 230 | F8: kg
A9: AD | B9: input | C9: Intermediate flow | D9: Pretreated waste | E9: =E6 -> 0.77 | F9: t
B10: input | C10: Intermediate flow | D10: Electricity | E10: =Parameters!C14*E9 -> 22.33 | F10: kWh
B11: input | C11: Intermediate flow | D11: Heat | E11: =E9*Parameters!C15 -> 227.15 | F11: MJ
B12: output | C12: Elementary flow | D12: Methane | E12: =Parameters!C9*(Parameters!C7*(1-Waste_characteristics!B4))*E9*Parameters!C11*0.001 -> 1.5118454 | F12: kg
B13: output | C13: Intermediate flow | D13: Biogas | E13: =(((Parameters!C7*(1-Waste_characteristics!B4))/Parameters!C10)*0.001)-((E12/Parameters!C11)*(1/Parameters!C10)) -> 223.74985 | F13: m3
B14: output | C14: Technosphere flow | D14: Digestate | E14: =Parameters!C66*E9 -> 0.5558219 | F14: t
A15: Combustion of biogas | B15: input | C15: Intermediate flow | D15: Biogas | E15: =E13 -> 223.74985 | F15: m3
B16: output | C16: Elementary flow | D16: CO2 | E16: =Parameters!C34*E15 -> 449.66648 | F16: kg
B17: output | C17: Elementary flow | D17: CH4 | E17: =$E$15*Parameters!C35 -> 0.0057327997 | F17: kg
B18: output | C18: Elementary flow | D18: N2O | E18: =$E$15*Parameters!C36 -> 0.0057327997 | F18: kg
B19: output | C19: Elementary flow | D19: Sox | E19: =$E$15*Parameters!C37 -> 0.039771298 | F19: kg
B20: output | C20: Elementary flow | D20: PM10 | E20: =$E$15*Parameters!C38 -> 0.029165619 | F20: kg
B21: output | C21: Elementary flow | D21: PM2.5 | E21: =$E$15*Parameters!C39 -> 0.029165619 | F21: kg
B22: output | C22: Elementary flow | D22: Nox | E22: =$E$15*Parameters!C40 -> 0.38338098 | F22: kg
B23: output | C23: Elementary flow | D23: NH3 | E23: =$E$15*Parameters!C41 -> 0.012110539 | F23: kg
B24: output | C24: Elementary flow | D24: CO | E24: =$E$15*Parameters!C42 -> 0.32246998 | F24: kg
B25: output | C25: Elementary flow | D25: VOC | E25: =$E$15*Parameters!C43 -> 0.019276539 | F25: kg
B26: input | C26: Technosphere flow | D26: Electricity | E26: =$E$15*Parameters!C44 -> 0.60859958 | F26: kWh
B27: output | C27: Technosphere flow | D27: Heat | E27: =E15*Parameters!C10*Parameters!C20*Parameters!C33 -> 3876.4661 | F27: MJ
A28: Storage | B28: input | C28: Technosphere flow | D28: Digestate | E28: ='LCI_AD-a'!E26 -> 0.5558219 | F28: t
B29: output | C29: Elementary flow | D29: CH4 | E29: ='LCI_AD-a'!E27 -> 1.338037 | F29: kg
B30: output | C30: Technosphere flow | D30: Digestate after storage | E30: ='LCI_AD-a'!E28 -> 0.55448387 | F30: t
A31: Land application of digestate | B31: input | C31: Technosphere flow | D31: Digestate after storage | E31: ='LCI_AD-a'!E29 -> 0.55448387 | F31: t
B32: output | C32: Elementary flow | D32: N2O | E32: ='LCI_AD-a'!E30 -> 0.069747028 | F32: kg
B33: output | C33: Elementary flow | D33: NH3 | E33: ='LCI_AD-a'!E31 -> 4.329404 | F33: kg
B34: output | C34: Elementary flow | D34: NO3 | E34: ='LCI_AD-a'!E32 -> -1.8937605 | F34: kg
B35: output | C35: Elementary flow | D35: (PO4)3- | E35: ='LCI_AD-a'!E33 -> -0.06209938 | F35: kg
B36: output | C36: Elementary flow | D36: CO2 fossil | E36: ='LCI_AD-a'!E34 -> -115.35192 | F36: kg
A37: Substituted products | E37: ='LCI_AD-a'!E35 -> 0
C38: Technosphere flow | D38: N-fertilizer | E38: ='LCI_AD-a'!E36 -> 18.00888 | F38: kg
C39: Technosphere flow | D39: P-fertilizer | E39: ='LCI_AD-a'!E37 -> 50.217839 | F39: kg
C40: Technosphere flow | D40: K-fertilizer | E40: ='LCI_AD-a'!E38 -> 18.509017 | F40: kg
C41: Technosphere flow | D41: Peat | E41: ='LCI_AD-a'!E39 -> 157.62594 | F41: kg
C42: Technosphere flow | D42: Marginal heat | E42: =E27 -> 3876.4661 | F42: MJ
A44: Use of products from biogas | C44: (already included in heat production processus)

Sheet LCI_AD-f
A1: AD+combustion+composting
A2: Process | B2: Flow direction | C2: Flow type | D2: Flow name | E2: Value | F2: Unit
A3: Pretreatment | B3: input | C3: Technosphere flow | D3: Waste | E3: 1 | F3: t
B4: input | C4: Technosphere flow | D4: Electricity | E4: =E3*Parameters!C3 -> 9.98 | F4: kWh
B5: input | C5: Technosphere flow | D5: Water
B6: output | C6: Intermediate flow | D6: Pretreated biowaste | E6: =E3*Parameters!C5 -> 0.77 | F6: t
A7: Incineration | B7: input | C7: Intermediate flow | D7: transported discarded biowaste | E7: =E8*0.001*Parameters!C6 -> 2.3 | F7: tkm
B8: input | C8: Intermediate flow | D8: discarded biowaste | E8: =E3*(1-Parameters!C5)*1000 -> 230 | F8: kg
A9: AD | B9: input | C9: Intermediate flow | D9: Pretreated waste | E9: =E6 -> 0.77 | F9: t
B10: input | C10: Intermediate flow | D10: Electricity | E10: =Parameters!C14*E9 -> 22.33 | F10: kWh
B11: input | C11: Intermediate flow | D11: Heat | E11: =E9*Parameters!C15 -> 227.15 | F11: MJ
B12: output | C12: Elementary flow | D12: Methane | E12: =Parameters!C9*(Parameters!C7*(1-Waste_characteristics!B4))*E9*Parameters!C11*0.001 -> 1.5118454 | F12: kg
B13: output | C13: Intermediate flow | D13: Biogas | E13: =(((Parameters!C7*(1-Waste_characteristics!B4))/Parameters!C10)*0.001)-((E12/Parameters!C11)*(1/Parameters!C10)) -> 223.74985 | F13: m3
B14: output | C14: Technosphere flow | D14: Digestate | E14: =Parameters!C66*E9 -> 0.5558219 | F14: t
A15: Combustion of biogas | B15: input | C15: Intermediate flow | D15: Biogas | E15: =E13 -> 223.74985 | F15: m3
B16: output | C16: Elementary flow | D16: CO2 | E16: =Parameters!C34*E15 -> 449.66648 | F16: kg
B17: output | C17: Elementary flow | D17: CH4 | E17: =$E$15*Parameters!C35 -> 0.0057327997 | F17: kg
B18: output | C18: Elementary flow | D18: N2O | E18: =$E$15*Parameters!C36 -> 0.0057327997 | F18: kg
B19: output | C19: Elementary flow | D19: Sox | E19: =$E$15*Parameters!C37 -> 0.039771298 | F19: kg
B20: output | C20: Elementary flow | D20: PM10 | E20: =$E$15*Parameters!C38 -> 0.029165619 | F20: kg
B21: output | C21: Elementary flow | D21: PM2.5 | E21: =$E$15*Parameters!C39 -> 0.029165619 | F21: kg
B22: output | C22: Elementary flow | D22: Nox | E22: =$E$15*Parameters!C40 -> 0.38338098 | F22: kg
B23: output | C23: Elementary flow | D23: NH3 | E23: =$E$15*Parameters!C41 -> 0.012110539 | F23: kg
B24: output | C24: Elementary flow | D24: CO | E24: =$E$15*Parameters!C42 -> 0.32246998 | F24: kg
B25: output | C25: Elementary flow | D25: VOC | E25: =$E$15*Parameters!C43 -> 0.019276539 | F25: kg
B26: input | C26: Technosphere flow | D26: Electricity | E26: =$E$15*Parameters!C44 -> 0.60859958 | F26: kWh
B27: output | C27: Technosphere flow | D27: Heat | E27: =E15*Parameters!C10*Parameters!C20*Parameters!C33 -> 3876.4661 | F27: MJ
A28: Dewatering | B28: input | C28: Technosphere flow | D28: Digestate | E28: ='LCI_AD-d'!E24 -> 0.5558219 | F28: t
B29: input | C29: Technosphere flow | D29: electricity | E29: ='LCI_AD-d'!E25 -> 2.0184752 | F29: kWh
B30: output | C30: Technosphere flow | D30: dewatered digestate | E30: ='LCI_AD-d'!E26 -> 0.2970039 | F30: t
B31: output | C31: Technosphere flow | D31: wastewater | E31: ='LCI_AD-d'!E27 -> 0.25911227 | F31: m3
A32: Composting of digestate | B32: input | C32: Technosphere flow | D32: dewatered digestate | E32: ='LCI_AD-d'!E28 -> 0.2970039 | F32: t
B33: output | C33: Elementary flow | D33: CH4 | E33: ='LCI_AD-d'!E29 -> 0.088228561 | F33: kg
B34: output | C34: Elementary flow | D34: N2O | E34: ='LCI_AD-d'!E30 -> 0.062318617 | F34: kg
B35: output | C35: Elementary flow | D35: NH3 | E35: ='LCI_AD-d'!E31 -> 0.20275914 | F35: kg
B36: output | C36: Elementary flow | D36: NMVOC | E36: ='LCI_AD-d'!E32 -> 0.030888406 | F36: kg
B37: output | C37: Elementary flow | D37: CO | E37: ='LCI_AD-d'!E33 -> 0.12509677 | F37: kg
B38: output | C38: Technosphere flow | D38: compost | E38: ='LCI_AD-d'!E34 -> 0.15444203 | F38: t
B39: input | C39: Technosphere flow | D39: electricity | E39: ='LCI_AD-d'!E35 -> 3.1254739 | F39: kWh
B40: input | C40: Technosphere flow | D40: diesel | E40: ='LCI_AD-d'!E36 -> 0.44883056 | F40: kg
A41: Land application of compost | E41: ='LCI_AD-d'!E37 -> 0
B42: output | C42: Elementary flow | D42: N2O | E42: ='LCI_AD-d'!E38 -> 0.013194214 | F42: kg
B43: output | C43: Elementary flow | D43: NH3 | E43: ='LCI_AD-d'!E39 -> 0.078947678 | F43: kg
B44: output | C44: Elementary flow | D44: NO3 | E44: ='LCI_AD-d'!E40 -> 2.6495849 | F44: kg
B45: output | C45: Elementary flow | D45: (PO4)3- | E45: ='LCI_AD-d'!E41 -> -0.039495206 | F45: kg
B46: output | C46: Elementary flow | D46: CO2 fossil | E46: ='LCI_AD-d'!E42 -> -30.816321 | F46: kg
A47: Substituted products | E47: ='LCI_AD-d'!E43 -> 0 | F47: kg
C48: Technosphere flow | D48: N-fertilizer | E48: ='LCI_AD-d'!E44 -> 9.8391403 | F48: kg
C49: Technosphere flow | D49: P-fertilizer | E49: ='LCI_AD-d'!E45 -> 31.938546 | F49: kg
C50: Technosphere flow | D50: K-fertilizer | E50: ='LCI_AD-d'!E46 -> 2.8466868 | F50: kg
C51: Technosphere flow | D51: Peat | E51: ='LCI_AD-d'!E47 -> 42.109845 | F51: kg
C52: Technosphere flow | D52: Marginal heat | E52: =E27 -> 3876.4661 | F52: MJ
A53: Use of products from biogas | C53: (already included in heat production processus)

Sheet Waste_characteristics
C1: Unit
A2: Mass | B2: 1 | C2: t
A3: FW | B3: =B2-B7 -> 1 | C3: t
A4: Moisture content, FW | B4: =[2]mass_composition!$D$99/[2]mass_composition!$C$99 -> 0.63542863 | C4: %FW | D4: 0.72
A5: VS, FW | B5: =[2]mass_composition!$F$99/[2]mass_composition!$E$99 -> 0.96463821 | C5: %TS
A6: VS, FW | B6: =B3*(1-B4)*B5 -> 0.35167947 | C6: t
A7: impurities | B7: 0 | C7: t
A8: Nitrogen content, FW | B8: =[2]mass_composition!$R$99/[2]mass_composition!$E$99 -> 0.032826764 | C8: % of dry mass of FW
A9: Carbon content, FW | B9: =[2]mass_composition!$J$99/[2]mass_composition!$E$99 -> 0.46707763 | C9: % of dry mass of FW
A10: Phosphorus content, FW | B10: =[2]mass_composition!$U$99/[2]mass_composition!$E$99 -> 0.0040243826 | C10: % of dry mass of FW
A11: Potassium content, FW | B11: =[2]mass_composition!$Q$99/[2]mass_composition!$E$99 -> 0.0082642017 | C11: % of dry mass of FW
A13: Nitrogen content, FW | B13: =B8*(1-H2O_FW) -> 0.011967698 | C13: t/t of FW
A14: Carbon content, FW | B14: =B9*(1-H2O_FW) -> 0.17028313 | C14: t/t of FW
A15: Phosphorus content, FW | B15: =B10*(1-H2O_FW) -> 0.0014671747 | C15: t/t of FW
A16: Potassium content, FW | B16: =B8*(1-H2O_FW) -> 0.011967698 | C16: t/t of FW
J35: https://journals.sagepub.com/doi/full/10.1177/0734242X14545374#bibr26-0734242X14545374

Sheet Parameters
B1: Pretreatment
A2: Process | B2: Parameter | C2: Value | D2: Unit | F2: Source
A3: Pretreatment | B3: Electricity requirement | C3: 9.98 | D3: kWh/t | E3: Drum-screen + Shredder + Piston press
B4: Sorting efficiency for impurities | C4: 1 | D4: % of impurities sorted
B5: Sorting efficiency for biowaste | C5: 0.77 | D5: % of biowaste retained
B6: Distance between the industrial plant and the incineration plan | C6: 10 | D6: km
A7: AD | B7: Methane production | C7: =374*1000 -> 374000 | D7: L/dry-t | F7: https://catalog.data.gov/dataset/food-waste-management-life-cycle-inventory-tool-v1-0-0
B8: VS conversion | C8: 0.86 | D8: %VS initial
B9: Fugitive methane loss | C9: 0.02 | F9: https://catalog.data.gov/dataset/food-waste-management-life-cycle-inventory-tool-v1-0-1
B10: Methane volume share in biogas | C10: 0.6 | F10: https://catalog.data.gov/dataset/food-waste-management-life-cycle-inventory-tool-v1-0-2
B11: Methane density | C11: 0.72 | D11: kg/m3 | F11: https://catalog.data.gov/dataset/food-waste-management-life-cycle-inventory-tool-v1-0-3
B12: CO2 density | C12: 1.98 | D12: kg/m3
B13: biogas density | C13: =(C10*C11)+((1-C10)*C12) -> 1.224 | D13: kg/m3
B14: Electricity requirement | C14: 29 | D14: kWh/t | F14: https://catalog.data.gov/dataset/food-waste-management-life-cycle-inventory-tool-v1-0-4
B15: Heat requirement | C15: 295 | D15: MJ/t | F15: https://catalog.data.gov/dataset/food-waste-management-life-cycle-inventory-tool-v1-0-5
B16: Water requriement | C16: 0 | D16: %of Biowaste
A17: CHP | B17: Efficiency | F17: https://catalog.data.gov/dataset/food-waste-management-life-cycle-inventory-tool-v1-0-6
B18: Thermal | C18: 0.46 | F18: https://catalog.data.gov/dataset/food-waste-management-life-cycle-inventory-tool-v1-0-7
B19: Electric | C19: 0.39 | F19: https://catalog.data.gov/dataset/food-waste-management-life-cycle-inventory-tool-v1-0-8
B20: Methane_lhv | C20: 35 | D20: MJ/m3 | F20: https://catalog.data.gov/dataset/food-waste-management-life-cycle-inventory-tool-v1-0-9
B21: Electricity requirement | F21: https://www.sciencedirect.com/science/article/pii/S0013935122009598?casa_token=b-5UAciDODcAAAAA:iPTgJGz224xsnoQdrEctjVyXjbgpRksrTp6NPBa96VQZoPJqxyo5SRxUSGA4QFvLo7qp_-bQrQ
B22: Lubricating oil | C22: 1.54 | D22: g/m3 of biogas | F22: https://www.sciencedirect.com/science/article/pii/S0013935122009598?casa_token=b-5UAciDODcAAAAA:iPTgJGz224xsnoQdrEctjVyXjbgpRksrTp6NPBa96VQZoPJqxyo5SRxUSGA4QFvLo7qp_-bQrQ
B23: Emissions
B24: Nitrogen Oxides (NOx) | C24: 0.00016410454 | D24: kg/m3 biogas combusted | F24: https://catalog.data.gov/dataset/food-waste-management-life-cycle-inventory-tool-v1-0-0
B25: Volatile Organic Compounds (VOCs) | C25: 0.0015816552 | D25: kg/m3 biogas combusted | F25: https://catalog.data.gov/dataset/food-waste-management-life-cycle-inventory-tool-v1-0-1
B26: Sulfur Dioxide (SO2) | C26: 1.4066103e-05 | D26: kg/m3 biogas combusted | F26: https://catalog.data.gov/dataset/food-waste-management-life-cycle-inventory-tool-v1-0-2
B27: Particulate Matter (PM2.5) | C27: 3.4383808e-05 | D27: kg/m3 biogas combusted | F27: https://catalog.data.gov/dataset/food-waste-management-life-cycle-inventory-tool-v1-0-3
B28: Carbon Monoxide (CO) | C28: 0.0010682424 | D28: kg/m3 biogas combusted | F28: https://catalog.data.gov/dataset/food-waste-management-life-cycle-inventory-tool-v1-0-4
B29: Ammonia (NH3) | C29: 6.4078915e-05 | D29: kg/m3 biogas combusted | F29: https://catalog.data.gov/dataset/food-waste-management-life-cycle-inventory-tool-v1-0-5
B30: Methane (CH4) | C30: 0.0043034128 | D30: kg/m3 biogas combusted | F30: https://catalog.data.gov/dataset/food-waste-management-life-cycle-inventory-tool-v1-0-6
B31: Nitrous Oxide (N2O) | C31: 0.00010246221 | D31: kg/m3 biogas combusted | F31: https://catalog.data.gov/dataset/food-waste-management-life-cycle-inventory-tool-v1-0-7
A32: Biogas boiler
B33: Efficiency | C33: 0.825 | F33: https://pureadmin.qub.ac.uk/ws/files/135497181/Document2.pdf
B34: CO2 | C34: =L37*L$48 -> 2.009684 | D34: kg/m3 of biogas | E34: Labutong, 2012
B35: CH4 | C35: =L38*L$48 -> 2.5621469e-05 | D35: kg/m3 of biogas | E35: Labutong, 2012
B36: N2O | C36: =L39*L$48 -> 2.5621469e-05 | D36: kg/m3 of biogas | E36: Labutong, 2012
B37: Sox | C37: =L40*L$48 -> 0.00017774894 | D37: kg/m3 of biogas | E37: Labutong, 2012 | K37: CO2 | L37: =39.1+86.4 -> 125.5 | M37: lb/MCF
B38: PM10 | C38: =L41*L$48 -> 0.00013034922 | D38: kg/m3 of biogas | E38: Labutong, 2012 | K38: CH4 | L38: 0.0016 | M38: lb/MCF
B39: PM2.5 | C39: =L42*L$48 -> 0.00013034922 | D39: kg/m3 of biogas | E39: Labutong, 2012 | K39: N2O | L39: 0.0016 | M39: lb/MCF
B40: Nox | C40: =L43*L$48 -> 0.0017134357 | D40: kg/m3 of biogas | E40: Labutong, 2012 | K40: Sox | L40: 0.0111 | M40: lb/MCF
B41: NH3 | C41: =L44*L$48 -> 5.4125353e-05 | D41: kg/m3 of biogas | E41: Labutong, 2012 | K41: PM10 | L41: 0.00814 | M41: lb/MCF
B42: CO | C42: =L45*L$48 -> 0.0014412076 | D42: kg/m3 of biogas | E42: Labutong, 2012 | K42: PM2.5 | L42: 0.00814 | M42: lb/MCF
B43: VOC | C43: =L46*L$48 -> 8.6152189e-05 | D43: kg/m3 of biogas | E43: Labutong, 2012 | K43: Nox | L43: 0.107 | M43: lb/MCF
B44: Electricity requirement (low voltage) | C44: 0.00272 | D44: kWh/m3 of biogas | E44: Ecoinvent | F44: heat production, biomethane, at boiler condensing modulating <100kW | heat, central or small-scale, biomethane | Cutoff, U | K44: NH3 | L44: 0.00338 | M44: lb/MCF
K45: CO | L45: 0.09 | M45: lb/MCF
A46: Biogas upgrading | B46: :Using Pressure Swing Adsorption technology | K46: VOC | L46: 0.00538 | M46: lb/MCF
B47: CO2 removal rate | C47: 0.985 | D47: % volume of CO2 | F47: https://www.sciencedirect.com/science/article/pii/S0013935122009598?casa_token=b-5UAciDODcAAAAA:iPTgJGz224xsnoQdrEctjVyXjbgpRksrTp6NPBa96VQZoPJqxyo5SRxUSGA4QFvLo7qp_-bQrQ
B48: CH4 fugitive | C48: 0.018 | D48: % volume of methane | E48: Ardolino, 2021 | F48: https://www.sciencedirect.com/science/article/pii/S0013935122009598?casa_token=b-5UAciDODcAAAAA:iPTgJGz224xsnoQdrEctjVyXjbgpRksrTp6NPBa96VQZoPJqxyo5SRxUSGA4QFvLo7qp_-bQrQ | K48: 1 lb/MCF | L48: =0.4535/28.32 -> 0.016013418 | M48: kg/m3
B49: H2S | C49: 6e-06 | D49: kg/m3 of biogas | E49: Ardolino, 2021 | F49: https://www.sciencedirect.com/science/article/pii/S0013935122009598?casa_token=b-5UAciDODcAAAAA:iPTgJGz224xsnoQdrEctjVyXjbgpRksrTp6NPBa96VQZoPJqxyo5SRxUSGA4QFvLo7qp_-bQrQ
B50: Sox | C50: 6.6e-06 | D50: kg/m3 of biogas | E50: Ardolino, 2021 | F50: https://www.sciencedirect.com/science/article/pii/S0013935122009598?casa_token=b-5UAciDODcAAAAA:iPTgJGz224xsnoQdrEctjVyXjbgpRksrTp6NPBa96VQZoPJqxyo5SRxUSGA4QFvLo7qp_-bQrQ
B51: Electricity requirement | C51: 0.34 | D51: kWh/m3 of biogas | E51: Ardolino, 2021 | F51: https://www.sciencedirect.com/science/article/pii/S1364032120308728?via%3Dihub#sec2 | G51: electricty for upgrading + injection | O51: =#REF!*C11*0.001 -> #REF! | P51: kg
B52: Activated carbon | C52: 0.00089 | D52: kg/m3 of biogas | E52: Ardolino, 2021 | F52: https://www.sciencedirect.com/science/article/pii/S1364032120308728?via%3Dihub#sec2
B53: Zeolite | C53: 0.0119 | D53: kg/m3 of biogas | E53: Ardolino, 2021 | F53: https://www.sciencedirect.com/science/article/pii/S1364032120308728?via%3Dihub#sec2
A54: Electric engine
B55: Efficiency | C55: 0.35 | D55: % of fuel combusted | F55: https://catalog.data.gov/dataset/food-waste-management-life-cycle-inventory-tool-v1-0-6
B56: Nitrogen Oxides (NOx) | C56: 0.029274119 | D56: kg/m3 of biogas | F56: https://catalog.data.gov/dataset/food-waste-management-life-cycle-inventory-tool-v1-0-6
B57: Volatile Organic Compounds (VOCs) | C57: 0.0011081685 | D57: kg/m3 of biogas | F57: https://catalog.data.gov/dataset/food-waste-management-life-cycle-inventory-tool-v1-0-6 | N57: CO2 | O57: =(#REF!*(0.4/0.6))*C12*0.001 -> #REF! | P57: kg
B58: Sulfur Dioxide (SO2) | C58: 5.4300258e-06 | D58: kg/m3 of biogas | F58: https://catalog.data.gov/dataset/food-waste-management-life-cycle-inventory-tool-v1-0-6 | N58: biogaz | O58: =O57+O51 -> #REF!
B59: Particulate Matter (PM) | C59: 0.0039922695 | D59: kg/m3 of biogas | F59: https://catalog.data.gov/dataset/food-waste-management-life-cycle-inventory-tool-v1-0-6 | N59: digestat | O59: =1000-O58 -> #REF!
B60: Carbon Monoxide (CO) | C60: 0.0035646088 | D60: kg/m3 of biogas | F60: https://catalog.data.gov/dataset/food-waste-management-life-cycle-inventory-tool-v1-0-6
B61: Methane (CH4) | C61: 0.01339037 | D61: kg/m3 of biogas | F61: https://catalog.data.gov/dataset/food-waste-management-life-cycle-inventory-tool-v1-0-6
B62: Electricity requirement
A65: Production of digestate
B66: Mass of digestate | C66: =(Waste_characteristics!B3)+(C16*Waste_characteristics!B2)-((Waste_characteristics!B3)*(1-Waste_characteristics!B4)*Parameters!C7*Parameters!C11*0.000001)-((Waste_characteristics!B3)*(1-Waste_characteristics!B4)*Parameters!C7*((1-C10)/C10)*C12*0.000001) -> 0.72184663 | D66: t/t FW | E66: 1 ton of waste passing through AD | F66: calculated (mass balance)
B67: Moisture content of digestate | C67: =(Waste_characteristics!B3*Waste_characteristics!B4)+(Waste_characteristics!B3*Parameters!C16) -> 0.63542863 | D67: t/t FW | E67: 1 ton of waste passing through AD | G67: C(T) | H67: =(-0.000001877*(298^2))+(0.001097*298)-0.156 -> 0.004220892
B68: Total solid of digestate | C68: =C66-C67 -> 0.086417998 | D68: t/t FW | E68: 1 ton of waste passing through AD
B69: VS in digestate | C69: =Waste_characteristics!B6*(1-Parameters!C8) -> 0.049235126 | D69: t/t FW | E69: 1 ton of waste passing through AD
B70: Density of liquid digestate | C70: =998*(1-(H67*C89))^-1 -> 998.8643 | D70: kg/m3
B71: C content of raw digestate | C71: =Waste_characteristics!B14-(C7*(1-H2O_FW)*((C11*0.001*0.001*12/16)+(((1-C10)/C10)*C12*0.001*0.001*12/44))) -> 0.047568408 | D71: t/t FW | E71: 1 ton of waste passing through AD
A72: Storage
B73: Volatile Solids Destruction, Storage | C73: 0.1 | D73: %of VS in digestate
B74: Volatile Solids Destruction, Storage | C74: =Waste_characteristics!B6*(1-Parameters!C8)*Parameters!C73 -> 0.0049235126 | D74: t VS/t | E74: 1 ton of waste passing through AD | F74: mass of biogas produced during storage
B75: Methane emitted | C75: =(C74/(C13*0.001))*C10*C11*0.001 -> 0.0017377103 | D75: t/t | E75: 1 ton of waste passing through AD
A77: Land application of digestate
B78: Mass of digestate after storage | C78: =C66-C75 -> 0.72010892 | D78: t
B79: N2O | C79: 0.013 | D79: kgN-N2O/kgN applied | F79: https://www.sciencedirect.com/science/article/pii/S0964830514002029?casa_token=CuYe3ZTSPycAAAAA:rRl8EoKYwznoEuX0VuPF32xCFrhHD9S8o6J9Rem4dyM93P7UKc0KSdNufZkaSkLN-jqlbWcV0A
B80: NH3 | C80: 0.4 | D80: kgN-NH3/kgN applied | F80: https://www.sciencedirect.com/science/article/pii/S0269749116318681?casa_token=rEHlW1O-mdgAAAAA:ajVYtblqpRrvAmnneRiCuHYjbAf28QtOFIZvNqxyyT-5bQeD04vvZbKV7yYKKyCFgeWfW8dgUQ#sec3
B81: NO3 | C81: 0.15 | D81: kgN-NO3-/kgN applied | E81: Fiona, 2017 | F81: https://pure.bangor.ac.uk/ws/portalfiles/portal/18797936/Nicholson_et_al_2017_pre_print.pdf
B82: N content of digestate | C82: =Waste_characteristics!B13 -> 0.011967698 | D82: t/t of FW
B83: N-available | C83: =Waste_characteristics!B13*(1-Parameters!C79-Parameters!C80-Parameters!C81) -> 0.0052298841 | D83: t/t of FW
B84: C content of digestate | C84: =Waste_characteristics!B14-(C7*(1-H2O_FW)*((C11*0.001*0.001*12/16)+(((1-C10)/C10)*C12*0.001*0.001*12/44)))-(C75*12/16)-((C74/C13)*(1-C10)*C12*12/44) -> 0.04539627 | D84: tC/t of FW
B85: K content of digestate | C85: =Waste_characteristics!B16 -> 0.011967698 | D85: t/t of FW
B86: P content of digestate | C86: =Waste_characteristics!B15 -> 0.0014671747 | D86: t/t of FW
A87: Digestate dewatering
B88: Dewatering, solids capture | C88: 0.915 | D88: % of TS
B89: Dewatering, solids concentration | C89: 0.205 | D89: % of wet mass
B90: Electricity, Digestate Dewatering | C90: 0.0036315143 | D90: kWh/kg digestate
B91: Nitrogen, partitioning to water | C91: 0.547 | D91: % of N
B92: Phosphorus, partitioning to water | C92: 0.364 | D92: % of P
B93: Potassium, partitioning to water | C93: 0.8462 | D93: % of K
B94: Carbon, partitioning to water | C94: 0.348 | D94: % of C
B95: Carbon, in solid phase | C95: =1-C94 -> 0.652 | D95: % of C
A96: Digestate composting
B97: Carbon degraded during composting | C97: 0.58 | D97: % of feedstock carbon
B98: Compost emission, methane | C98: 0.00986 | D98: % of incoming C
B99: Compost emission, nitrous oxide | C99: 0.0095 | D99: % of incoming N
B100: Compost emission, ammonia | C100: 0.04 | D100: % of incoming N
B101: Compost emission, NMVOC | C101: 0.104 | D101: kg NMVOC/Mg FW
B102: Compost emission, carbon monoxide | C102: 0.0004 | D102: % of incoming C
B103: Mass loss | C103: 0.48 | D103: % of incoming feedstock mass
...

Sheet LCI
A2: Process | B2: Flow direction | C2: Flow type | D2: Flow name | E2: Value | F2: Unit | I2: UF | J2: Treatment of 1t of biowaste
A3: Pretreatment | B3: input | C3: Technosphere flow | D3: Waste | E3: 1 | F3: t
B4: input | C4: Technosphere flow | D4: Electricity | E4: =E3*Parameters!C3 -> 9.98 | F4: kWh
B5: input | C5: Technosphere flow | D5: Water
B6: output | C6: Intermediate flow | D6: Pretreated biowaste | E6: =E3*Parameters!C5 -> 0.77 | F6: t
A7: Incineration | B7: input | C7: Intermediate flow | D7: discarded biowaste | E7: =E3*(1-Parameters!C5)*1000 -> 230 | F7: kg
A9: AD | B9: input | C9: Intermediate flow | D9: Pretreated waste | E9: =E6 -> 0.77 | F9: t
B10: input | C10: Intermediate flow | D10: Electricity | E10: =Parameters!C14*LCI!E9 -> 22.33 | F10: kWh
B11: input | C11: Intermediate flow | D11: Heat | E11: =E9*Parameters!C15 -> 227.15 | F11: MJ
B12: output | C12: Elementary flow | D12: Methane | E12: =Parameters!C9*(Parameters!C7*(1-Waste_characteristics!B4))*LCI!E9*Parameters!C11*0.001 -> 1.5118454 | F12: kg
B13: output | C13: Intermediate flow | D13: Biogas | E13: =(((Parameters!C7*(1-Waste_characteristics!B4))/Parameters!C10)*0.001)-((E12/Parameters!C11)*(1/Parameters!C10)) -> 223.74985 | F13: m3
A14: CHP | B14: input | C14: Intermediate flow | D14: Biogas | E14: =E13 -> 223.74985 | F14: m3
B15: output | C15: Elementary flow | D15: Nitrogen Oxides (NOx) | E15: =E14*Parameters!C24 -> 0.036718365 | F15: kg
B16: output | C16: Elementary flow | D16: Volatile Organic Compounds (VOCs) | E16: =E14*Parameters!C25 -> 0.3538951 | F16: kg
B17: output | C17: Elementary flow | D17: Sulfur Dioxide (SO2) | E17: =E14*Parameters!C26 -> 0.0031472884 | F17: kg
B18: output | C18: Elementary flow | D18: Particulate Matter (PM) | E18: =LCI!E14*Parameters!C27 -> 0.0076933718 | F18: kg
B19: output | C19: Elementary flow | D19: Carbon Monoxide (CO) | E19: =E14*Parameters!C28 -> 0.23901907 | F19: kg
B20: output | C20: Elementary flow | D20: Ammonia (NH3) | E20: =E14*Parameters!C29 -> 0.014337647 | F20: kg
B21: output | C21: Elementary flow | D21: Methane (CH4) | E21: =E14*Parameters!C30 -> 0.96288796 | F21: kg
B22: output | C22: Elementary flow | D22: Nitrous Oxide (N2O) | E22: =LCI!E14*Parameters!C31 -> 0.022925904 | F22: kg
B23: output | C23: Technosphere flow | D23: Electricity | E23: =E14*Parameters!C10*Parameters!C20*Parameters!C19/3.6 -> 509.0309 | F23: kWh
B24: output | C24: Technosphere flow | D24: Heat | E24: =E14*Parameters!C10*Parameters!C20*Parameters!C18 -> 2161.4235 | F24: MJ
A27: Biogas boiler | B27: input | C27: Intermediate flow | D27: Biogas | E27: =E13 -> 223.74985 | F27: m3
B28: output | C28: Elementary flow | D28: CO2 | E28: =$E$27*Parameters!C34 -> 449.66648 | F28: kg
B29: output | C29: Elementary flow | D29: CH4 | E29: =$E$27*Parameters!C35 -> 0.0057327997 | F29: kg
B30: output | C30: Elementary flow | D30: N2O | E30: =$E$27*Parameters!C36 -> 0.0057327997 | F30: kg
B31: output | C31: Elementary flow | D31: Sox | E31: =$E$27*Parameters!C37 -> 0.039771298 | F31: kg
B32: output | C32: Elementary flow | D32: PM10 | E32: =$E$27*Parameters!C38 -> 0.029165619 | F32: kg
B33: output | C33: Elementary flow | D33: PM2.5 | E33: =$E$27*Parameters!C39 -> 0.029165619 | F33: kg
B34: output | C34: Elementary flow | D34: Nox | E34: =$E$27*Parameters!C40 -> 0.38338098 | F34: kg
B35: output | C35: Elementary flow | D35: NH3 | E35: =$E$27*Parameters!C41 -> 0.012110539 | F35: kg
B36: output | C36: Elementary flow | D36: CO | E36: =$E$27*Parameters!C42 -> 0.32246998 | F36: kg
B37: output | C37: Elementary flow | D37: VOC | E37: =$E$27*Parameters!C43 -> 0.019276539 | F37: kg
B38: input | C38: Technosphere flow | D38: Electricity | E38: =Parameters!C44*LCI!E27 -> 0.60859958 | F38: kWh
B39: output | C39: Technosphere flow | D39: Heat | E39: =E27*Parameters!C10*Parameters!C20*Parameters!C33 -> 3876.4661 | F39: MJ
A42: Biogas upgrading | B42: input | C42: Technosphere flow | D42: Biogas | E42: =E13 -> 223.74985 | F42: m3
B43: output | C43: Elementary flow | D43: CO2 | E43: =E42*(1-Parameters!C10)*Parameters!C47*Parameters!C12 -> 174.55173 | F43: kg
B44: output | C44: Elementary flow | D44: CH4 | E44: =E42*Parameters!C10*Parameters!C48*Parameters!C11 -> 1.7398788 | F44: kg
B45: output | C45: Elementary flow | D45: H2S | E45: =Parameters!C49*LCI!E42 -> 0.0013424991 | F45: kg
B46: output | C46: Elementary flow | D46: Sox | E46: =E42*Parameters!C50 -> 0.001476749 | F46: kg
B47: input | C47: Technosphere flow | D47: Electricity requirement | E47: =E42*Parameters!C51 -> 76.074947 | F47: kWh
B48: input | C48: Technosphere flow | D48: Activated carbon | E48: =E42*Parameters!C52 -> 0.19913736 | F48: kg
B49: input | C49: Technosphere flow | D49: Zeolite | E49: =E42*Parameters!C53 -> 2.6626232 | F49: kg
B50: output | C50: Technosphere flow | D50: Biomethane | E50: =(E42*Parameters!C10*(1-Parameters!C48)) -> 131.83341 | F50: m3
A52: Electric engine | B52: input | C52: Technosphere flow | D52: Biogas | E52: =E13 -> 223.74985 | F52: m3
B53: output | C53: Elementary flow | D53: Nitrogen Oxides (NOx) | E53: =E52*Parameters!C56 -> 6.5500795 | F53: kg
B54: output | C54: Elementary flow | D54: Volatile Organic Compounds (VOCs) | E54: =E52*Parameters!C57 -> 0.24795254 | F54: kg
B55: output | C55: Elementary flow | D55: Sulfur Dioxide (SO2) | E55: =E52*Parameters!C58 -> 0.0012149674 | F55: kg
B56: output | C56: Elementary flow | D56: Particulate Matter (PM) | E56: =E52*Parameters!C59 -> 0.89326968 | F56: kg
B57: output | C57: Elementary flow | D57: Carbon Monoxide (CO) | E57: =E52*Parameters!C60 -> 0.79758066 | F57: kg
B58: output | C58: Elementary flow | D58: Methane (CH4) | E58: =E52*Parameters!C61 -> 2.9960932 | F58: kg
B59: output | C59: Technosphere flow | D59: Electricity | E59: =E52*Parameters!C10*Parameters!C20*Parameters!C55/3.6 -> 456.8226 | F59: kWh
A61: Storage
B62: input | C62: Technosphere flow | D62: digestate | E62: =Parameters!C66 -> 0.72184663 | F62: t
B63: output | C63: Elementary flow | D63: CH4 | E63: =Parameters!C75*1000 -> 1.7377103 | F63: kg
A65: Land application of digestate after storage
B66: input | C66: Technosphere flow | D66: digestate after storage | E66: =E62-E63*0.001 -> 0.72010892 | F66: t
B67: output | C67: Elementary flow | D67: N2O | E67: =Waste_characteristics!B3*Parameters!C5*(1-Waste_characteristics!B4)*Waste_characteristics!B8*Parameters!C79*(44/28)*1000 -> 0.18825189 | F67: kg
B68: output | C68: Elementary flow | D68: NH3 | E68: =Waste_characteristics!B3*Parameters!C5*(1-Waste_characteristics!B4)*Waste_characteristics!B8*Parameters!C80*(17/14)*1000 -> 4.4759191 | F68: kg
B69: output | C69: Elementary flow | D69: NO3 | E69: =Waste_characteristics!B3*Parameters!C5*(1-Waste_characteristics!B4)*Waste_characteristics!B8*Parameters!C81*(62/14)*1000 -> 6.1214777 | F69: kg
A71: Dewatering
B72: input | C72: Technosphere flow | D72: digestate | E72: =Parameters!C66 -> 0.72184663 | F72: t
B73: input | C73: Technosphere flow | D73: electricity | E73: =Parameters!C90*LCI!E72*1000 -> 2.6213963 | F73: kWh
B74: output | C74: Technosphere flow | D74: dewatered digestate | E74: =Parameters!C68*Parameters!C88*(1/Parameters!C89) -> 0.38571936 | F74: t
B75: output | C75: Technosphere flow | D75: wastewater | E75: =((E72-E74)*1000)/Parameters!C70 -> 0.33650945 | F75: m3
A77: Wastewater treatment
B78: input | C78: Technosphere flow | D78: wastewater | E78: =E75 -> 0.33650945 | F78: m3
B79: input | C79: Technosphere flow | D79: transport | F79: tkm
A81: Composting of digestate
B82: input | C82: Technosphere flow | D82: dewatered digestate | E82: =E74 -> 0.38571936 | F82: t
B83: output | C83: Elementary flow | D83: CH4 | E83: =(16/12)*Parameters!C98*(1-Parameters!C94)*((E6*1000*(1-Waste_characteristics!B4)*Waste_characteristics!B9)-((E13*(1-Parameters!C10)*Parameters!C12*(12/44)))-((E13*(Parameters!C10)*Parameters!C11*(12/16)))) -> 0.088228561 | F83: kg | G83: Cinit - C(CO2,CH4 in biogas) - C lost in water fraction of digestate
B84: output | C84: Elementary flow | D84: N2O | E84: =(E6*1000*(1-Waste_characteristics!B4)*Waste_characteristics!B8)*(1-Parameters!C91)*Parameters!C99*(44/28) -> 0.062318617 | F84: kg
B85: output | C85: Elementary flow | D85: NH3 | E85: =(E6*1000*(1-Waste_characteristics!B4)*Waste_characteristics!B8)*(1-Parameters!C91)*Parameters!C100*(17/14) -> 0.20275914 | F85: kg
B86: output | C86: Elementary flow | D86: NMVOC | E86: =E82*Parameters!C101 -> 0.040114813 | F86: kg
B87: output | C87: Elementary flow | D87: CO | E87: =(44/12)*Parameters!C102*(1-Parameters!C94)*((E6*1000*(1-Waste_characteristics!B4)*Waste_characteristics!B9)-((E13*(1-Parameters!C10)*Parameters!C12*(12/44)))-((E13*(Parameters!C10)*Parameters!C11*(12/16)))) -> 0.0098429429 | F87: kg
B88: output | C88: Technosphere flow | D88: compost | E88: =E82*(1-Parameters!C103) -> 0.20057406 | F88: t
B89: input | C89: Technosphere flow | D89: electricity | E89: =Parameters!C104*LCI!E82 -> 4.0590571 | F89: kWh
B90: input | C90: Technosphere flow | D90: diesel | E90: =Parameters!C105*LCI!E82*Parameters!C106 -> 0.58289683 | F90: kg
A93: Home Composting
B94: input | C94: Technosphere flow | D94: Waste | E94: 1 | F94: t
B95: output | C95: Elementary flow | D95: CH4 | E95: =[3]LCI!$B$4*1000 -> 0.34805 | F95: kg | G95: data from PaCTEA
B96: output | C96: Elementary flow | D96: N2O | E96: =[3]LCI!$B$6*1000 -> 0.070149 | F96: kg | G96: data from PaCTEA
B97: output | C97: Elementary flow | D97: NH3 | E97: =[3]LCI!$B$5*1000 -> 0.064732 | F97: kg | G97: data from PaCTEA
B98: input | C98: Technosphere flow | D98: Wood chips consumption | E98: =E94*(1/8)*1000 -> 125 | F98: kg | G98: data from PaCTEA
A100: Industrial composting
A101: Pretreatment | B101: input | C101: Technosphere flow | D101: Waste | E101: 1 | F101: t
B102: input | C102: Technosphere flow | D102: Electricity | E102: =E101*Parameters!C3 -> 9.98 | F102: kWh
B103: input | C103: Technosphere flow | D103: Water
B104: output | C104: Intermediate flow | D104: Pretreated biowaste | E104: =E101*Parameters!C5 -> 0.77 | F104: t
A105: Incineration | B105: input | C105: Intermediate flow | D105: discarded biowaste | E105: =E101*(1-Parameters!C5)*1000 -> 230 | F105: kg
A107: C/N correction | B107: input | C107: Technosphere flow | D107: Pretreated biowaste | E107: =E104 -> 0.77 | F107: t
B108: input | C108: Technosphere flow | D108: Wood chips consumption | E108: =E107*(1/8)*1000 -> 96.25 | F108: kg
B109: output | C109: Technosphere flow | D109: Biowaste+WC | E109: =E107+(E108/1000) -> 0.86625 | F109: t
A111: Active composting | B111: input | C111: Technosphere flow | D111: Biowaste+WC | E111: =E109 -> 0.86625 | F111: t
B112: output | C112: Elementary flow | D112: CH4 | E112: =[4]LCI!C4*1000 -> 0.1410178 | F112: kg | G112: data from PaCTEA
B113: output | C113: Elementary flow | D113: NH3 | E113: =[4]LCI!C5*1000 -> 0.1932546 | F113: kg | G113: data from PaCTEA
B114: output | C114: Elementary flow | D114: N2O | E114: =[4]LCI!C6*1000 -> 0.06009465 | F114: kg | G114: data from PaCTEA
B115: output | C115: Elementary flow | D115: CO2 | E115: =[4]LCI!C7*1000 -> 314.006 | F115: kg | G115: data from PaCTEA
B116: output | C116: Technosphere flow | D116: Electricity (aeration) | E116: =[4]LCI!$C$31*1000 -> 6.93 | F116: kWh | G116: data from PaCTEA
B117: output | C117: Technosphere flow | D117: Diesel | E117: =[4]LCI!$C$34*1000 -> 0 | F117: l | G117: data from PaCTEA

Sheet LCI_AD-d
A1: AD+injection+Composting of digestate
A2: Process | B2: Flow direction | C2: Flow type | D2: Flow name | E2: Value | F2: Unit
A3: Pretreatment | B3: input | C3: Technosphere flow | D3: Waste | E3: 1 | F3: t
B4: input | C4: Technosphere flow | D4: Electricity | E4: =E3*Parameters!C3 -> 9.98 | F4: kWh
B5: input | C5: Technosphere flow | D5: Water
B6: output | C6: Intermediate flow | D6: Pretreated biowaste | E6: =E3*Parameters!C5 -> 0.77 | F6: t
A7: Incineration | B7: input | C7: Intermediate flow | D7: transported discarded biowaste | E7: =E8*0.001*Parameters!C6 -> 2.3 | F7: tkm
B8: input | C8: Intermediate flow | D8: discarded biowaste | E8: =E3*(1-Parameters!C5)*1000 -> 230 | F8: kg
A9: AD | B9: input | C9: Intermediate flow | D9: Pretreated waste | E9: =E6 -> 0.77 | F9: t
B10: input | C10: Intermediate flow | D10: Electricity | E10: =Parameters!C14*E9 -> 22.33 | F10: kWh
B11: input | C11: Intermediate flow | D11: Heat | E11: =E9*Parameters!C15 -> 227.15 | F11: MJ
B12: output | C12: Elementary flow | D12: Methane | E12: =Parameters!C9*(Parameters!C7*(1-Waste_characteristics!B4))*E9*Parameters!C11*0.001 -> 1.5118454 | F12: kg
B13: output | C13: Intermediate flow | D13: Biogas | E13: =(((Parameters!C7*(1-Waste_characteristics!B4))/Parameters!C10)*0.001)-((E12/Parameters!C11)*(1/Parameters!C10)) -> 223.74985 | F13: m3
B14: output | C14: Technosphere flow | D14: Digestate | E14: =Parameters!C66*E9 -> 0.5558219 | F14: t
A15: Biogas upgrading | B15: input | C15: Technosphere flow | D15: Biogas | E15: =E13 -> 223.74985 | F15: m3
B16: output | C16: Elementary flow | D16: CO2 | E16: =E15*(1-Parameters!C10)*Parameters!C47*Parameters!C12 -> 174.55173 | F16: kg
B17: output | C17: Elementary flow | D17: CH4 | E17: =E15*Parameters!C10*Parameters!C48*Parameters!C11 -> 1.7398788 | F17: kg
B18: output | C18: Elementary flow | D18: H2S | E18: =Parameters!C49*E15 -> 0.0013424991 | F18: kg
B19: output | C19: Elementary flow | D19: Sox | E19: =E15*Parameters!C50 -> 0.001476749 | F19: kg
B20: input | C20: Technosphere flow | D20: Electricity requirement | E20: =E15*Parameters!C51 -> 76.074947 | F20: kWh
B21: input | C21: Technosphere flow | D21: Activated carbon | E21: =E15*Parameters!C52 -> 0.19913736 | F21: kg
B22: input | C22: Technosphere flow | D22: Zeolite | E22: =E15*Parameters!C53 -> 2.6626232 | F22: kg
B23: output | C23: Technosphere flow | D23: Biomethane | E23: =(E15*Parameters!C10*(1-Parameters!C48)) -> 131.83341 | F23: m3
A24: Dewatering | B24: input | C24: Technosphere flow | D24: Digestate | E24: =E14 -> 0.5558219 | F24: t
B25: input | C25: Technosphere flow | D25: electricity | E25: =E24*Parameters!C90*1000 -> 2.0184752 | F25: kWh
B26: output | C26: Technosphere flow | D26: dewatered digestate | E26: =Parameters!C68*Parameters!C88*(1/Parameters!C89)*E9 -> 0.2970039 | F26: t
B27: output | C27: Technosphere flow | D27: wastewater | E27: =(E24-E26)*1000/Parameters!C70 -> 0.25911227 | F27: m3
A28: Composting of digestate | B28: input | C28: Technosphere flow | D28: dewatered digestate | E28: =E26 -> 0.2970039 | F28: t
B29: output | C29: Elementary flow | D29: CH4 | E29: =(16/12)*Parameters!C98*(1-Parameters!C94)*((E6*1000*(1-Waste_characteristics!B4)*Waste_characteristics!B9)-((E13*(1-Parameters!C10)*Parameters!C12*(12/44)))-((E13*(Parameters!C10)*Parameters!C11*(12/16)))) -> 0.088228561 | F29: kg
B30: output | C30: Elementary flow | D30: N2O | E30: =(E6*1000*(1-Waste_characteristics!B4)*Waste_characteristics!B8)*(1-Parameters!C91)*Parameters!C99*(44/28) -> 0.062318617 | F30: kg
B31: output | C31: Elementary flow | D31: NH3 | E31: =(E6*1000*(1-Waste_characteristics!B4)*Waste_characteristics!B8)*(1-Parameters!C91)*Parameters!C100*(17/14) -> 0.20275914 | F31: kg
B32: output | C32: Elementary flow | D32: NMVOC | E32: =E28*Parameters!C101 -> 0.030888406 | F32: kg
B33: output | C33: Elementary flow | D33: CO | E33: =(44/12)*Parameters!C102*(1-Parameters!C94)*((E6*1000*(1-Waste_characteristics!B4)*Waste_characteristics!B9)-((E14*(1-Parameters!C10)*Parameters!C12*(12/44)))-((E14*(Parameters!C10)*Parameters!C11*(12/16)))) -> 0.12509677 | F33: kg
B34: output | C34: Technosphere flow | D34: compost | E34: =E28*(1-Parameters!C103) -> 0.15444203 | F34: t
B35: input | C35: Technosphere flow | D35: electricity | E35: =E28*Parameters!C104 -> 3.1254739 | F35: kWh
B36: input | C36: Technosphere flow | D36: diesel | E36: =E28*Parameters!C105*Parameters!C106 -> 0.44883056 | F36: kg
A37: Land application of compost
B38: output | C38: Elementary flow | D38: N2O | E38: ='LCI_AD-b'!E40 -> 0.013194214 | F38: kg
B39: output | C39: Elementary flow | D39: NH3 | E39: ='LCI_AD-b'!E41 -> 0.078947678 | F39: kg
B40: output | C40: Elementary flow | D40: NO3 | E40: ='LCI_AD-b'!E42 -> 2.6495849 | F40: kg
B41: output | C41: Elementary flow | D41: (PO4)3- | E41: ='LCI_AD-b'!E43 -> -0.039495206 | F41: kg
B42: output | C42: Elementary flow | D42: CO2 fossil | E42: ='LCI_AD-b'!E44 -> -30.816321 | F42: kg
A43: Substituted products | E43: ='LCI_AD-b'!E45 -> 0 | F43: kg
C44: Technosphere flow | D44: N-fertilizer | E44: ='LCI_AD-b'!E46 -> 9.8391403 | F44: kg
C45: Technosphere flow | D45: P-fertilizer | E45: ='LCI_AD-b'!E47 -> 31.938546 | F45: kg
C46: Technosphere flow | D46: K-fertilizer | E46: ='LCI_AD-b'!E48 -> 2.8466868 | F46: kg
C47: Technosphere flow | D47: Peat | E47: ='LCI_AD-b'!E49 -> 42.109845 | F47: kg
C48: Technosphere flow | D48: Gas | E48: =E23 -> 131.83341 | F48: m3
A49: Use of biomethane
B50: output | C50: Elementary flow | D50: CO2 fossil | E50: ='LCI_AD-c'!E40 -> -260.85437 | F50: kg
B51: output | C51: Elementary flow | D51: CO2 non-fossil | E51: ='LCI_AD-c'!E41 -> 260.85437 | F51: kg
B52: output | C52: Elementary flow | D52: CH4 fossil | E52: ='LCI_AD-c'!E42 -> -0.0093162276 | F52: kg
B53: output | C53: Elementary flow | D53: CH4 non-fossil | E53: ='LCI_AD-c'!E43 -> 0.0093162276 | F53: kg

Sheet params_HC
B2: Technology | I2: Pretratment technology
B3: Pretreatement technology | C3: 1 | D3: (don't select if home composting) | I3: 0 | J3: None
B4: Ratio Biowaste/WC | C4: 8_1 | I4: 1 | J4: Drum-screen + Shredder + Piston press
B5: Aeration mode for industrial composting | C5: Active | D5: (don't select if home composting) | I5: 2 | J5: Shredder + Piston press + Screw press
B6: Distance of biowaste collection | C6: 20 | D6: km | I6: 3 | J6: Separation-mill
B7: Distance of compost transport from composting site to land | C7: 20 | D7: km | I7: 4 | J7: Pulp + Drum-screen

Sheet LCI_HC
A1: Home Composting
A2: Process | B2: Flow direction | C2: Flow type | D2: Flow name | E2: Value | F2: Unit
A3: Home composting | B3: input | C3: Technosphere flow | D3: Waste | E3: 1 | F3: t
B4: output | C4: Elementary flow | D4: CH4 | E4: =[3]LCI!$B$4*1000 -> 0.34805 | F4: kg | G4: data from PaCTEA
B5: output | C5: Elementary flow | D5: N2O | E5: =[3]LCI!$B$6*1000 -> 0.070149 | F5: kg | G5: data from PaCTEA
B6: output | C6: Elementary flow | D6: NH3 | E6: =[3]LCI!$B$5*1000 -> 0.064732 | F6: kg | G6: data from PaCTEA
B7: input | C7: Technosphere flow | D7: Wood chips consumption | E7: =E3*(1/8)*1000 -> 125 | F7: kg | G7: data from PaCTEA
A8: Land application
B9: output | C9: Elementary flow | D9: NH3 | E9: =[3]LCI!$C$18*1000 -> 0.36486015 | F9: kg | G9: data from PaCTEA
B10: output | C10: Elementary flow | D10: N2O | E10: =[3]LCI!$C$19*1000 -> 0.13095325 | F10: kg | G10: data from PaCTEA
B11: output | C11: Elementary flow | D11: NO3 | E11: =[3]LCI!$C$20*1000 -> 13.608329 | F11: kg | G11: data from PaCTEA
B12: output | C12: Elementary flow | D12: (PO4)3- | E12: =[3]LCI!$C$22*1000 -> -0.08127857 | F12: kg | G12: data from PaCTEA
B13: output | C13: Elementary flow | D13: CO2 fossil | E13: =[3]LCI!$C$26*1000 -> -356.4 | F13: kg | G13: data from PaCTEA
A14: Substitued products
C15: Technosphere flow | D15: N-fertilizer | E15: =0.0116046876865655*1000 -> 11.604688 | F15: kg | G15: data from PaCTEA
C16: Technosphere flow | D16: P-fertilizer | E16: =0.00342132225661322*1000 -> 3.4213223 | F16: kg | G16: data from PaCTEA
C17: Technosphere flow | D17: K-fertilizer | E17: =0.00502189482738727*1000 -> 5.0218948 | F17: kg | G17: data from PaCTEA
C18: Technosphere flow | D18: Peat | E18: =0.438311688311688*1000 -> 438.31169 | F18: kg | G18: data from PaCTEA

Sheet LCI_AD-a
A1: AD+CHP+Digestate
A2: Process | B2: Flow direction | C2: Flow type | D2: Flow name | E2: Value | F2: Unit
A3: Pretreatment | B3: input | C3: Technosphere flow | D3: Waste | E3: 1 | F3: t
B4: input | C4: Technosphere flow | D4: Electricity | E4: =E3*Parameters!C3 -> 9.98 | F4: kWh
B5: input | C5: Technosphere flow | D5: Water
B6: output | C6: Intermediate flow | D6: Pretreated biowaste | E6: =E3*Parameters!C5 -> 0.77 | F6: t
A7: Incineration | B7: input | C7: Intermediate flow | D7: transported discarded biowaste | E7: =E8*0.001*Parameters!C6 -> 2.3 | F7: tkm
B8: input | C8: Intermediate flow | D8: discarded biowaste | E8: =E3*(1-Parameters!C5)*1000 -> 230 | F8: kg
A9: AD | B9: input | C9: Intermediate flow | D9: Pretreated waste | E9: =E6 -> 0.77 | F9: t
B10: input | C10: Intermediate flow | D10: Electricity | E10: =Parameters!C14*E9 -> 22.33 | F10: kWh
B11: input | C11: Intermediate flow | D11: Heat | E11: =E9*Parameters!C15 -> 227.15 | F11: MJ
B12: output | C12: Elementary flow | D12: Methane | E12: =Parameters!C9*(Parameters!C7*(1-Waste_characteristics!B4))*E9*Parameters!C11*0.001 -> 1.5118454 | F12: kg
B13: output | C13: Intermediate flow | D13: Biogas | E13: =(((Parameters!C7*(1-Waste_characteristics!B4))/Parameters!C10)*0.001)-((E12/Parameters!C11)*(1/Parameters!C10)) -> 223.74985 | F13: m3
B14: output | C14: Technosphere flow | D14: Digestate | E14: =Parameters!C66*E9 -> 0.5558219 | F14: t
A15: CHP | B15: input | C15: Intermediate flow | D15: Biogas | E15: =E13 -> 223.74985 | F15: m3
B16: output | C16: Elementary flow | D16: Nitrogen Oxides (NOx) | E16: =E15*Parameters!C24 -> 0.036718365 | F16: kg
B17: output | C17: Elementary flow | D17: Volatile Organic Compounds (VOCs) | E17: =E15*Parameters!C25 -> 0.3538951 | F17: kg
B18: output | C18: Elementary flow | D18: Sulfur Dioxide (SO2) | E18: =E15*Parameters!C26 -> 0.0031472884 | F18: kg
B19: output | C19: Elementary flow | D19: Particulate Matter (PM) | E19: =LCI!E14*Parameters!C27 -> 0.0076933718 | F19: kg
B20: output | C20: Elementary flow | D20: Carbon Monoxide (CO) | E20: =E15*Parameters!C28 -> 0.23901907 | F20: kg
B21: output | C21: Elementary flow | D21: Ammonia (NH3) | E21: =E15*Parameters!C29 -> 0.014337647 | F21: kg
B22: output | C22: Elementary flow | D22: Methane (CH4) | E22: =E15*Parameters!C30 -> 0.96288796 | F22: kg
B23: output | C23: Elementary flow | D23: Nitrous Oxide (N2O) | E23: =LCI!E14*Parameters!C31 -> 0.022925904 | F23: kg
B24: output | C24: Technosphere flow | D24: Electricity | E24: =E15*Parameters!C10*Parameters!C20*Parameters!C19/3.6 -> 509.0309 | F24: kWh
B25: output | C25: Technosphere flow | D25: Heat | E25: =E15*Parameters!C10*Parameters!C20*Parameters!C18 -> 2161.4235 | F25: MJ
A26: Storage | B26: input | C26: Technosphere flow | D26: Digestate | E26: =E14 -> 0.5558219 | F26: t
B27: output | C27: Elementary flow | D27: CH4 | E27: =Parameters!C75*E9*1000 -> 1.338037 | F27: kg
B28: output | C28: Technosphere flow | D28: Digestate after storage | E28: =E26-(E27*0.001) -> 0.55448387 | F28: t
A29: Land application of digestate | B29: input | C29: Technosphere flow | D29: Digestate after storage | E29: =E28 -> 0.55448387 | F29: t
B30: output | C30: Elementary flow | D30: N2O | E30: =(Parameters!C82*'LCI_AD-a'!E9*1000*Parameters!C79*44/28)-(E36*Parameters!C123*Parameters!C125*44/28) -> 0.069747028 | F30: kg | H30: NET EMISSION TO BE calculated
B31: output | C31: Elementary flow | D31: NH3 | E31: =(Parameters!C82*'LCI_AD-a'!E9*1000*Parameters!C80*17/14)-(E36*Parameters!C123*Parameters!C124*17/14) -> 4.329404 | F31: kg
B32: output | C32: Elementary flow | D32: NO3 | E32: =(Parameters!C82*'LCI_AD-a'!E9*1000*Parameters!C81*62/14)-(E36*Parameters!C123*Parameters!C126*62/14) -> -1.8937605 | F32: kg
B33: output | C33: Elementary flow | D33: (PO4)3- | E33: =-Parameters!C129*'LCI_AD-a'!E37*Parameters!C128*0.001 -> -0.06209938 | F33: kg
B34: output | C34: Elementary flow | D34: CO2 fossil | E34: =-E39*Parameters!C136*Parameters!C134*44/12 -> -115.35192 | F34: kg
A35: Substituted products
C36: Technosphere flow | D36: N-fertilizer | E36: =(Parameters!C83/Parameters!C127)*FW_mass*1000*E6/Parameters!C123 -> 18.00888 | F36: kg | G36: NH4NO3
C37: Technosphere flow | D37: P-fertilizer | E37: =(Parameters!C86/Parameters!C131)*1000*'LCI_AD-a'!E9/Parameters!C128 -> 50.217839 | F37: kg | G37: single superphosphate
C38: Technosphere flow | D38: K-fertilizer | E38: =(Parameters!C85/Parameters!C132)*'LCI_AD-a'!E9*1000 -> 18.509017 | F38: kg
C39: Technosphere flow | D39: Peat | E39: =(Parameters!C84/Parameters!C136)*1000*E9 -> 157.62594 | F39: kg
C40: Technosphere flow | D40: Marginal heat | E40: =E25 -> 2161.4235 | F40: MJ
C41: Technosphere flow | D41: Marginal electricity | E41: =E24 -> 509.0309 | F41: kWh
A42: Use of products from biogas | C42: (already included in heat and electricity production processus)

Sheet LCI_AD-c
A1: AD+injection+Digestate
A2: Process | B2: Flow direction | C2: Flow type | D2: Flow name | E2: Value | F2: Unit
A3: Pretreatment | B3: input | C3: Technosphere flow | D3: Waste | E3: 1 | F3: t
B4: input | C4: Technosphere flow | D4: Electricity | E4: =E3*Parameters!C3 -> 9.98 | F4: kWh
B5: input | C5: Technosphere flow | D5: Water
B6: output | C6: Intermediate flow | D6: Pretreated biowaste | E6: =E3*Parameters!C5 -> 0.77 | F6: t
A7: Incineration | B7: input | C7: Intermediate flow | D7: transported discarded biowaste | E7: =E8*0.001*Parameters!C6 -> 2.3 | F7: tkm
B8: input | C8: Intermediate flow | D8: discarded biowaste | E8: =E3*(1-Parameters!C5)*1000 -> 230 | F8: kg
A9: AD | B9: input | C9: Intermediate flow | D9: Pretreated waste | E9: =E6 -> 0.77 | F9: t
B10: input | C10: Intermediate flow | D10: Electricity | E10: =Parameters!C14*E9 -> 22.33 | F10: kWh
B11: input | C11: Intermediate flow | D11: Heat | E11: =E9*Parameters!C15 -> 227.15 | F11: MJ
B12: output | C12: Elementary flow | D12: Methane | E12: =Parameters!C9*(Parameters!C7*(1-Waste_characteristics!B4))*E9*Parameters!C11*0.001 -> 1.5118454 | F12: kg
B13: output | C13: Intermediate flow | D13: Biogas | E13: =(((Parameters!C7*(1-Waste_characteristics!B4))/Parameters!C10)*0.001)-((E12/Parameters!C11)*(1/Parameters!C10)) -> 223.74985 | F13: m3
B14: output | C14: Technosphere flow | D14: Digestate | E14: =Parameters!C66*E9 -> 0.5558219 | F14: t
A15: Biogas upgrading | B15: input | C15: Technosphere flow | D15: Biogas | E15: =E13 -> 223.74985 | F15: m3
B16: output | C16: Elementary flow | D16: CO2 | E16: =E15*(1-Parameters!C10)*Parameters!C47*Parameters!C12 -> 174.55173 | F16: kg
B17: output | C17: Elementary flow | D17: CH4 | E17: =E15*Parameters!C10*Parameters!C48*Parameters!C11 -> 1.7398788 | F17: kg
B18: output | C18: Elementary flow | D18: H2S | E18: =Parameters!C49*E15 -> 0.0013424991 | F18: kg
B19: output | C19: Elementary flow | D19: Sox | E19: =E15*Parameters!C50 -> 0.001476749 | F19: kg
B20: input | C20: Technosphere flow | D20: Electricity requirement | E20: =E15*Parameters!C51 -> 76.074947 | F20: kWh
B21: input | C21: Technosphere flow | D21: Activated carbon | E21: =E15*Parameters!C52 -> 0.19913736 | F21: kg
B22: input | C22: Technosphere flow | D22: Zeolite | E22: =E15*Parameters!C53 -> 2.6626232 | F22: kg
B23: output | C23: Technosphere flow | D23: Biomethane | E23: =(E15*Parameters!C10*(1-Parameters!C48)) -> 131.83341 | F23: m3
A24: Storage | B24: input | C24: Technosphere flow | D24: Digestate | E24: ='LCI_AD-a'!E26 -> 0.5558219 | F24: t
B25: output | C25: Elementary flow | D25: CH4 | E25: ='LCI_AD-a'!E27 -> 1.338037 | F25: kg
B26: output | C26: Technosphere flow | D26: Digestate after storage | E26: ='LCI_AD-a'!E28 -> 0.55448387 | F26: t
A27: Land application of digestate | B27: input | C27: Technosphere flow | D27: Digestate after storage | E27: ='LCI_AD-a'!E29 -> 0.55448387 | F27: t
B28: output | C28: Elementary flow | D28: N2O | E28: ='LCI_AD-a'!E30 -> 0.069747028 | F28: kg
B29: output | C29: Elementary flow | D29: NH3 | E29: ='LCI_AD-a'!E31 -> 4.329404 | F29: kg
B30: output | C30: Elementary flow | D30: NO3 | E30: ='LCI_AD-a'!E32 -> -1.8937605 | F30: kg
B31: output | C31: Elementary flow | D31: (PO4)3- | E31: ='LCI_AD-a'!E33 -> -0.06209938 | F31: kg
B32: output | C32: Elementary flow | D32: CO2 fossil | E32: ='LCI_AD-a'!E34 -> -115.35192 | F32: kg
A33: Substituted products
C34: Technosphere flow | D34: N-fertilizer | E34: ='LCI_AD-a'!E36 -> 18.00888 | F34: kg
C35: Technosphere flow | D35: P-fertilizer | E35: ='LCI_AD-a'!E37 -> 50.217839 | F35: kg
C36: Technosphere flow | D36: K-fertilizer | E36: ='LCI_AD-a'!E38 -> 18.509017 | F36: kg
C37: Technosphere flow | D37: Peat | E37: ='LCI_AD-a'!E39 -> 157.62594 | F37: kg
C38: Technosphere flow | D38: Gas | E38: =E23 -> 131.83341 | F38: m3 | G38: =E38/J40 -> 4394.447 | H38: MJ
A39: Use of biomethane
B40: output | C40: Elementary flow | D40: CO2 fossil | E40: =-I41*G38 -> -260.85437 | F40: kg | I40: 1 MJ | J40: 0.03 | K40: m3
B41: output | C41: Elementary flow | D41: CO2 non-fossil | E41: =G38*I41 -> 260.85437 | F41: kg | H41: CO2 | I41: 0.05936 | J41: kg/MJ
B42: output | C42: Elementary flow | D42: CH4 fossil | E42: =-I42*G38 -> -0.0093162276 | F42: kg | H42: CH4 | I42: 2.12e-06 | J42: kg/MJ
B43: output | C43: Elementary flow | D43: CH4 non-fossil | E43: =I42*G38 -> 0.0093162276 | F43: kg

Sheet LCI_AD-b
A1: AD+CHP+Composting
A2: Process | B2: Flow direction | C2: Flow type | D2: Flow name | E2: Value | F2: Unit
A3: Pretreatment | B3: input | C3: Technosphere flow | D3: Waste | E3: 1 | F3: t
B4: input | C4: Technosphere flow | D4: Electricity | E4: =E3*Parameters!C3 -> 9.98 | F4: kWh
B5: input | C5: Technosphere flow | D5: Water
B6: output | C6: Intermediate flow | D6: Pretreated biowaste | E6: =E3*Parameters!C5 -> 0.77 | F6: t
A7: Incineration | B7: input | C7: Intermediate flow | D7: transported discarded biowaste | E7: =E8*0.001*Parameters!C6 -> 2.3 | F7: tkm
B8: input | C8: Intermediate flow | D8: discarded biowaste | E8: =E3*(1-Parameters!C5)*1000 -> 230 | F8: kg
A9: AD | B9: input | C9: Intermediate flow | D9: Pretreated waste | E9: =E6 -> 0.77 | F9: t
B10: input | C10: Intermediate flow | D10: Electricity | E10: =Parameters!C14*E9 -> 22.33 | F10: kWh
B11: input | C11: Intermediate flow | D11: Heat | E11: =E9*Parameters!C15 -> 227.15 | F11: MJ
B12: output | C12: Elementary flow | D12: Methane | E12: =Parameters!C9*(Parameters!C7*(1-Waste_characteristics!B4))*E9*Parameters!C11*0.001 -> 1.5118454 | F12: kg
B13: output | C13: Intermediate flow | D13: Biogas | E13: =(((Parameters!C7*(1-Waste_characteristics!B4))/Parameters!C10)*0.001)-((E12/Parameters!C11)*(1/Parameters!C10)) -> 223.74985 | F13: m3
B14: output | C14: Technosphere flow | D14: Digestate | E14: =Parameters!C66*E9 -> 0.5558219 | F14: t
A15: CHP | B15: input | C15: Intermediate flow | D15: Biogas | E15: =E13 -> 223.74985 | F15: m3
B16: output | C16: Elementary flow | D16: Nitrogen Oxides (NOx) | E16: =E15*Parameters!C24 -> 0.036718365 | F16: kg
B17: output | C17: Elementary flow | D17: Volatile Organic Compounds (VOCs) | E17: =E15*Parameters!C25 -> 0.3538951 | F17: kg
B18: output | C18: Elementary flow | D18: Sulfur Dioxide (SO2) | E18: =E15*Parameters!C26 -> 0.0031472884 | F18: kg
B19: output | C19: Elementary flow | D19: Particulate Matter (PM) | E19: =LCI!E14*Parameters!C27 -> 0.0076933718 | F19: kg
B20: output | C20: Elementary flow | D20: Carbon Monoxide (CO) | E20: =E15*Parameters!C28 -> 0.23901907 | F20: kg
B21: output | C21: Elementary flow | D21: Ammonia (NH3) | E21: =E15*Parameters!C29 -> 0.014337647 | F21: kg
B22: output | C22: Elementary flow | D22: Methane (CH4) | E22: =E15*Parameters!C30 -> 0.96288796 | F22: kg
B23: output | C23: Elementary flow | D23: Nitrous Oxide (N2O) | E23: =LCI!E14*Parameters!C31 -> 0.022925904 | F23: kg
B24: output | C24: Technosphere flow | D24: Electricity | E24: =E15*Parameters!C10*Parameters!C20*Parameters!C19/3.6 -> 509.0309 | F24: kWh
B25: output | C25: Technosphere flow | D25: Heat | E25: =E15*Parameters!C10*Parameters!C20*Parameters!C18 -> 2161.4235 | F25: MJ
A26: Dewatering | B26: input | C26: Technosphere flow | D26: Digestate | E26: =E14 -> 0.5558219 | F26: t
B27: input | C27: Technosphere flow | D27: electricity | E27: =E26*Parameters!C90*1000 -> 2.0184752 | F27: kWh
B28: output | C28: Technosphere flow | D28: dewatered digestate | E28: =Parameters!C68*E9*Parameters!C88*(1/Parameters!C89) -> 0.2970039 | F28: t
B29: output | C29: Technosphere flow | D29: wastewater | E29: =(E26-E28)*1000/Parameters!C70 -> 0.25911227 | F29: m3
A30: Composting of digestate | B30: input | C30: Technosphere flow | D30: dewatered digestate | E30: =E28 -> 0.2970039 | F30: t
B31: output | C31: Elementary flow | D31: CH4 | E31: =(16/12)*Parameters!C98*(1-Parameters!C94)*((E6*1000*(1-Waste_characteristics!B4)*Waste_characteristics!B9)-((E13*(1-Parameters!C10)*Parameters!C12*(12/44)))-((E13*(Parameters!C10)*Parameters!C11*(12/16)))) -> 0.088228561 | F31: kg | H31: Cinit - C(CO2,CH4 in biogas) - C lost in water fraction of digestate
B32: output | C32: Elementary flow | D32: N2O | E32: =(E6*1000*(1-Waste_characteristics!B4)*Waste_characteristics!B8)*(1-Parameters!C91)*Parameters!C99*(44/28) -> 0.062318617 | F32: kg
B33: output | C33: Elementary flow | D33: NH3 | E33: =(E6*1000*(1-Waste_characteristics!B4)*Waste_characteristics!B8)*(1-Parameters!C91)*Parameters!C100*(17/14) -> 0.20275914 | F33: kg
B34: output | C34: Elementary flow | D34: NMVOC | E34: =E30*Parameters!C101 -> 0.030888406 | F34: kg
B35: output | C35: Elementary flow | D35: CO | E35: =(44/12)*Parameters!C102*(1-Parameters!C94)*((E6*1000*(1-Waste_characteristics!B4)*Waste_characteristics!B9)-((E14*(1-Parameters!C10)*Parameters!C12*(12/44)))-((E14*(Parameters!C10)*Parameters!C11*(12/16)))) -> 0.12509677 | F35: kg
B36: output | C36: Technosphere flow | D36: compost | E36: =E30*(1-Parameters!C103) -> 0.15444203 | F36: t
B37: input | C37: Technosphere flow | D37: electricity | E37: =E30*Parameters!C104 -> 3.1254739 | F37: kWh
B38: input | C38: Technosphere flow | D38: diesel | E38: =E30*Parameters!C105*Parameters!C106 -> 0.44883056 | F38: kg
A39: Land application of compost
B40: output | C40: Elementary flow | D40: N2O | E40: =(Parameters!C107*E9*1000*Parameters!C108*44/28)-(E46*Parameters!C123*Parameters!C125*44/28) -> 0.013194214 | F40: kg
B41: output | C41: Elementary flow | D41: NH3 | E41: =(Parameters!C107*'LCI_AD-a'!E9*1000*Parameters!C109*17/14)-(E46*Parameters!C123*Parameters!C124*17/14) -> 0.078947678 | F41: kg
B42: output | C42: Elementary flow | D42: NO3 | E42: =(Parameters!C107*'LCI_AD-a'!E9*1000*Parameters!C110*62/14)-(E46*Parameters!C123*Parameters!C126*62/14) -> 2.6495849 | F42: kg
B43: output | C43: Elementary flow | D43: (PO4)3- | E43: =-Parameters!C129*'LCI_AD-b'!E47*Parameters!C128*0.001 -> -0.039495206 | F43: kg
B44: output | C44: Elementary flow | D44: CO2 fossil | E44: =-'LCI_AD-b'!E49*Parameters!C136*Parameters!C134*44/12 -> -30.816321 | F44: kg
A45: Substituted products
C46: Technosphere flow | D46: N-fertilizer | E46: =(Parameters!C111/Parameters!C127)*FW_mass*1000*E6/Parameters!C123 -> 9.8391403 | F46: kg
C47: Technosphere flow | D47: P-fertilizer | E47: =(Parameters!C113/Parameters!C131)*1000*'LCI_AD-a'!E9/Parameters!C128 -> 31.938546 | F47: kg
C48: Technosphere flow | D48: K-fertilizer | E48: =(Parameters!C114/Parameters!C132)*'LCI_AD-a'!E9*1000 -> 2.8466868 | F48: kg
C49: Technosphere flow | D49: Peat | E49: =(Parameters!C112/Parameters!C136)*1000*E9 -> 42.109845 | F49: kg
C50: Technosphere flow | D50: Marginal heat | E50: =E25 -> 2161.4235 | F50: MJ
C51: Technosphere flow | D51: Marginal electricity | E51: =E24 -> 509.0309 | F51: kWh
A52: Use of products from biogas | C52: (already included in heat and electricity production processus)

Sheet LCIA_HC
A2: RECIPE - MIDPOINT
A3: Process | C3: acidification: terrestrial - terrestrial acidification potential (TAP) | D3: climate change - global warming potential (GWP100) | E3: ecotoxicity: freshwater - freshwater ecotoxicity potential (FETP) | F3: ecotoxicity: marine - marine ecotoxicity potential (METP) | G3: ecotoxicity: terrestrial - terrestrial ecotoxicity potential (TETP) | H3: energy resources: non-renewable, fossil - fossil fuel potential (FFP) | I3: eutrophication: freshwater - freshwater eutrophication potential (FEP) | J3: eutrophication: marine - marine eutrophication potential (MEP) | K3: human toxicity: carcinogenic - human toxicity potential (HTPc) | L3: human toxicity: non-carcinogenic - human toxicity potential (HTPnc) | M3: ionising radiation - ionising radiation potential (IRP) | N3: land use - agricultural land occupation (LOP) | O3: material resources: metals/minerals - surplus ore potential (SOP) | P3: ozone depletion - ozone depletion potential (ODPinfinite) | Q3: particulate matter formation - particulate matter formation potential (PMFP) | R3: photochemical oxidant formation: human health - photochemical oxidant formation potential: humans (HOFP) | S3: photochemical oxidant formation: terrestrial ecosystems - photochemical oxidant formation potential: ecosystems (EOFP) | T3: water use - water consumption potential (WCP)
A4: Composting | C4: =SUM(C5:C7) -> 0.12687472 | D4: =SUM(D5:D7) -> 32.738102 | E4: =SUM(E5:E7) -> 0 | F4: =SUM(F5:F7) -> 0 | G4: =SUM(G5:G7) -> 0 | H4: =SUM(H5:H7) -> 0 | I4: =SUM(I5:I7) -> 0 | J4: =SUM(J5:J7) -> 0 | ... T4: =SUM(T5:T7) -> 0
B5: CH4 | C5: =LCI_HC!$E4*impact_process_mid!C11 -> 0 | D5: =LCI_HC!$E4*impact_process_mid!D11 -> 11.8337 | E5: =LCI_HC!$E4*impact_process_mid!E11 -> 0 | F5: =LCI_HC!$E4*impact_process_mid!F11 -> 0 | G5: =LCI_HC!$E4*impact_process_mid!G11 -> 0 | H5: =LCI_HC!$E4*impact_process_mid!H11 -> 0 | I5: =LCI_HC!$E4*impact_process_mid!I11 -> 0 | J5: =LCI_HC!$E4*impact_process_mid!J11 -> 0 | ... T5: =LCI_HC!$E4*impact_process_mid!T11 -> 0
B6: NH3 | C6: =LCI_HC!$E6*impact_process_mid!C17 -> 0.12687472 | D6: =LCI_HC!$E6*impact_process_mid!D17 -> 0 | E6: =LCI_HC!$E6*impact_process_mid!E17 -> 0 | F6: =LCI_HC!$E6*impact_process_mid!F17 -> 0 | G6: =LCI_HC!$E6*impact_process_mid!G17 -> 0 | H6: =LCI_HC!$E6*impact_process_mid!H17 -> 0 | I6: =LCI_HC!$E6*impact_process_mid!I17 -> 0 | J6: =LCI_HC!$E6*impact_process_mid!J17 -> 0 | ... T6: =LCI_HC!$E6*impact_process_mid!T17 -> 0
B7: N2O | C7: =LCI_HC!$E5*impact_process_mid!C19 -> 0 | D7: =LCI_HC!$E5*impact_process_mid!D19 -> 20.904402 | E7: =LCI_HC!$E5*impact_process_mid!E19 -> 0 | F7: =LCI_HC!$E5*impact_process_mid!F19 -> 0 | G7: =LCI_HC!$E5*impact_process_mid!G19 -> 0 | H7: =LCI_HC!$E5*impact_process_mid!H19 -> 0 | I7: =LCI_HC!$E5*impact_process_mid!I19 -> 0 | J7: =LCI_HC!$E5*impact_process_mid!J19 -> 0 | ... T7: =LCI_HC!$E5*impact_process_mid!T19 -> 0
B8: Wood chips | C8: =LCI_HC!$E7*impact_process_mid!C33 -> 0.014295467 | D8: =LCI_HC!$E7*impact_process_mid!D33 -> 5.7556617 | E8: =LCI_HC!$E7*impact_process_mid!E33 -> 0.12930887 | F8: =LCI_HC!$E7*impact_process_mid!F33 -> 0.20158553 | G8: =LCI_HC!$E7*impact_process_mid!G33 -> 57.734745 | H8: =LCI_HC!$E7*impact_process_mid!H33 -> 1.7373117 | I8: =LCI_HC!$E7*impact_process_mid!I33 -> 0.0019765582 | J8: =LCI_HC!$E7*impact_process_mid!J33 -> 0.00031560347 | ... T8: =LCI_HC!$E7*impact_process_mid!T33 -> 0.026932346
A9: Land application
A13: RECIPE - ENDPOINT
A14: Process | C14: ecosystem quality - acidification: terrestrial | D14: ecosystem quality - climate change: freshwater ecosystems | E14: ecosystem quality - climate change: terrestrial ecosystems | F14: ecosystem quality - ecotoxicity: freshwater | G14: ecosystem quality - ecotoxicity: marine | H14: ecosystem quality - ecotoxicity: terrestrial | I14: ecosystem quality - eutrophication: freshwater | J14: ecosystem quality - eutrophication: marine | K14: ecosystem quality - land use | L14: ecosystem quality - photochemical oxidant formation: terrestrial ecosystems | M14: ecosystem quality - water use: aquatic ecosystems | N14: ecosystem quality - water use: terrestrial ecosystems | O14: human health - climate change: human health | P14: human health - human toxicity: carcinogenic | Q14: human health - human toxicity: non-carcinogenic | R14: human health - ionising radiation | S14: human health - ozone depletion | T14: human health - particulate matter formation | U14: human health - photochemical oxidant formation: human health | V14: human health - water use: human health | W14: natural resources - energy resources: non-renewable, fossil | X14: natural resources - material resources: metals/minerals | Y14: total: ecosystem quality - ecosystem quality | Z14: total: human health - human health | AA14: total: natural resources - natural resources
A15: Composting
B16: CH4 | C16: =LCI_HC!$E4*impact_process_end!C11 -> 0 | D16: =LCI_HC!$E4*impact_process_end!D11 -> 9.0493e-13 | E16: =LCI_HC!$E4*impact_process_end!E11 -> 3.313436e-08 | F16: =LCI_HC!$E4*impact_process_end!F11 -> 0 | G16: =LCI_HC!$E4*impact_process_end!G11 -> 0 | H16: =LCI_HC!$E4*impact_process_end!H11 -> 0 | I16: =LCI_HC!$E4*impact_process_end!I11 -> 0 | J16: =LCI_HC!$E4*impact_process_end!J11 -> 0 | ... AA16: =LCI_HC!$E4*impact_process_end!AA11 -> 0
B17: NH3 | C17: =LCI_HC!$E6*impact_process_end!C17 -> 2.6928512e-08 | D17: =LCI_HC!$E6*impact_process_end!D17 -> 0 | E17: =LCI_HC!$E6*impact_process_end!E17 -> 0 | F17: =LCI_HC!$E6*impact_process_end!F17 -> 0 | G17: =LCI_HC!$E6*impact_process_end!G17 -> 0 | H17: =LCI_HC!$E6*impact_process_end!H17 -> 0 | I17: =LCI_HC!$E6*impact_process_end!I17 -> 0 | J17: =LCI_HC!$E6*impact_process_end!J17 -> 0 | ... AA17: =LCI_HC!$E6*impact_process_end!AA17 -> 0
B18: N2O | C18: =LCI_HC!$E5*impact_process_end!C19 -> 0 | D18: =LCI_HC!$E5*impact_process_end!D19 -> 1.5993972e-12 | E18: =LCI_HC!$E5*impact_process_end!E19 -> 5.8504266e-08 | F18: =LCI_HC!$E5*impact_process_end!F19 -> 0 | G18: =LCI_HC!$E5*impact_process_end!G19 -> 0 | H18: =LCI_HC!$E5*impact_process_end!H19 -> 0 | I18: =LCI_HC!$E5*impact_process_end!I19 -> 0 | J18: =LCI_HC!$E5*impact_process_end!J19 -> 0 | ... AA18: =LCI_HC!$E5*impact_process_end!AA19 -> 0
B19: Wood chips | C19: =LCI_HC!$E7*impact_process_end!C33 -> 3.030288e-09 | D19: =LCI_HC!$E7*impact_process_end!D33 -> 4.4028427e-13 | E19: =LCI_HC!$E7*impact_process_end!E33 -> 1.6121281e-08 | F19: =LCI_HC!$E7*impact_process_end!F33 -> 8.9550842e-11 | G19: =LCI_HC!$E7*impact_process_end!G33 -> 2.1182825e-11 | H19: =LCI_HC!$E7*impact_process_end!H33 -> 6.5822853e-10 | I19: =LCI_HC!$E7*impact_process_end!I33 -> 1.3248147e-09 | J19: =LCI_HC!$E7*impact_process_end!J33 -> 5.3657236e-13 | ... AA19: =LCI_HC!$E7*impact_process_end!AA33 -> 0.7227007
A28: IMPACT WORLD + ENDPOINT
A29: Process | C29: Climate change, ecosystem quality, long term | D29: Climate change, ecosystem quality, short term | E29: Climate change, human health, long term | F29: Climate change, human health, short term | G29: Fisheries impact | H29: Freshwater acidification | I29: Freshwater ecotoxicity, long term | J29: Freshwater ecotoxicity, short term | K29: Freshwater eutrophication | L29: Human toxicity cancer, long term | M29: Human toxicity cancer, short term | N29: Human toxicity non-cancer, long term | O29: Human toxicity non-cancer, short term | P29: Ionizing radiations, ecosystem quality | Q29: Ionizing radiations, human health | R29: Land occupation, biodiversity | S29: Land transformation, biodiversity | T29: Marine acidification, long term | U29: Marine acidification, short term | V29: Marine ecotoxicity, long term | W29: Marine ecotoxicity, short term | X29: Marine eutrophication | Y29: Ozone layer depletion | Z29: Particulate matter formation | AA29: Photochemical ozone formation, ecosystem quality | AB29: Photochemical ozone formation, human health | AC29: Terrestrial acidification | AD29: Terrestrial ecotoxicity, long term | AE29: Terrestrial ecotoxicity, short term | AF29: Thermally polluted water | AG29: Total ecosystem quality | AH29: Total human health | AI29: Water availability, freshwater ecosystem | AJ29: Water availability, human health | AK29: Water availability, terrestrial ecosystem
A30: Composting | C30: =SUM(C31:C34) -> #REF! | D30: =SUM(D31:D34) -> #REF! | E30: =SUM(E31:E34) -> #REF! | F30: =SUM(F31:F34) -> #REF! | G30: =SUM(G31:G34) -> 5.6277794e-18 | H30: =SUM(H31:H34) -> 0.15195189 | I30: =SUM(I31:I34) -> 0.51155103 | J30: =SUM(J31:J34) -> 0.087051064 | ... AK30: =SUM(AK31:AK34) -> 0.00034125772
B31: CH4 | C31: =LCI_HC!$E4*'IW+_end'!#REF! -> #REF! | D31: =LCI_HC!$E4*'IW+_end'!#REF! -> #REF! | E31: =LCI_HC!$E4*'IW+_end'!#REF! -> #REF! | F31: =LCI_HC!$E4*'IW+_end'!#REF! -> #REF! | G31: =LCI_HC!$E4*'IW+_end'!C12 -> 0 | H31: =LCI_HC!$E4*'IW+_end'!D12 -> 0 | I31: =LCI_HC!$E4*'IW+_end'!E12 -> 0 | J31: =LCI_HC!$E4*'IW+_end'!F12 -> 0 | K31: =LCI_HC!$E4*'IW+_end'!G12 -> 0 | L31: =LCI_HC!$E4*'IW+_end'!H12 -> 0 | M31: =LCI_HC!$E4*'IW+_end'!I12 -> 0 | N31: =LCI_HC!$E4*'IW+_end'!J12 -> 0 | ... AK31: =LCI_HC!$E4*'IW+_end'!AG12 -> 0
B32: NH3 | C32: =LCI_HC!$E6*'IW+_end'!#REF! -> #REF! | D32: =LCI_HC!$E6*'IW+_end'!#REF! -> #REF! | E32: =LCI_HC!$E6*'IW+_end'!#REF! -> #REF! | F32: =LCI_HC!$E6*'IW+_end'!#REF! -> #REF! | G32: =LCI_HC!$E6*'IW+_end'!C18 -> 0 | H32: =LCI_HC!$E6*'IW+_end'!D18 -> 0.11954159 | I32: =LCI_HC!$E6*'IW+_end'!E18 -> 0 | J32: =LCI_HC!$E6*'IW+_end'!F18 -> 0 | K32: =LCI_HC!$E6*'IW+_end'!G18 -> 0 | L32: =LCI_HC!$E6*'IW+_end'!H18 -> 0 | M32: =LCI_HC!$E6*'IW+_end'!I18 -> 0 | N32: =LCI_HC!$E6*'IW+_end'!J18 -> 0 | ... AK32: =LCI_HC!$E6*'IW+_end'!AG18 -> 0
B33: N2O | C33: =LCI_HC!$E5*'IW+_end'!#REF! -> #REF! | D33: =LCI_HC!$E5*'IW+_end'!#REF! -> #REF! | E33: =LCI_HC!$E5*'IW+_end'!#REF! -> #REF! | F33: =LCI_HC!$E5*'IW+_end'!#REF! -> #REF! | G33: =LCI_HC!$E5*'IW+_end'!C20 -> 0 | H33: =LCI_HC!$E5*'IW+_end'!D20 -> 0 | I33: =LCI_HC!$E5*'IW+_end'!E20 -> 0 | J33: =LCI_HC!$E5*'IW+_end'!F20 -> 0 | K33: =LCI_HC!$E5*'IW+_end'!G20 -> 0 | L33: =LCI_HC!$E5*'IW+_end'!H20 -> 0 | M33: =LCI_HC!$E5*'IW+_end'!I20 -> 0 | N33: =LCI_HC!$E5*'IW+_end'!J20 -> 0 | ... AK33: =LCI_HC!$E5*'IW+_end'!AG20 -> 0
B34: Wood chips | C34: =LCI_HC!$E7*'IW+_end'!#REF! -> #REF! | D34: =LCI_HC!$E7*'IW+_end'!#REF! -> #REF! | E34: =LCI_HC!$E7*'IW+_end'!#REF! -> #REF! | F34: =LCI_HC!$E7*'IW+_end'!#REF! -> #REF! | G34: =LCI_HC!$E7*'IW+_end'!C35 -> 5.6277794e-18 | H34: =LCI_HC!$E7*'IW+_end'!D35 -> 0.032410306 | I34: =LCI_HC!$E7*'IW+_end'!E35 -> 0.51155103 | J34: =LCI_HC!$E7*'IW+_end'!F35 -> 0.087051064 | K34: =LCI_HC!$E7*'IW+_end'!G35 -> 0.017178536 | L34: =LCI_HC!$E7*'IW+_end'!H35 -> 1.6547326e-08 | M34: =LCI_HC!$E7*'IW+_end'!I35 -> 1.3456959e-06 | N34: =LCI_HC!$E7*'IW+_end'!J35 -> 5.4668732e-07 | ... AK34: =LCI_HC!$E7*'IW+_end'!AG35 -> 0.00034125772
A35: Land application | C35: =SUM(C36:C40) -> #REF! | D35: =SUM(D36:D40) -> #REF! | E35: =SUM(E36:E40) -> #REF! | F35: =SUM(F36:F40) -> #REF! | G35: =SUM(G36:G40) -> 0 | H35: =SUM(H36:H40) -> 0.6737929 | I35: =SUM(I36:I40) -> 0 | J35: =SUM(J36:J40) -> 1.5513495e-09 | ... AK35: =SUM(AK36:AK40) -> 0
B36: NH3 | C36: =LCI_HC!$E9*'IW+_end'!#REF! -> #REF! | D36: =LCI_HC!$E9*'IW+_end'!#REF! -> #REF! | E36: =LCI_HC!$E9*'IW+_end'!#REF! -> #REF! | F36: =LCI_HC!$E9*'IW+_end'!#REF! -> #REF! | G36: =LCI_HC!$E9*'IW+_end'!C18 -> 0 | H36: =LCI_HC!$E9*'IW+_end'!D18 -> 0.6737929 | I36: =LCI_HC!$E9*'IW+_end'!E18 -> 0 | J36: =LCI_HC!$E9*'IW+_end'!F18 -> 0 | K36: =LCI_HC!$E9*'IW+_end'!G18 -> 0 | L36: =LCI_HC!$E9*'IW+_end'!H18 -> 0 | M36: =LCI_HC!$E9*'IW+_end'!I18 -> 0 | N36: =LCI_HC!$E9*'IW+_end'!J18 -> 0 | ... AK36: =LCI_HC!$E9*'IW+_end'!AG18 -> 0
B37: N2O | C37: =LCI_HC!$E10*'IW+_end'!#REF! -> #REF! | D37: =LCI_HC!$E10*'IW+_end'!#REF! -> #REF! | E37: =LCI_HC!$E10*'IW+_end'!#REF! -> #REF! | F37: =LCI_HC!$E10*'IW+_end'!#REF! -> #REF! | G37: =LCI_HC!$E10*'IW+_end'!C20 -> 0 | H37: =LCI_HC!$E10*'IW+_end'!D20 -> 0 | I37: =LCI_HC!$E10*'IW+_end'!E20 -> 0 | J37: =LCI_HC!$E10*'IW+_end'!F20 -> 0 | K37: =LCI_HC!$E10*'IW+_end'!G20 -> 0 | L37: =LCI_HC!$E10*'IW+_end'!H20 -> 0 | M37: =LCI_HC!$E10*'IW+_end'!I20 -> 0 | N37: =LCI_HC!$E10*'IW+_end'!J20 -> 0 | ... AK37: =LCI_HC!$E10*'IW+_end'!AG20 -> 0
B38: NO3 | C38: =LCI_HC!$E11*impact_process_end!C20 -> 0 | D38: =LCI_HC!$E11*impact_process_end!D20 -> 0 | E38: =LCI_HC!$E11*impact_process_end!E20 -> 0 | F38: =LCI_HC!$E11*impact_process_end!F20 -> 0 | G38: =LCI_HC!$E11*impact_process_end!G20 -> 0 | H38: =LCI_HC!$E11*impact_process_end!H20 -> 0 | I38: =LCI_HC!$E11*impact_process_end!I20 -> 0 | J38: =LCI_HC!$E11*impact_process_end!J20 -> 1.5513495e-09 | ... AK38: =LCI_HC!$E11*impact_process_end!AK20 -> 0
B39: (PO4)3- | C39: =LCI_HC!$E12*'IW+_end'!#REF! -> #REF! | D39: =LCI_HC!$E12*'IW+_end'!#REF! -> #REF! | E39: =LCI_HC!$E12*'IW+_end'!#REF! -> #REF! | F39: =LCI_HC!$E12*'IW+_end'!#REF! -> #REF! | G39: =LCI_HC!$E12*'IW+_end'!C25 -> 0 | H39: =LCI_HC!$E12*'IW+_end'!D25 -> 0 | I39: =LCI_HC!$E12*'IW+_end'!E25 -> 0 | J39: =LCI_HC!$E12*'IW+_end'!F25 -> 0 | K39: =LCI_HC!$E12*'IW+_end'!G25 -> -0.25419204 | L39: =LCI_HC!$E12*'IW+_end'!H25 -> 0 | M39: =LCI_HC!$E12*'IW+_end'!I25 -> 0 | N39: =LCI_HC!$E12*'IW+_end'!J25 -> 0 | ... AK39: =LCI_HC!$E12*'IW+_end'!AG25 -> 0
B40: CO2 fossil | C40: =LCI_HC!$E13*'IW+_end'!#REF! -> #REF! | D40: =LCI_HC!$E13*'IW+_end'!#REF! -> #REF! | E40: =LCI_HC!$E13*'IW+_end'!#REF! -> #REF! | F40: =LCI_HC!$E13*'IW+_end'!#REF! -> #REF! | G40: =LCI_HC!$E13*'IW+_end'!C26 -> 0 | H40: =LCI_HC!$E13*'IW+_end'!D26 -> 0 | I40: =LCI_HC!$E13*'IW+_end'!E26 -> 0 | J40: =LCI_HC!$E13*'IW+_end'!F26 -> 0 | K40: =LCI_HC!$E13*'IW+_end'!G26 -> 0 | L40: =LCI_HC!$E13*'IW+_end'!H26 -> 0 | M40: =LCI_HC!$E13*'IW+_end'!I26 -> 0 | N40: =LCI_HC!$E13*'IW+_end'!J26 -> 0 | ... AK40: =LCI_HC!$E13*'IW+_end'!AG26 -> 0
A41: Substitued products | C41: =SUM(C42:C45) -> #REF! | D41: =SUM(D42:D45) -> #REF! | E41: =SUM(E42:E45) -> #REF! | F41: =SUM(F42:F45) -> #REF! | G41: =SUM(G42:G45) -> 6.537874e-17 | H41: =SUM(H42:H45) -> 0.20461159 | I41: =SUM(I42:I45) -> 2.1024818 | J41: =SUM(J42:J45) -> 0.51323165 | ... AK41: =SUM(AK42:AK45) -> 0.065338848
B42: N-fertilizer | C42: =LCI_HC!$E15*'IW+_end'!#REF! -> #REF! | D42: =LCI_HC!$E15*'IW+_end'!#REF! -> #REF! | E42: =LCI_HC!$E15*'IW+_end'!#REF! -> #REF! | F42: =LCI_HC!$E15*'IW+_end'!#REF! -> #REF! | G42: =LCI_HC!$E15*'IW+_end'!C28 -> 4.6292153e-17 | H42: =LCI_HC!$E15*'IW+_end'!D28 -> 0.10295073 | I42: =LCI_HC!$E15*'IW+_end'!E28 -> 0.85618657 | J42: =LCI_HC!$E15*'IW+_end'!F28 -> 0.2846082 | K42: =LCI_HC!$E15*'IW+_end'!G28 -> 0.00041863851 | L42: =LCI_HC!$E15*'IW+_end'!H28 -> 6.3909404e-08 | M42: =LCI_HC!$E15*'IW+_end'!I28 -> 3.0008522e-06 | N42: =LCI_HC!$E15*'IW+_end'!J28 -> 2.0817396e-06 | ... AK42: =LCI_HC!$E15*'IW+_end'!AG28 -> 0.00037409426
B43: P-fertilizer | C43: =LCI_HC!$E16*'IW+_end'!#REF! -> #REF! | D43: =LCI_HC!$E16*'IW+_end'!#REF! -> #REF! | E43: =LCI_HC!$E16*'IW+_end'!#REF! -> #REF! | F43: =LCI_HC!$E16*'IW+_end'!#REF! -> #REF! | G43: =LCI_HC!$E16*'IW+_end'!C30 -> 7.8331901e-18 | H43: =LCI_HC!$E16*'IW+_end'!D30 -> 0.048015645 | I43: =LCI_HC!$E16*'IW+_end'!E30 -> 0.25144538 | J43: =LCI_HC!$E16*'IW+_end'!F30 -> 0.023061628 | K43: =LCI_HC!$E16*'IW+_end'!G30 -> 0.010675207 | L43: =LCI_HC!$E16*'IW+_end'!H30 -> 1.3376426e-08 | M43: =LCI_HC!$E16*'IW+_end'!I30 -> 5.0108436e-07 | N43: =LCI_HC!$E16*'IW+_end'!J30 -> 4.2956542e-07 | ... AK43: =LCI_HC!$E16*'IW+_end'!AG30 -> 0.0003676824
B44: K-fertilizer | C44: =LCI_HC!$E17*'IW+_end'!#REF! -> #REF! | D44: =LCI_HC!$E17*'IW+_end'!#REF! -> #REF! | E44: =LCI_HC!$E17*'IW+_end'!#REF! -> #REF! | F44: =LCI_HC!$E17*'IW+_end'!#REF! -> #REF! | G44: =LCI_HC!$E17*'IW+_end'!C29 -> 1.040552e-17 | H44: =LCI_HC!$E17*'IW+_end'!D29 -> 0.024554953 | I44: =LCI_HC!$E17*'IW+_end'!E29 -> 0.66390176 | J44: =LCI_HC!$E17*'IW+_end'!F29 -> 0.069057075 | K44: =LCI_HC!$E17*'IW+_end'!G29 -> 0.00012497378 | L44: =LCI_HC!$E17*'IW+_end'!H29 -> 1.8437611e-08 | M44: =LCI_HC!$E17*'IW+_end'!I29 -> 9.1768142e-07 | N44: =LCI_HC!$E17*'IW+_end'!J29 -> 6.1266059e-07 | ... AK44: =LCI_HC!$E17*'IW+_end'!AG29 -> 7.7608836e-05
B45: Peat | C45: =LCI_HC!$E18*'IW+_end'!#REF! -> #REF! | D45: =LCI_HC!$E18*'IW+_end'!#REF! -> #REF! | E45: =LCI_HC!$E18*'IW+_end'!#REF! -> #REF! | F45: =LCI_HC!$E18*'IW+_end'!#REF! -> #REF! | G45: =LCI_HC!$E18*'IW+_end'!C31 -> 8.4787653e-19 | H45: =LCI_HC!$E18*'IW+_end'!D31 -> 0.029090269 | I45: =LCI_HC!$E18*'IW+_end'!E31 -> 0.33094813 | J45: =LCI_HC!$E18*'IW+_end'!F31 -> 0.13650474 | K45: =LCI_HC!$E18*'IW+_end'!G31 -> 0.00015764303 | L45: =LCI_HC!$E18*'IW+_end'!H31 -> 1.8783869e-08 | M45: =LCI_HC!$E18*'IW+_end'!I31 -> 1.4075545e-06 | N45: =LCI_HC!$E18*'IW+_end'!J31 -> 5.9696055e-07 | ... AK45: =LCI_HC!$E18*'IW+_end'!AG31 -> 0.064519463
AG46: =AG30+AG35-AG41 -> -27.638344 | AH46: =AH30+AH35-AH41 -> 6.4081638e-06
A48: IMPACT WORLD + MIDPOINT
A49: Process | C49: Climate change, long term | D49: Climate change, short term | E49: Fossil and nuclear energy use | F49: Freshwater acidification | G49: Freshwater ecotoxicity | H49: Freshwater eutrophication | I49: Human toxicity cancer | J49: Human toxicity non-cancer | K49: Ionizing radiations | L49: Land occupation, biodiversity | M49: Land transformation, biodiversity | N49: Marine eutrophication | O49: Mineral resources use | P49: Ozone layer depletion | Q49: Particulate matter formation | R49: Photochemical ozone formation | S49: Terrestrial acidification | T49: Water scarcity
A50: Composting | C50: =SUM(C51:C54) -> 23.266495 | D50: =SUM(D51:D54) -> 34.264521 | E50: =SUM(E51:E54) -> 89.514107 | F50: =SUM(F51:F54) -> 0.05979692 | G50: =SUM(G51:G54) -> 1068.2938 | H50: =SUM(H51:H54) -> 0.005492882 | I50: =SUM(I51:I54) -> 1.1845593e-07 | J50: =SUM(J51:J54) -> 3.3416997e-07 | ... T50: =SUM(T51:T54) -> 1.4632062
B51: CH4 | C51: =LCI_HC!$E4*'IW+_mid'!C12 -> 1.635835 | D51: =LCI_HC!$E4*'IW+_mid'!D12 -> 9.39735 | E51: =LCI_HC!$E4*'IW+_mid'!E12 -> 0 | F51: =LCI_HC!$E4*'IW+_mid'!F12 -> 0 | G51: =LCI_HC!$E4*'IW+_mid'!G12 -> 0 | H51: =LCI_HC!$E4*'IW+_mid'!H12 -> 0 | I51: =LCI_HC!$E4*'IW+_mid'!I12 -> 0 | J51: =LCI_HC!$E4*'IW+_mid'!J12 -> 0 | ... T51: =LCI_HC!$E4*'IW+_mid'!T12 -> 0
B52: NH3 | C52: =LCI_HC!$E6*'IW+_mid'!C18 -> 0 | D52: =LCI_HC!$E6*'IW+_mid'!D18 -> 0 | E52: =LCI_HC!$E6*'IW+_mid'!E18 -> 0 | F52: =LCI_HC!$E6*'IW+_mid'!F18 -> 0.044981165 | G52: =LCI_HC!$E6*'IW+_mid'!G18 -> 0 | H52: =LCI_HC!$E6*'IW+_mid'!H18 -> 0 | I52: =LCI_HC!$E6*'IW+_mid'!I18 -> 0 | J52: =LCI_HC!$E6*'IW+_mid'!J18 -> 0 | ... T52: =LCI_HC!$E6*'IW+_mid'!T18 -> 0
B53: N2O | C53: =LCI_HC!$E5*'IW+_mid'!C20 -> 16.344717 | D53: =LCI_HC!$E5*'IW+_mid'!D20 -> 19.150677 | E53: =LCI_HC!$E5*'IW+_mid'!E20 -> 0 | F53: =LCI_HC!$E5*'IW+_mid'!F20 -> 0 | G53: =LCI_HC!$E5*'IW+_mid'!G20 -> 0 | H53: =LCI_HC!$E5*'IW+_mid'!H20 -> 0 | I53: =LCI_HC!$E5*'IW+_mid'!I20 -> 0 | J53: =LCI_HC!$E5*'IW+_mid'!J20 -> 0 | ... T53: =LCI_HC!$E5*'IW+_mid'!T20 -> 0
B54: Wood chips | C54: =LCI_HC!$E7*'IW+_mid'!C35 -> 5.2859429 | D54: =LCI_HC!$E7*'IW+_mid'!D35 -> 5.716494 | E54: =LCI_HC!$E7*'IW+_mid'!E35 -> 89.514107 | F54: =LCI_HC!$E7*'IW+_mid'!F35 -> 0.014815755 | G54: =LCI_HC!$E7*'IW+_mid'!G35 -> 1068.2938 | H54: =LCI_HC!$E7*'IW+_mid'!H35 -> 0.005492882 | I54: =LCI_HC!$E7*'IW+_mid'!I35 -> 1.1845593e-07 | J54: =LCI_HC!$E7*'IW+_mid'!J35 -> 3.3416997e-07 | ... T54: =LCI_HC!$E7*'IW+_mid'!T35 -> 1.4632062
A55: Land application | C55: =SUM(C56:C60) -> -325.88789 | D55: =SUM(D56:D60) -> -320.64976 | E55: =SUM(E56:E60) -> 0 | F55: =SUM(F56:F60) -> 0.25353511 | G55: =SUM(G56:G60) -> 0 | H55: =SUM(H56:H60) -> -0.08127857 | I55: =SUM(I56:I60) -> 0 | J55: =SUM(J56:J60) -> 0 | ... T55: =SUM(T56:T60) -> 0
B56: NH3 | C56: =LCI_HC!$E9*'IW+_mid'!C18 -> 0 | D56: =LCI_HC!$E9*'IW+_mid'!D18 -> 0 | E56: =LCI_HC!$E9*'IW+_mid'!E18 -> 0 | F56: =LCI_HC!$E9*'IW+_mid'!F18 -> 0.25353511 | G56: =LCI_HC!$E9*'IW+_mid'!G18 -> 0 | H56: =LCI_HC!$E9*'IW+_mid'!H18 -> 0 | I56: =LCI_HC!$E9*'IW+_mid'!I18 -> 0 | J56: =LCI_HC!$E9*'IW+_mid'!J18 -> 0 | ... T56: =LCI_HC!$E9*'IW+_mid'!T18 -> 0
B57: N2O | C57: =LCI_HC!$E10*'IW+_mid'!C20 -> 30.512107 | D57: =LCI_HC!$E10*'IW+_mid'!D20 -> 35.750237 | E57: =LCI_HC!$E10*'IW+_mid'!E20 -> 0 | F57: =LCI_HC!$E10*'IW+_mid'!F20 -> 0 | G57: =LCI_HC!$E10*'IW+_mid'!G20 -> 0 | H57: =LCI_HC!$E10*'IW+_mid'!H20 -> 0 | I57: =LCI_HC!$E10*'IW+_mid'!I20 -> 0 | J57: =LCI_HC!$E10*'IW+_mid'!J20 -> 0 | ... T57: =LCI_HC!$E10*'IW+_mid'!T20 -> 0
B58: NO3 | C58: =LCI_HC!$E11*'IW+_mid'!C21 -> 0 | D58: =LCI_HC!$E11*'IW+_mid'!D21 -> 0 | E58: =LCI_HC!$E11*'IW+_mid'!E21 -> 0 | F58: =LCI_HC!$E11*'IW+_mid'!F21 -> 0 | G58: =LCI_HC!$E11*'IW+_mid'!G21 -> 0 | H58: =LCI_HC!$E11*'IW+_mid'!H21 -> 0 | I58: =LCI_HC!$E11*'IW+_mid'!I21 -> 0 | J58: =LCI_HC!$E11*'IW+_mid'!J21 -> 0 | ... T58: =LCI_HC!$E11*'IW+_mid'!T21 -> 0
B59: (PO4)3- | C59: =LCI_HC!$E12*'IW+_mid'!C25 -> 0 | D59: =LCI_HC!$E12*'IW+_mid'!D25 -> 0 | E59: =LCI_HC!$E12*'IW+_mid'!E25 -> 0 | F59: =LCI_HC!$E12*'IW+_mid'!F25 -> 0 | G59: =LCI_HC!$E12*'IW+_mid'!G25 -> 0 | H59: =LCI_HC!$E12*'IW+_mid'!H25 -> -0.08127857 | I59: =LCI_HC!$E12*'IW+_mid'!I25 -> 0 | J59: =LCI_HC!$E12*'IW+_mid'!J25 -> 0 | ... T59: =LCI_HC!$E12*'IW+_mid'!T25 -> 0
B60: CO2 fossil | C60: =LCI_HC!$E13*'IW+_mid'!C26 -> -356.4 | D60: =LCI_HC!$E13*'IW+_mid'!D26 -> -356.4 | E60: =LCI_HC!$E13*'IW+_mid'!E26 -> 0 | F60: =LCI_HC!$E13*'IW+_mid'!F26 -> 0 | G60: =LCI_HC!$E13*'IW+_mid'!G26 -> 0 | H60: =LCI_HC!$E13*'IW+_mid'!H26 -> 0 | I60: =LCI_HC!$E13*'IW+_mid'!I26 -> 0 | J60: =LCI_HC!$E13*'IW+_mid'!J26 -> 0 | ... T60: =LCI_HC!$E13*'IW+_mid'!T26 -> 0
A61: Substitued products | C61: =SUM(C62:C65) -> 25.059378 | D61: =SUM(D62:D65) -> 29.253396 | E61: =SUM(E62:E65) -> 4761.6247 | F61: =SUM(F62:F65) -> 0.087014372 | G61: =SUM(G62:G65) -> 4702.4726 | H61: =SUM(H62:H65) -> 0.0036376537 | I61: =SUM(I62:I65) -> 5.166678e-07 | J61: =SUM(J62:J65) -> 2.8324865e-06 | ... T61: =SUM(T62:T65) -> 46.338316
B62: N-fertilizer | C62: =LCI_HC!$E15*'IW+_mid'!C28 -> 16.899396 | D62: =LCI_HC!$E15*'IW+_mid'!D28 -> 18.308111 | E62: =LCI_HC!$E15*'IW+_mid'!E28 -> 269.22901 | F62: =LCI_HC!$E15*'IW+_mid'!F28 -> 0.042563194 | G62: =LCI_HC!$E15*'IW+_mid'!G28 -> 2054.9784 | H62: =LCI_HC!$E15*'IW+_mid'!H28 -> 0.00013386076 | I62: =LCI_HC!$E15*'IW+_mid'!I28 -> 2.6650101e-07 | J62: =LCI_HC!$E15*'IW+_mid'!J28 -> 1.5513778e-06 | ... T62: =LCI_HC!$E15*'IW+_mid'!T28 -> 27.567983
B63: P-fertilizer | C63: =LCI_HC!$E16*'IW+_mid'!C30 -> 1.2567385 | D63: =LCI_HC!$E16*'IW+_mid'!D30 -> 1.333868 | E63: =LCI_HC!$E16*'IW+_mid'!E30 -> 23.386831 | F63: =LCI_HC!$E16*'IW+_mid'!F30 -> 0.020238953 | G63: =LCI_HC!$E16*'IW+_mid'!G30 -> 493.87974 | H63: =LCI_HC!$E16*'IW+_mid'!H30 -> 0.0034134255 | I63: =LCI_HC!$E16*'IW+_mid'!I30 -> 4.473572e-08 | J63: =LCI_HC!$E16*'IW+_mid'!J30 -> 4.3711663e-07 | ... T63: =LCI_HC!$E16*'IW+_mid'!T30 -> 3.16419
B64: K-fertilizer | C64: =LCI_HC!$E17*'IW+_mid'!C29 -> 3.103784 | D64: =LCI_HC!$E17*'IW+_mid'!D29 -> 3.3503467 | E64: =LCI_HC!$E17*'IW+_mid'!E29 -> 54.318389 | F64: =LCI_HC!$E17*'IW+_mid'!F29 -> 0.010885944 | G64: =LCI_HC!$E17*'IW+_mid'!G29 -> 1315.8488 | H64: =LCI_HC!$E17*'IW+_mid'!H29 -> 3.9960693e-05 | I64: =LCI_HC!$E17*'IW+_mid'!I29 -> 8.1401655e-08 | J64: =LCI_HC!$E17*'IW+_mid'!J29 -> 4.3794978e-07 | ... T64: =LCI_HC!$E17*'IW+_mid'!T29 -> 1.5764217
B65: Peat | C65: =LCI_HC!$E18*'IW+_mid'!C31 -> 3.7994599 | D65: =LCI_HC!$E18*'IW+_mid'!D31 -> 6.2610702 | E65: =LCI_HC!$E18*'IW+_mid'!E31 -> 4414.6905 | F65: =LCI_HC!$E18*'IW+_mid'!F31 -> 0.013326281 | G65: =LCI_HC!$E18*'IW+_mid'!G31 -> 837.76569 | H65: =LCI_HC!$E18*'IW+_mid'!H31 -> 5.0406772e-05 | I65: =LCI_HC!$E18*'IW+_mid'!I31 -> 1.2402942e-07 | J65: =LCI_HC!$E18*'IW+_mid'!J31 -> 4.0604223e-07 | ... T65: =LCI_HC!$E18*'IW+_mid'!T31 -> 14.029722
A68: IMPACT WORLD + FOOTPRINT
A69: Process | C69: Carbon footprint | D69: Ecosystem quality (residual) | E69: Energetic resource depletion | F69: Human health (residual) | G69: Water footprint - Scarcity
A70: Composting | C70: =SUM(C71:C74) -> 34.264521 | D70: =SUM(D71:D74) -> 34.167498 | E70: =SUM(E71:E74) -> 89.514107 | F70: =SUM(F71:F74) -> 1.6236576e-05 | G70: =SUM(G71:G74) -> 1.4632062
B71: CH4 | C71: =LCI_HC!$E4*'IW+f'!C12 -> 9.39735 | D71: =LCI_HC!$E4*'IW+f'!D12 -> 0 | E71: =LCI_HC!$E4*'IW+f'!E12 -> 0 | F71: =LCI_HC!$E4*'IW+f'!F12 -> 0 | G71: =LCI_HC!$E4*'IW+f'!G12 -> 0
B72: NH3 | C72: =LCI_HC!$E6*'IW+f'!C18 -> 0 | D72: =LCI_HC!$E6*'IW+f'!D18 -> 1.7066434 | E72: =LCI_HC!$E6*'IW+f'!E18 -> 0 | F72: =LCI_HC!$E6*'IW+f'!F18 -> 1.148316e-05 | G72: =LCI_HC!$E6*'IW+f'!G18 -> 0
B73: N2O | C73: =LCI_HC!$E5*'IW+f'!C20 -> 19.150677 | D73: =LCI_HC!$E5*'IW+f'!D20 -> 0 | E73: =LCI_HC!$E5*'IW+f'!E20 -> 0 | F73: =LCI_HC!$E5*'IW+f'!F20 -> 0 | G73: =LCI_HC!$E5*'IW+f'!G20 -> 0
B74: Wood chips | C74: =LCI_HC!$E7*'IW+f'!C35 -> 5.716494 | D74: =LCI_HC!$E7*'IW+f'!D35 -> 32.460855 | E74: =LCI_HC!$E7*'IW+f'!E35 -> 89.514107 | F74: =LCI_HC!$E7*'IW+f'!F35 -> 4.7534162e-06 | G74: =LCI_HC!$E7*'IW+f'!G35 -> 1.4632062
A75: Land application | C75: =SUM(C76:C80) -> -320.64976 | D75: =SUM(D76:D80) -> 30.38322 | E75: =SUM(E76:E80) -> 0 | F75: =SUM(F76:F80) -> 6.4724517e-05 | G75: =SUM(G76:G80) -> 0
B76: NH3 | C76: =LCI_HC!$E9*'IW+f'!C18 -> 0 | D76: =LCI_HC!$E9*'IW+f'!D18 -> 9.6194491 | E76: =LCI_HC!$E9*'IW+f'!E18 -> 0 | F76: =LCI_HC!$E9*'IW+f'!F18 -> 6.4724517e-05 | G76: =LCI_HC!$E9*'IW+f'!G18 -> 0
B77: N2O | C77: =LCI_HC!$E10*'IW+f'!C20 -> 35.750237 | D77: =LCI_HC!$E10*'IW+f'!D20 -> 0 | E77: =LCI_HC!$E10*'IW+f'!E20 -> 0 | F77: =LCI_HC!$E10*'IW+f'!F20 -> 0 | G77: =LCI_HC!$E10*'IW+f'!G20 -> 0
B78: NO3 | C78: =LCI_HC!$E11*'IW+f'!C21 -> 0 | D78: =LCI_HC!$E11*'IW+f'!D21 -> 26.898563 | E78: =LCI_HC!$E11*'IW+f'!E21 -> 0 | F78: =LCI_HC!$E11*'IW+f'!F21 -> 0 | G78: =LCI_HC!$E11*'IW+f'!G21 -> 0
B79: (PO4)3- | C79: =LCI_HC!$E12*'IW+f'!C25 -> 0 | D79: =LCI_HC!$E12*'IW+f'!D25 -> -0.25419204 | E79: =LCI_HC!$E12*'IW+f'!E25 -> 0 | F79: =LCI_HC!$E12*'IW+f'!F25 -> 0 | G79: =LCI_HC!$E12*'IW+f'!G25 -> 0
B80: CO2 fossil | C80: =LCI_HC!$E13*'IW+f'!C26 -> -356.4 | D80: =LCI_HC!$E13*'IW+f'!D26 -> -5.8806 | E80: =LCI_HC!$E13*'IW+f'!E26 -> 0 | F80: =LCI_HC!$E13*'IW+f'!F26 -> 0 | G80: =LCI_HC!$E13*'IW+f'!G26 -> 0
A81: Substitued products | C81: =SUM(C82:C85) -> 29.253396 | D81: =SUM(D82:D85) -> 6.5743817 | E81: =SUM(E82:E85) -> 4761.6247 | F81: =SUM(F82:F85) -> 2.7345413e-05 | G81: =SUM(G82:G85) -> 46.338316
B82: N-fertilizer | C82: =LCI_HC!$E15*'IW+f'!C28 -> 18.308111 | D82: =LCI_HC!$E15*'IW+f'!D28 -> 2.4292888 | E82: =LCI_HC!$E15*'IW+f'!E28 -> 269.22901 | F82: =LCI_HC!$E15*'IW+f'!F28 -> 1.343063e-05 | G82: =LCI_HC!$E15*'IW+f'!G28 -> 27.567983
B83: P-fertilizer | C83: =LCI_HC!$E16*'IW+f'!C30 -> 1.333868 | D83: =LCI_HC!$E16*'IW+f'!D30 -> 0.62166936 | E83: =LCI_HC!$E16*'IW+f'!E30 -> 23.386831 | F83: =LCI_HC!$E16*'IW+f'!F30 -> 5.1310109e-06 | G83: =LCI_HC!$E16*'IW+f'!G30 -> 3.16419
B84: K-fertilizer | C84: =LCI_HC!$E17*'IW+f'!C29 -> 3.3503467 | D84: =LCI_HC!$E17*'IW+f'!D29 -> 0.81540586 | E84: =LCI_HC!$E17*'IW+f'!E29 -> 54.318389 | F84: =LCI_HC!$E17*'IW+f'!F29 -> 3.7579757e-06 | G84: =LCI_HC!$E17*'IW+f'!G29 -> 1.5764217
B85: Peat | C85: =LCI_HC!$E18*'IW+f'!C31 -> 6.2610702 | D85: =LCI_HC!$E18*'IW+f'!D31 -> 2.7080177 | E85: =LCI_HC!$E18*'IW+f'!E31 -> 4414.6905 | F85: =LCI_HC!$E18*'IW+f'!F31 -> 5.0257963e-06 | G85: =LCI_HC!$E18*'IW+f'!G31 -> 14.029722
A87: Total impact | C87: =C70+C75-C81 -> -315.63864 | D87: =D70+D75-D81 -> 57.976337 | E87: =E70+E75-E81 -> -4672.1106 | F87: =F70+F75-F81 -> 5.361568e-05 | G87: =G70+G75-G81 -> -44.87511

Sheet LCIA_AD-b
A3: IMPACT WORLD + FOOTPRINT
A4: Process | C4: Carbon footprint | D4: Ecosystem quality (residual) | E4: Energetic resource depletion | F4: Human health (residual) | G4: Water footprint - Scarcity
A5: AD | C5: =SUM(C6,C9,C12,C16,C25,C28) -> 115.03586 | D5: =SUM(D6,D9,D12,D16,D25,D28) -> 11.454435 | E5: =SUM(E6,E9,E12,E16,E25,E28) -> 690.22819 | F5: =SUM(F6,F9,F12,F16,F25,F28) -> 0.00013649693 | G5: =SUM(G6,G9,G12,G16,G25,G28) -> 16.267041
A6: Pretreatment | C6: =SUM(C7:C8) -> 0.7761065 | D6: =SUM(D7:D8) -> 0.11916921 | E6: =SUM(E7:E8) -> 116.96083 | F6: =SUM(F7:F8) -> 7.7420483e-07 | G6: =SUM(G7:G8) -> 1.2592267
B7: Electricity consumption | C7: ='LCI_AD-b'!$E4*'IW+f'!C2 -> 0.7761065 | D7: ='LCI_AD-b'!$E4*'IW+f'!D2 -> 0.11916921 | E7: ='LCI_AD-b'!$E4*'IW+f'!E2 -> 116.96083 | F7: ='LCI_AD-b'!$E4*'IW+f'!F2 -> 7.7420483e-07 | G7: ='LCI_AD-b'!$E4*'IW+f'!G2 -> 1.2592267
B8: Water consumption | C8: ='LCI_AD-b'!$E5*'IW+f'!C3 -> 0 | D8: ='LCI_AD-b'!$E5*'IW+f'!D3 -> 0 | E8: ='LCI_AD-b'!$E5*'IW+f'!E3 -> 0 | F8: ='LCI_AD-b'!$E5*'IW+f'!F3 -> 0 | G8: ='LCI_AD-b'!$E5*'IW+f'!G3 -> 0
A9: Incineration | C9: =SUM(C10:C11) -> 9.4912725 | D9: =SUM(D10:D11) -> 1.7760545 | E9: =SUM(E10:E11) -> 70.109594 | F9: =SUM(F10:F11) -> 3.9183036e-05 | G9: =SUM(G10:G11) -> 10.01854
B10: Transport | C10: ='LCI_AD-b'!$E7*'IW+f'!C4 -> 0.43472979 | D10: ='LCI_AD-b'!$E7*'IW+f'!D4 -> 0.063594202 | E10: ='LCI_AD-b'!$E7*'IW+f'!E4 -> 6.576112 | F10: ='LCI_AD-b'!$E7*'IW+f'!F4 -> 3.4579966e-07 | G10: ='LCI_AD-b'!$E7*'IW+f'!G4 -> 0.039223403
B11: Incineration | C11: ='LCI_AD-b'!$E8*'IW+f'!C5 -> 9.0565427 | D11: ='LCI_AD-b'!$E8*'IW+f'!D5 -> 1.7124603 | E11: ='LCI_AD-b'!$E8*'IW+f'!E5 -> 63.533482 | F11: ='LCI_AD-b'!$E8*'IW+f'!F5 -> 3.8837236e-05 | G11: ='LCI_AD-b'!$E8*'IW+f'!G5 -> 9.9793169
A12: AD | C12: =SUM(C13:C15) -> 52.248712 | D12: =SUM(D13:D15) -> 2.7873234 | E12: =SUM(E13:E15) -> 416.86802 | F12: =SUM(F13:F15) -> 4.5598348e-05 | G12: =SUM(G13:G15) -> 4.3060094
B13: Electricity | C13: ='LCI_AD-b'!$E10*'IW+f'!C2 -> 1.7365189 | D13: ='LCI_AD-b'!$E10*'IW+f'!D2 -> 0.26663811 | E13: ='LCI_AD-b'!$E10*'IW+f'!E2 -> 261.69692 | F13: ='LCI_AD-b'!$E10*'IW+f'!F2 -> 1.7322639e-06 | G13: ='LCI_AD-b'!$E10*'IW+f'!G2 -> 2.8174882
B14: Heat | C14: ='LCI_AD-b'!$E11*'IW+f'!C11 -> 9.6923673 | D14: ='LCI_AD-b'!$E11*'IW+f'!D11 -> 2.5206853 | E14: ='LCI_AD-b'!$E11*'IW+f'!E11 -> 155.1711 | F14: ='LCI_AD-b'!$E11*'IW+f'!F11 -> 4.3866084e-05 | G14: ='LCI_AD-b'!$E11*'IW+f'!G11 -> 1.4885212
B15: CH4 | C15: ='LCI_AD-b'!$E12*'IW+f'!C12 -> 40.819826 | D15: ='LCI_AD-b'!$E12*'IW+f'!D12 -> 0 | E15: ='LCI_AD-b'!$E12*'IW+f'!E12 -> 0 | F15: ='LCI_AD-b'!$E12*'IW+f'!F12 -> 0 | G15: ='LCI_AD-b'!$E12*'IW+f'!G12 -> 0
A16: CHP | C16: =SUM(C17:C24) -> 32.256747 | D16: =SUM(D17:D24) -> 1.0301218 | E16: =SUM(E17:E24) -> 0 | F16: =SUM(F17:F24) -> 1.4080268e-05 | G16: =SUM(G17:G24) -> 0
B17: Nitrogen Oxides (NOx) | C17: ='LCI_AD-b'!$E16*'IW+f'!C13 -> 0 | D17: ='LCI_AD-b'!$E16*'IW+f'!D13 -> 0.599713 | E17: ='LCI_AD-b'!$E16*'IW+f'!E13 -> 0 | F17: ='LCI_AD-b'!$E16*'IW+f'!F13 -> 7.2309636e-07 | G17: ='LCI_AD-b'!$E16*'IW+f'!G13 -> 0
B18: Volatile Organic Compounds (VOCs) | C18: ='LCI_AD-b'!$E17*'IW+f'!C14 -> 0 | D18: ='LCI_AD-b'!$E17*'IW+f'!D14 -> 0 | E18: ='LCI_AD-b'!$E17*'IW+f'!E14 -> 0 | F18: ='LCI_AD-b'!$E17*'IW+f'!F14 -> 0 | G18: ='LCI_AD-b'!$E17*'IW+f'!G14 -> 0
B19: Sulfur Dioxide (SO2) | C19: ='LCI_AD-b'!$E18*'IW+f'!C15 -> 0 | D19: ='LCI_AD-b'!$E18*'IW+f'!D15 -> 0.052400241 | E19: ='LCI_AD-b'!$E18*'IW+f'!E15 -> 0 | F19: ='LCI_AD-b'!$E18*'IW+f'!F15 -> 2.9229407e-07 | G19: ='LCI_AD-b'!$E18*'IW+f'!G15 -> 0
B20: Particulate Matter (PM) | C20: ='LCI_AD-b'!$E19*'IW+f'!C22 -> 0 | D20: ='LCI_AD-b'!$E19*'IW+f'!D22 -> 0 | E20: ='LCI_AD-b'!$E19*'IW+f'!E22 -> 0 | F20: ='LCI_AD-b'!$E19*'IW+f'!F22 -> 1.0521444e-05 | G20: ='LCI_AD-b'!$E19*'IW+f'!G22 -> 0
B21: Carbon Monoxide (CO) | C21: ='LCI_AD-b'!$E20*'IW+f'!C17 -> 0 | D21: ='LCI_AD-b'!$E20*'IW+f'!D17 -> 0 | E21: ='LCI_AD-b'!$E20*'IW+f'!E17 -> 0 | F21: ='LCI_AD-b'!$E20*'IW+f'!F17 -> 0 | G21: ='LCI_AD-b'!$E20*'IW+f'!G17 -> 0
B22: Ammonia (NH3) | C22: ='LCI_AD-b'!$E21*'IW+f'!C18 -> 0 | D22: ='LCI_AD-b'!$E21*'IW+f'!D18 -> 0.37800858 | E22: ='LCI_AD-b'!$E21*'IW+f'!E18 -> 0 | F22: ='LCI_AD-b'!$E21*'IW+f'!F18 -> 2.5434328e-06 | G22: ='LCI_AD-b'!$E21*'IW+f'!G18 -> 0
B23: Methane (CH4) | C23: ='LCI_AD-b'!$E22*'IW+f'!C12 -> 25.997975 | D23: ='LCI_AD-b'!$E22*'IW+f'!D12 -> 0 | E23: ='LCI_AD-b'!$E22*'IW+f'!E12 -> 0 | F23: ='LCI_AD-b'!$E22*'IW+f'!F12 -> 0 | G23: ='LCI_AD-b'!$E22*'IW+f'!G12 -> 0
B24: Nitrous Oxide (N2O) | C24: ='LCI_AD-b'!$E23*'IW+f'!C20 -> 6.2587717 | D24: ='LCI_AD-b'!$E23*'IW+f'!D20 -> 0 | E24: ='LCI_AD-b'!$E23*'IW+f'!E20 -> 0 | F24: ='LCI_AD-b'!$E23*'IW+f'!F20 -> 0 | G24: ='LCI_AD-b'!$E23*'IW+f'!G20 -> 0
A25: Dewatering | C25: =SUM(C26:C27) -> 0.23986337 | D25: =SUM(D26:D27) -> 0.20397057 | E25: =SUM(E26:E27) -> 24.618326 | F25: =SUM(F26:F27) -> 4.0335814e-07 | G25: =SUM(G26:G27) -> 0.25421574
B26: electricity | C26: ='LCI_AD-b'!$E27*'IW+f'!C2 -> 0.15696911 | D26: ='LCI_AD-b'!$E27*'IW+f'!D2 -> 0.024102213 | E26: ='LCI_AD-b'!$E27*'IW+f'!E2 -> 23.655564 | F26: ='LCI_AD-b'!$E27*'IW+f'!F2 -> 1.5658449e-07 | G26: ='LCI_AD-b'!$E27*'IW+f'!G2 -> 0.25468114
B27: wastewater treatment | C27: ='LCI_AD-b'!$E29*'IW+f'!C34 -> 0.08289426 | D27: ='LCI_AD-b'!$E29*'IW+f'!D34 -> 0.17986836 | E27: ='LCI_AD-b'!$E29*'IW+f'!E34 -> 0.96276199 | F27: ='LCI_AD-b'!$E29*'IW+f'!F34 -> 2.4677365e-07 | G27: ='LCI_AD-b'!$E29*'IW+f'!G34 -> -0.00046540191
A28: Composting of digestate | C28: =SUM(C29:C35) -> 20.023162 | D28: =SUM(D29:D35) -> 5.537795 | E28: =SUM(E29:E35) -> 61.671424 | F28: =SUM(F29:F35) -> 3.6457712e-05 | G28: =SUM(G29:G35) -> 0.42904899
B29: CH4 | C29: ='LCI_AD-b'!$E31*'IW+f'!C12 -> 2.3821712 | D29: ='LCI_AD-b'!$E31*'IW+f'!D12 -> 0 | E29: ='LCI_AD-b'!$E31*'IW+f'!E12 -> 0 | F29: ='LCI_AD-b'!$E31*'IW+f'!F12 -> 0 | G29: ='LCI_AD-b'!$E31*'IW+f'!G12 -> 0
B30: N2O | C30: ='LCI_AD-b'!$E32*'IW+f'!C20 -> 17.012982 | D30: ='LCI_AD-b'!$E32*'IW+f'!D20 -> 0 | E30: ='LCI_AD-b'!$E32*'IW+f'!E20 -> 0 | F30: ='LCI_AD-b'!$E32*'IW+f'!F20 -> 0 | G30: ='LCI_AD-b'!$E32*'IW+f'!G20 -> 0
B31: NH3 | C31: ='LCI_AD-b'!$E33*'IW+f'!C18 -> 0 | D31: ='LCI_AD-b'!$E33*'IW+f'!D18 -> 5.3456953 | E31: ='LCI_AD-b'!$E33*'IW+f'!E18 -> 0 | F31: ='LCI_AD-b'!$E33*'IW+f'!F18 -> 3.596854e-05 | G31: ='LCI_AD-b'!$E33*'IW+f'!G18 -> 0
B32: NMVOC | C32: ='LCI_AD-b'!$E34*'IW+f'!C23 -> 0 | D32: ='LCI_AD-b'!$E34*'IW+f'!D23 -> 0.078076707 | E32: ='LCI_AD-b'!$E34*'IW+f'!E23 -> 0 | F32: ='LCI_AD-b'!$E34*'IW+f'!F23 -> 5.0595209e-09 | G32: ='LCI_AD-b'!$E34*'IW+f'!G23 -> 0
B33: CO | C33: ='LCI_AD-b'!$E35*'IW+f'!C17 -> 0 | D33: ='LCI_AD-b'!$E35*'IW+f'!D17 -> 0 | E33: ='LCI_AD-b'!$E35*'IW+f'!E17 -> 0 | F33: ='LCI_AD-b'!$E35*'IW+f'!F17 -> 0 | G33: ='LCI_AD-b'!$E35*'IW+f'!G17 -> 0
B34: electricity | C34: ='LCI_AD-b'!$E37*'IW+f'!C2 -> 0.24305618 | D34: ='LCI_AD-b'!$E37*'IW+f'!D2 -> 0.037320666 | E34: ='LCI_AD-b'!$E37*'IW+f'!E2 -> 36.62906 | F34: ='LCI_AD-b'!$E37*'IW+f'!F2 -> 2.4246062e-07 | G34: ='LCI_AD-b'!$E37*'IW+f'!G2 -> 0.39435674
B35: diesel | C35: ='LCI_AD-b'!$E38*'IW+f'!C27 -> 0.38495173 | D35: ='LCI_AD-b'!$E38*'IW+f'!D27 -> 0.076702309 | E35: ='LCI_AD-b'!$E38*'IW+f'!E27 -> 25.042364 | F35: ='LCI_AD-b'!$E38*'IW+f'!F27 -> 2.4165125e-07 | G35: ='LCI_AD-b'!$E38*'IW+f'!G27 -> 0.034692256
A36: Land application of compost | C36: =SUM(C37:C41) -> -27.214301 | D36: =SUM(D37:D41) -> 7.1951541 | E36: =SUM(E37:E41) -> 0 | F36: =SUM(F37:F41) -> 1.4004956e-05 | G36: =SUM(G37:G41) -> 0
B37: N2O | C37: ='LCI_AD-b'!$E40*'IW+f'!C20 -> 3.6020203 | D37: ='LCI_AD-b'!$E40*'IW+f'!D20 -> 0 | E37: ='LCI_AD-b'!$E40*'IW+f'!E20 -> 0 | F37: ='LCI_AD-b'!$E40*'IW+f'!F20 -> 0 | G37: ='LCI_AD-b'!$E40*'IW+f'!G20 -> 0
B38: NH3 | C38: ='LCI_AD-b'!$E41*'IW+f'!C18 -> 0 | D38: ='LCI_AD-b'!$E41*'IW+f'!D18 -> 2.0814363 | E38: ='LCI_AD-b'!$E41*'IW+f'!E18 -> 0 | F38: ='LCI_AD-b'!$E41*'IW+f'!F18 -> 1.4004956e-05 | G38: ='LCI_AD-b'!$E41*'IW+f'!G18 -> 0
B39: NO3 | C39: ='LCI_AD-b'!$E42*'IW+f'!C21 -> 0 | D39: ='LCI_AD-b'!$E42*'IW+f'!D21 -> 5.2372358 | E39: ='LCI_AD-b'!$E42*'IW+f'!E21 -> 0 | F39: ='LCI_AD-b'!$E42*'IW+f'!F21 -> 0 | G39: ='LCI_AD-b'!$E42*'IW+f'!G21 -> 0
B40: (PO4)3- | C40: ='LCI_AD-b'!$E43*'IW+f'!C25 -> 0 | D40: ='LCI_AD-b'!$E43*'IW+f'!D25 -> -0.123518 | E40: ='LCI_AD-b'!$E43*'IW+f'!E25 -> 0 | F40: ='LCI_AD-b'!$E43*'IW+f'!F25 -> 0 | G40: ='LCI_AD-b'!$E43*'IW+f'!G25 -> 0
B41: CO2 fossil | C41: ='LCI_AD-b'!E44*'IW+f'!C26 -> -30.816321 | D41: ='LCI_AD-b'!$E45*'IW+f'!D26 -> 0 | E41: ='LCI_AD-b'!$E45*'IW+f'!E26 -> 0 | F41: ='LCI_AD-b'!$E45*'IW+f'!F26 -> 0 | G41: ='LCI_AD-b'!$E45*'IW+f'!G26 -> 0
A42: Substituted products | C42: =SUM(C43:C48) -> 202.38627 | D42: =SUM(D43:D48) -> 40.731132 | E42: =SUM(E43:E48) -> 3660.3271 | F42: =SUM(F43:F48) -> 0.0001425117 | G42: =SUM(G43:G48) -> 65.209593
B43: N-fertilizer | C43: ='LCI_AD-b'!$E46*'IW+f'!C28 -> 15.522699 | D43: ='LCI_AD-b'!$E46*'IW+f'!D28 -> 2.0596946 | E43: ='LCI_AD-b'!$E46*'IW+f'!E28 -> 228.26827 | F43: ='LCI_AD-b'!$E46*'IW+f'!F28 -> 1.1387282e-05 | G43: ='LCI_AD-b'!$E46*'IW+f'!G28 -> 23.373766
B44: P-fertilizer | C44: ='LCI_AD-b'!$E47*'IW+f'!C30 -> 12.451854 | D44: ='LCI_AD-b'!$E47*'IW+f'!D30 -> 5.8033748 | E44: ='LCI_AD-b'!$E47*'IW+f'!E30 -> 218.3195 | F44: ='LCI_AD-b'!$E47*'IW+f'!F30 -> 4.7898741e-05 | G44: ='LCI_AD-b'!$E47*'IW+f'!G30 -> 29.538178
B45: K-fertilizer | C45: ='LCI_AD-b'!$E48*'IW+f'!C29 -> 1.8991612 | D45: ='LCI_AD-b'!$E48*'IW+f'!D29 -> 0.46221699 | E45: ='LCI_AD-b'!$E48*'IW+f'!E29 -> 30.790657 | F45: ='LCI_AD-b'!$E48*'IW+f'!F29 -> 2.1302278e-06 | G45: ='LCI_AD-b'!$E48*'IW+f'!G29 -> 0.89360271
B46: Peat | C46: ='LCI_AD-b'!$E49*'IW+f'!C31 -> 0.60151873 | D46: ='LCI_AD-b'!$E49*'IW+f'!D31 -> 0.26016692 | E46: ='LCI_AD-b'!$E49*'IW+f'!E31 -> 424.13181 | F46: ='LCI_AD-b'!$E49*'IW+f'!F31 -> 4.8284248e-07 | G46: ='LCI_AD-b'!$E49*'IW+f'!G31 -> 1.3478751
B47: Marginal heat | C47: ='LCI_AD-b'!$E50*'IW+f'!C39 -> 152.8466 | D47: ='LCI_AD-b'!$E50*'IW+f'!D39 -> 7.1920017 | E47: ='LCI_AD-b'!$E50*'IW+f'!E39 -> 2543.1617 | F47: ='LCI_AD-b'!$E50*'IW+f'!F39 -> 1.1187239e-05 | G47: ='LCI_AD-b'!$E50*'IW+f'!G39 -> 3.075272
B48: Marginal electricity | C48: ='LCI_AD-b'!$E51*'IW+f'!C37 -> 19.064443 | D48: ='LCI_AD-b'!$E51*'IW+f'!D37 -> 24.953677 | E48: ='LCI_AD-b'!$E51*'IW+f'!E37 -> 215.65515 | F48: ='LCI_AD-b'!$E51*'IW+f'!F37 -> 6.9425369e-05 | G48: ='LCI_AD-b'!$E51*'IW+f'!G37 -> 6.9808995
A50: Total impact | C50: =C5+C36-C42 -> -114.56471 | D50: =D5+D36-D42 -> -22.081544 | E50: =E5+E36-E42 -> -2970.0989 | F50: =F5+F36-F42 -> 7.9901808e-06 | G50: =G5+G36-G42 -> -48.942552
A54: Process | C54: Climate change, ecosystem quality, long term | D54: Climate change, ecosystem quality, short term | E54: Climate change, human health, long term | F54: Climate change, human health, short term | G54: Fisheries impact | H54: Freshwater acidification | I54: Freshwater ecotoxicity, long term | J54: Freshwater ecotoxicity, short term | K54: Freshwater eutrophication | L54: Human toxicity cancer, long term | M54: Human toxicity cancer, short term | N54: Human toxicity non-cancer, long term | O54: Human toxicity non-cancer, short term | P54: Ionizing radiations, ecosystem quality | Q54: Ionizing radiations, human health | R54: Land occupation, biodiversity | S54: Land transformation, biodiversity | T54: Marine acidification, long term | U54: Marine acidification, short term | V54: Marine ecotoxicity, long term | W54: Marine ecotoxicity, short term | X54: Marine eutrophication | Y54: Ozone layer depletion | Z54: Particulate matter formation | AA54: Photochemical ozone formation, ecosystem quality | AB54: Photochemical ozone formation, human health | AC54: Terrestrial acidification | AD54: Terrestrial ecotoxicity, long term | AE54: Terrestrial ecotoxicity, short term | AF54: Thermally polluted water | AG54: Total ecosystem quality | AH54: Total human health | AI54: Water availability, freshwater ecosystem | AJ54: Water availability, human health | AK54: Water availability, terrestrial ecosystem
A55: AD | C55: =SUM(C57:C85) -> #REF! | D55: =SUM(D57:D85) -> #REF! | E55: =SUM(E57:E85) -> #REF! | F55: =SUM(F57:F85) -> #REF! | G55: =SUM(G57:G85) -> 2.9231851e-17 | H55: =SUM(H57:H85) -> 0.57246821 | I55: =SUM(I57:I85) -> 3.8000106 | J55: =SUM(J57:J85) -> 0.3375998 | ... AK55: =SUM(AK57:AK85) -> 0.00041919745
A56: Pretreatment
B57: Electricity consumption | C57: ='LCIA_AD-a'!C47 -> #REF! | D57: ='LCIA_AD-a'!D47 -> #REF! | E57: ='LCIA_AD-a'!E47 -> #REF! | F57: ='LCIA_AD-a'!F47 -> #REF! | G57: ='LCIA_AD-a'!G47 -> 9.0040098e-20 | H57: ='LCIA_AD-a'!H47 -> 0.0051931115 | I57: ='LCIA_AD-a'!I47 -> 0.24839019 | J57: ='LCIA_AD-a'!J47 -> 0.012340834 | ... AK57: ='LCIA_AD-a'!AK47 -> 1.4715139e-05
B58: Water consumption | C58: ='LCIA_AD-a'!C48 -> #REF! | D58: ='LCIA_AD-a'!D48 -> #REF! | E58: ='LCIA_AD-a'!E48 -> #REF! | F58: ='LCIA_AD-a'!F48 -> #REF! | G58: ='LCIA_AD-a'!G48 -> 0 | H58: ='LCIA_AD-a'!H48 -> 0 | I58: ='LCIA_AD-a'!I48 -> 0 | J58: ='LCIA_AD-a'!J48 -> 0 | ... AK58: ='LCIA_AD-a'!AK48 -> 0
A59: Incineration | C59: ='LCIA_AD-a'!C49 -> 0 | D59: ='LCIA_AD-a'!D49 -> 0 | E59: ='LCIA_AD-a'!E49 -> 0 | F59: ='LCIA_AD-a'!F49 -> 0 | G59: ='LCIA_AD-a'!G49 -> 0 | H59: ='LCIA_AD-a'!H49 -> 0 | I59: ='LCIA_AD-a'!I49 -> 0 | J59: ='LCIA_AD-a'!J49 -> 0 | ... AK59: ='LCIA_AD-a'!AK49 -> 0
B60: Transport | C60: ='LCIA_AD-a'!C50 -> #REF! | D60: ='LCIA_AD-a'!D50 -> #REF! | E60: ='LCIA_AD-a'!E50 -> #REF! | F60: ='LCIA_AD-a'!F50 -> #REF! | G60: ='LCIA_AD-a'!G50 -> 3.4259653e-19 | H60: ='LCIA_AD-a'!H50 -> 0.0019088749 | I60: ='LCIA_AD-a'!I50 -> 0.021165975 | J60: ='LCIA_AD-a'!J50 -> 0.007784244 | ... AK60: ='LCIA_AD-a'!AK50 -> 6.4212373e-06
B61: Incineration | C61: ='LCIA_AD-a'!C51 -> #REF! | D61: ='LCIA_AD-a'!D51 -> #REF! | E61: ='LCIA_AD-a'!E51 -> #REF! | F61: ='LCIA_AD-a'!F51 -> #REF! | G61: ='LCIA_AD-a'!G51 -> 1.3417015e-18 | H61: ='LCIA_AD-a'!H51 -> 0.070661974 | I61: ='LCIA_AD-a'!I51 -> 0.93416719 | J61: ='LCIA_AD-a'!J51 -> 0.11947233 | ... AK61: ='LCIA_AD-a'!AK51 -> 0.00021385693
A62: AD | C62: ='LCIA_AD-a'!C52 -> 0 | D62: ='LCIA_AD-a'!D52 -> 0 | E62: ='LCIA_AD-a'!E52 -> 0 | F62: ='LCIA_AD-a'!F52 -> 0 | G62: ='LCIA_AD-a'!G52 -> 0 | H62: ='LCIA_AD-a'!H52 -> 0 | I62: ='LCIA_AD-a'!I52 -> 0 | J62: ='LCIA_AD-a'!J52 -> 0 | ... AK62: ='LCIA_AD-a'!AK52 -> 0
B63: Electricity | C63: ='LCIA_AD-a'!C53 -> #REF! | D63: ='LCIA_AD-a'!D53 -> #REF! | E63: ='LCIA_AD-a'!E53 -> #REF! | F63: ='LCIA_AD-a'!F53 -> #REF! | G63: ='LCIA_AD-a'!G53 -> 2.0146246e-19 | H63: ='LCIA_AD-a'!H53 -> 0.011619457 | I63: ='LCIA_AD-a'!I53 -> 0.55576682 | J63: ='LCIA_AD-a'!J53 -> 0.027612306 | ... AK63: ='LCIA_AD-a'!AK53 -> 3.2924756e-05
B64: Heat | C64: ='LCIA_AD-a'!C54 -> #REF! | D64: ='LCIA_AD-a'!D54 -> #REF! | E64: ='LCIA_AD-a'!E54 -> #REF! | F64: ='LCIA_AD-a'!F54 -> #REF! | G64: ='LCIA_AD-a'!G54 -> 2.7159126e-17 | H64: ='LCIA_AD-a'!H54 -> 0.03938443 | I64: ='LCIA_AD-a'!I54 -> 1.1164092 | J64: ='LCIA_AD-a'!J54 -> 0.14465945 | ... AK64: ='LCIA_AD-a'!AK54 -> 0.00013677242
B65: CH4 | C65: ='LCIA_AD-a'!C55 -> #REF! | D65: ='LCIA_AD-a'!D55 -> #REF! | E65: ='LCIA_AD-a'!E55 -> #REF! | F65: ='LCIA_AD-a'!F55 -> #REF! | G65: ='LCIA_AD-a'!G55 -> 0 | H65: ='LCIA_AD-a'!H55 -> 0 | I65: ='LCIA_AD-a'!I55 -> 0 | J65: ='LCIA_AD-a'!J55 -> 0 | ... AK65: ='LCIA_AD-a'!AK55 -> 0
A66: CHP | C66: ='LCIA_AD-a'!C56 -> 0 | D66: ='LCIA_AD-a'!D56 -> 0 | E66: ='LCIA_AD-a'!E56 -> 0 | F66: ='LCIA_AD-a'!F56 -> 0 | G66: ='LCIA_AD-a'!G56 -> 0 | H66: ='LCIA_AD-a'!H56 -> 0 | I66: ='LCIA_AD-a'!I56 -> 0 | J66: ='LCIA_AD-a'!J56 -> 0 | ... AK66: ='LCIA_AD-a'!AK56 -> 0
B67: Nitrogen Oxides (NOx) | C67: ='LCIA_AD-a'!C57 -> #REF! | D67: ='LCIA_AD-a'!D57 -> #REF! | E67: ='LCIA_AD-a'!E57 -> #REF! | F67: ='LCIA_AD-a'!F57 -> #REF! | G67: ='LCIA_AD-a'!G57 -> 0 | H67: ='LCIA_AD-a'!H57 -> 0.029345112 | I67: ='LCIA_AD-a'!I57 -> 0 | J67: ='LCIA_AD-a'!J57 -> 0 | ... AK67: ='LCIA_AD-a'!AK57 -> 0
B68: Volatile Organic Compounds (VOCs) | C68: ='LCIA_AD-a'!C58 -> #REF! | D68: ='LCIA_AD-a'!D58 -> #REF! | E68: ='LCIA_AD-a'!E58 -> #REF! | F68: ='LCIA_AD-a'!F58 -> #REF! | G68: ='LCIA_AD-a'!G58 -> 0 | H68: ='LCIA_AD-a'!H58 -> 0 | I68: ='LCIA_AD-a'!I58 -> 0 | J68: ='LCIA_AD-a'!J58 -> 0 | ... AK68: ='LCIA_AD-a'!AK58 -> 0
B69: Sulfur Dioxide (SO2) | C69: ='LCIA_AD-a'!C59 -> #REF! | D69: ='LCIA_AD-a'!D59 -> #REF! | E69: ='LCIA_AD-a'!E59 -> #REF! | F69: ='LCIA_AD-a'!F59 -> #REF! | G69: ='LCIA_AD-a'!G59 -> 0 | H69: ='LCIA_AD-a'!H59 -> 0.0075301897 | I69: ='LCIA_AD-a'!I59 -> 0 | J69: ='LCIA_AD-a'!J59 -> 0 | ... AK69: ='LCIA_AD-a'!AK59 -> 0
B70: Particulate Matter (PM) | C70: ='LCIA_AD-a'!C60 -> #REF! | D70: ='LCIA_AD-a'!D60 -> #REF! | E70: ='LCIA_AD-a'!E60 -> #REF! | F70: ='LCIA_AD-a'!F60 -> #REF! | G70: ='LCIA_AD-a'!G60 -> 0 | H70: ='LCIA_AD-a'!H60 -> 0 | I70: ='LCIA_AD-a'!I60 -> 0 | J70: ='LCIA_AD-a'!J60 -> 0 | ... AK70: ='LCIA_AD-a'!AK60 -> 0
B71: Carbon Monoxide (CO) | C71: ='LCIA_AD-a'!C61 -> #REF! | D71: ='LCIA_AD-a'!D61 -> #REF! | E71: ='LCIA_AD-a'!E61 -> #REF! | F71: ='LCIA_AD-a'!F61 -> #REF! | G71: ='LCIA_AD-a'!G61 -> 0 | H71: ='LCIA_AD-a'!H61 -> 0 | I71: ='LCIA_AD-a'!I61 -> 0 | J71: ='LCIA_AD-a'!J61 -> 0 | ... AK71: ='LCIA_AD-a'!AK61 -> 0
B72: Ammonia (NH3) | C72: ='LCIA_AD-a'!C62 -> #REF! | D72: ='LCIA_AD-a'!D62 -> #REF! | E72: ='LCIA_AD-a'!E62 -> #REF! | F72: ='LCIA_AD-a'!F62 -> #REF! | G72: ='LCIA_AD-a'!G62 -> 0 | H72: ='LCIA_AD-a'!H62 -> 0.026477555 | I72: ='LCIA_AD-a'!I62 -> 0 | J72: ='LCIA_AD-a'!J62 -> 0 | ... AK72: ='LCIA_AD-a'!AK62 -> 0
B73: Methane (CH4) | C73: ='LCIA_AD-a'!C63 -> #REF! | D73: ='LCIA_AD-a'!D63 -> #REF! | E73: ='LCIA_AD-a'!E63 -> #REF! | F73: ='LCIA_AD-a'!F63 -> #REF! | G73: ='LCIA_AD-a'!G63 -> 0 | H73: ='LCIA_AD-a'!H63 -> 0 | I73: ='LCIA_AD-a'!I63 -> 0 | J73: ='LCIA_AD-a'!J63 -> 0 | ... AK73: ='LCIA_AD-a'!AK63 -> 0
B74: Nitrous Oxide (N2O) | C74: ='LCIA_AD-a'!C64 -> #REF! | D74: ='LCIA_AD-a'!D64 -> #REF! | E74: ='LCIA_AD-a'!E64 -> #REF! | F74: ='LCIA_AD-a'!F64 -> #REF! | G74: ='LCIA_AD-a'!G64 -> 0 | H74: ='LCIA_AD-a'!H64 -> 0 | I74: ='LCIA_AD-a'!I64 -> 0 | J74: ='LCIA_AD-a'!J64 -> 0 | ... AK74: ='LCIA_AD-a'!AK64 -> 0
A75: Dewatering
B76: electricity | C76: ='LCI_AD-b'!$E27*'IW+_end'!#REF! -> #REF! | D76: ='LCI_AD-b'!$E27*'IW+_end'!#REF! -> #REF! | E76: ='LCI_AD-b'!$E27*'IW+_end'!#REF! -> #REF! | F76: ='LCI_AD-b'!$E27*'IW+_end'!#REF! -> #REF! | G76: ='LCI_AD-b'!$E27*'IW+_end'!C2 -> 1.8210792e-20 | H76: ='LCI_AD-b'!$E27*'IW+_end'!D2 -> 0.0010503173 | I76: ='LCI_AD-b'!$E27*'IW+_end'!E2 -> 0.050237417 | J76: ='LCI_AD-b'!$E27*'IW+_end'!F2 -> 0.0024959585 | K76: ='LCI_AD-b'!$E27*'IW+_end'!G2 -> 4.3362335e-06 | L76: ='LCI_AD-b'!$E27*'IW+_end'!H2 -> 1.7598966e-09 | M76: ='LCI_AD-b'!$E27*'IW+_end'!I2 -> 3.3567576e-08 | N76: ='LCI_AD-b'!$E27*'IW+_end'!J2 -> 3.9796326e-08 | ... AK76: ='LCI_AD-b'!$E27*'IW+_end'!AG2 -> 2.9761667e-06
B77: wastewater treatment | C77: ='LCI_AD-b'!$E29*'IW+_end'!#REF! -> #REF! | D77: ='LCI_AD-b'!$E29*'IW+_end'!#REF! -> #REF! | E77: ='LCI_AD-b'!$E29*'IW+_end'!#REF! -> #REF! | F77: ='LCI_AD-b'!$E29*'IW+_end'!#REF! -> #REF! | G77: ='LCI_AD-b'!$E29*'IW+_end'!C34 -> 3.4384901e-20 | H77: ='LCI_AD-b'!$E29*'IW+_end'!D34 -> 0.00052699305 | I77: ='LCI_AD-b'!$E29*'IW+_end'!E34 -> 0.7718881 | J77: ='LCI_AD-b'!$E29*'IW+_end'!F34 -> 0.0017392727 | K77: ='LCI_AD-b'!$E29*'IW+_end'!G34 -> 0.0033038577 | L77: ='LCI_AD-b'!$E29*'IW+_end'!H34 -> 4.6379122e-09 | M77: ='LCI_AD-b'!$E29*'IW+_end'!I34 -> 3.0903062e-08 | N77: ='LCI_AD-b'!$E29*'IW+_end'!J34 -> 2.2266812e-07 | ... AK77: ='LCI_AD-b'!$E29*'IW+_end'!AG34 -> 3.6047858e-06
A78: Composting of digestate
B79: CH4 | C79: ='LCI_AD-b'!$E31*'IW+_end'!#REF! -> #REF! | D79: ='LCI_AD-b'!$E31*'IW+_end'!#REF! -> #REF! | E79: ='LCI_AD-b'!$E31*'IW+_end'!#REF! -> #REF! | F79: ='LCI_AD-b'!$E31*'IW+_end'!#REF! -> #REF! | G79: ='LCI_AD-b'!$E31*'IW+_end'!C12 -> 0 | H79: ='LCI_AD-b'!$E31*'IW+_end'!D12 -> 0 | I79: ='LCI_AD-b'!$E31*'IW+_end'!E12 -> 0 | J79: ='LCI_AD-b'!$E31*'IW+_end'!F12 -> 0 | K79: ='LCI_AD-b'!$E31*'IW+_end'!G12 -> 0 | L79: ='LCI_AD-b'!$E31*'IW+_end'!H12 -> 0 | M79: ='LCI_AD-b'!$E31*'IW+_end'!I12 -> 0 | N79: ='LCI_AD-b'!$E31*'IW+_end'!J12 -> 0 | ... AK79: ='LCI_AD-b'!$E31*'IW+_end'!AG12 -> 0
B80: N2O | C80: ='LCI_AD-b'!$E32*'IW+_end'!#REF! -> #REF! | D80: ='LCI_AD-b'!$E32*'IW+_end'!#REF! -> #REF! | E80: ='LCI_AD-b'!$E32*'IW+_end'!#REF! -> #REF! | F80: ='LCI_AD-b'!$E32*'IW+_end'!#REF! -> #REF! | G80: ='LCI_AD-b'!$E32*'IW+_end'!C20 -> 0 | H80: ='LCI_AD-b'!$E32*'IW+_end'!D20 -> 0 | I80: ='LCI_AD-b'!$E32*'IW+_end'!E20 -> 0 | J80: ='LCI_AD-b'!$E32*'IW+_end'!F20 -> 0 | K80: ='LCI_AD-b'!$E32*'IW+_end'!G20 -> 0 | L80: ='LCI_AD-b'!$E32*'IW+_end'!H20 -> 0 | M80: ='LCI_AD-b'!$E32*'IW+_end'!I20 -> 0 | N80: ='LCI_AD-b'!$E32*'IW+_end'!J20 -> 0 | ... AK80: ='LCI_AD-b'!$E32*'IW+_end'!AG20 -> 0
B81: NH3 | C81: ='LCI_AD-b'!$E33*'IW+_end'!#REF! -> #REF! | D81: ='LCI_AD-b'!$E33*'IW+_end'!#REF! -> #REF! | E81: ='LCI_AD-b'!$E33*'IW+_end'!#REF! -> #REF! | F81: ='LCI_AD-b'!$E33*'IW+_end'!#REF! -> #REF! | G81: ='LCI_AD-b'!$E33*'IW+_end'!C18 -> 0 | H81: ='LCI_AD-b'!$E33*'IW+_end'!D18 -> 0.37443844 | I81: ='LCI_AD-b'!$E33*'IW+_end'!E18 -> 0 | J81: ='LCI_AD-b'!$E33*'IW+_end'!F18 -> 0 | K81: ='LCI_AD-b'!$E33*'IW+_end'!G18 -> 0 | L81: ='LCI_AD-b'!$E33*'IW+_end'!H18 -> 0 | M81: ='LCI_AD-b'!$E33*'IW+_end'!I18 -> 0 | N81: ='LCI_AD-b'!$E33*'IW+_end'!J18 -> 0 | ... AK81: ='LCI_AD-b'!$E33*'IW+_end'!AG18 -> 0
B82: NMVOC | C82: ='LCI_AD-b'!$E34*'IW+_end'!#REF! -> #REF! | D82: ='LCI_AD-b'!$E34*'IW+_end'!#REF! -> #REF! | E82: ='LCI_AD-b'!$E34*'IW+_end'!#REF! -> #REF! | F82: ='LCI_AD-b'!$E34*'IW+_end'!#REF! -> #REF! | G82: ='LCI_AD-b'!$E34*'IW+_end'!C23 -> 0 | H82: ='LCI_AD-b'!$E34*'IW+_end'!D23 -> 0 | I82: ='LCI_AD-b'!$E34*'IW+_end'!E23 -> 0 | J82: ='LCI_AD-b'!$E34*'IW+_end'!F23 -> 0 | K82: ='LCI_AD-b'!$E34*'IW+_end'!G23 -> 0 | L82: ='LCI_AD-b'!$E34*'IW+_end'!H23 -> 0 | M82: ='LCI_AD-b'!$E34*'IW+_end'!I23 -> 0 | N82: ='LCI_AD-b'!$E34*'IW+_end'!J23 -> 0 | ... AK82: ='LCI_AD-b'!$E34*'IW+_end'!AG23 -> 0
B83: CO | C83: ='LCI_AD-b'!$E35*'IW+_end'!#REF! -> #REF! | D83: ='LCI_AD-b'!$E35*'IW+_end'!#REF! -> #REF! | E83: ='LCI_AD-b'!$E35*'IW+_end'!#REF! -> #REF! | F83: ='LCI_AD-b'!$E35*'IW+_end'!#REF! -> #REF! | G83: ='LCI_AD-b'!$E35*'IW+_end'!C17 -> 0 | H83: ='LCI_AD-b'!$E35*'IW+_end'!D17 -> 0 | I83: ='LCI_AD-b'!$E35*'IW+_end'!E17 -> 0 | J83: ='LCI_AD-b'!$E35*'IW+_end'!F17 -> 0 | K83: ='LCI_AD-b'!$E35*'IW+_end'!G17 -> 0 | L83: ='LCI_AD-b'!$E35*'IW+_end'!H17 -> 0 | M83: ='LCI_AD-b'!$E35*'IW+_end'!I17 -> 0 | N83: ='LCI_AD-b'!$E35*'IW+_end'!J17 -> 0 | ... AK83: ='LCI_AD-b'!$E35*'IW+_end'!AG17 -> 0
B84: electricity | C84: ='LCI_AD-b'!$E37*'IW+_end'!#REF! -> #REF! | D84: ='LCI_AD-b'!$E37*'IW+_end'!#REF! -> #REF! | E84: ='LCI_AD-b'!$E37*'IW+_end'!#REF! -> #REF! | F84: ='LCI_AD-b'!$E37*'IW+_end'!#REF! -> #REF! | G84: ='LCI_AD-b'!$E37*'IW+_end'!C2 -> 2.8198194e-20 | H84: ='LCI_AD-b'!$E37*'IW+_end'!D2 -> 0.0016263462 | I84: ='LCI_AD-b'!$E37*'IW+_end'!E2 -> 0.077789284 | J84: ='LCI_AD-b'!$E37*'IW+_end'!F2 -> 0.0038648251 | K84: ='LCI_AD-b'!$E37*'IW+_end'!G2 -> 6.7143678e-06 | L84: ='LCI_AD-b'!$E37*'IW+_end'!H2 -> 2.7250823e-09 | M84: ='LCI_AD-b'!$E37*'IW+_end'!I2 -> 5.1977149e-08 | N84: ='LCI_AD-b'!$E37*'IW+_end'!J2 -> 6.1621953e-08 | ... AK84: ='LCI_AD-b'!$E37*'IW+_end'!AG2 -> 4.6083953e-06
B85: diesel | C85: ='LCI_AD-b'!$E38*'IW+_end'!#REF! -> #REF! | D85: ='LCI_AD-b'!$E38*'IW+_end'!#REF! -> #REF! | E85: ='LCI_AD-b'!$E38*'IW+_end'!#REF! -> #REF! | F85: ='LCI_AD-b'!$E38*'IW+_end'!#REF! -> #REF! | G85: ='LCI_AD-b'!$E38*'IW+_end'!C27 -> 1.6130521e-20 | H85: ='LCI_AD-b'!$E38*'IW+_end'!D27 -> 0.002705407 | I85: ='LCI_AD-b'!$E38*'IW+_end'!E27 -> 0.02419644 | J85: ='LCI_AD-b'!$E38*'IW+_end'!F27 -> 0.017630584 | K85: ='LCI_AD-b'!$E38*'IW+_end'!G27 -> 2.4472118e-05 | L85: ='LCI_AD-b'!$E38*'IW+_end'!H27 -> 1.3576808e-09 | M85: ='LCI_AD-b'!$E38*'IW+_end'!I27 -> 5.1572925e-08 | N85: ='LCI_AD-b'!$E38*'IW+_end'!J27 -> 3.3872873e-08 | ... AK85: ='LCI_AD-b'!$E38*'IW+_end'!AG27 -> 3.3176217e-06
A86: Land application of compost | C86: =SUM(C87:C91) -> #REF! | D86: =SUM(D87:D91) -> #REF! | E86: =SUM(E87:E91) -> #REF! | F86: =SUM(F87:F91) -> #REF! | G86: =SUM(G87:G91) -> 0 | H86: =SUM(H87:H91) -> 0.1457939 | I86: =SUM(I87:I91) -> 0 | J86: =SUM(J87:J91) -> 0 | ... AK86: =SUM(AK87:AK91) -> 0
B87: N2O | C87: ='LCI_AD-b'!$E40*'IW+_end'!#REF! -> #REF! | D87: ='LCI_AD-b'!$E40*'IW+_end'!#REF! -> #REF! | E87: ='LCI_AD-b'!$E40*'IW+_end'!#REF! -> #REF! | F87: ='LCI_AD-b'!$E40*'IW+_end'!#REF! -> #REF! | G87: ='LCI_AD-b'!$E40*'IW+_end'!C20 -> 0 | H87: ='LCI_AD-b'!$E40*'IW+_end'!D20 -> 0 | I87: ='LCI_AD-b'!$E40*'IW+_end'!E20 -> 0 | J87: ='LCI_AD-b'!$E40*'IW+_end'!F20 -> 0 | K87: ='LCI_AD-b'!$E40*'IW+_end'!G20 -> 0 | L87: ='LCI_AD-b'!$E40*'IW+_end'!H20 -> 0 | M87: ='LCI_AD-b'!$E40*'IW+_end'!I20 -> 0 | N87: ='LCI_AD-b'!$E40*'IW+_end'!J20 -> 0 | ... AK87: ='LCI_AD-b'!$E40*'IW+_end'!AG20 -> 0
B88: NH3 | C88: ='LCI_AD-b'!$E41*'IW+_end'!#REF! -> #REF! | D88: ='LCI_AD-b'!$E41*'IW+_end'!#REF! -> #REF! | E88: ='LCI_AD-b'!$E41*'IW+_end'!#REF! -> #REF! | F88: ='LCI_AD-b'!$E41*'IW+_end'!#REF! -> #REF! | G88: ='LCI_AD-b'!$E41*'IW+_end'!C18 -> 0 | H88: ='LCI_AD-b'!$E41*'IW+_end'!D18 -> 0.1457939 | I88: ='LCI_AD-b'!$E41*'IW+_end'!E18 -> 0 | J88: ='LCI_AD-b'!$E41*'IW+_end'!F18 -> 0 | K88: ='LCI_AD-b'!$E41*'IW+_end'!G18 -> 0 | L88: ='LCI_AD-b'!$E41*'IW+_end'!H18 -> 0 | M88: ='LCI_AD-b'!$E41*'IW+_end'!I18 -> 0 | N88: ='LCI_AD-b'!$E41*'IW+_end'!J18 -> 0 | ... AK88: ='LCI_AD-b'!$E41*'IW+_end'!AG18 -> 0
B89: NO3 | C89: ='LCI_AD-b'!$E42*'IW+_end'!#REF! -> #REF! | D89: ='LCI_AD-b'!$E42*'IW+_end'!#REF! -> #REF! | E89: ='LCI_AD-b'!$E42*'IW+_end'!#REF! -> #REF! | F89: ='LCI_AD-b'!$E42*'IW+_end'!#REF! -> #REF! | G89: ='LCI_AD-b'!$E42*'IW+_end'!C21 -> 0 | H89: ='LCI_AD-b'!$E42*'IW+_end'!D21 -> 0 | I89: ='LCI_AD-b'!$E42*'IW+_end'!E21 -> 0 | J89: ='LCI_AD-b'!$E42*'IW+_end'!F21 -> 0 | K89: ='LCI_AD-b'!$E42*'IW+_end'!G21 -> 0 | L89: ='LCI_AD-b'!$E42*'IW+_end'!H21 -> 0 | M89: ='LCI_AD-b'!$E42*'IW+_end'!I21 -> 0 | N89: ='LCI_AD-b'!$E42*'IW+_end'!J21 -> 0 | ... AK89: ='LCI_AD-b'!$E42*'IW+_end'!AG21 -> 0
B90: (PO4)3- | C90: ='LCI_AD-b'!$E43*'IW+_end'!#REF! -> #REF! | D90: ='LCI_AD-b'!$E43*'IW+_end'!#REF! -> #REF! | E90: ='LCI_AD-b'!$E43*'IW+_end'!#REF! -> #REF! | F90: ='LCI_AD-b'!$E43*'IW+_end'!#REF! -> #REF! | G90: ='LCI_AD-b'!$E43*'IW+_end'!C25 -> 0 | H90: ='LCI_AD-b'!$E43*'IW+_end'!D25 -> 0 | I90: ='LCI_AD-b'!$E43*'IW+_end'!E25 -> 0 | J90: ='LCI_AD-b'!$E43*'IW+_end'!F25 -> 0 | K90: ='LCI_AD-b'!$E43*'IW+_end'!G25 -> -0.123518 | L90: ='LCI_AD-b'!$E43*'IW+_end'!H25 -> 0 | M90: ='LCI_AD-b'!$E43*'IW+_end'!I25 -> 0 | N90: ='LCI_AD-b'!$E43*'IW+_end'!J25 -> 0 | ... AK90: ='LCI_AD-b'!$E43*'IW+_end'!AG25 -> 0
B91: CO2 fossil | C91: ='LCI_AD-b'!$E44*'IW+_end'!#REF! -> #REF! | D91: ='LCI_AD-b'!$E44*'IW+_end'!#REF! -> #REF! | E91: ='LCI_AD-b'!$E44*'IW+_end'!#REF! -> #REF! | F91: ='LCI_AD-b'!$E44*'IW+_end'!#REF! -> #REF! | G91: ='LCI_AD-b'!$E44*'IW+_end'!C26 -> 0 | H91: ='LCI_AD-b'!$E44*'IW+_end'!D26 -> 0 | I91: ='LCI_AD-b'!$E44*'IW+_end'!E26 -> 0 | J91: ='LCI_AD-b'!$E44*'IW+_end'!F26 -> 0 | K91: ='LCI_AD-b'!$E44*'IW+_end'!G26 -> 0 | L91: ='LCI_AD-b'!$E44*'IW+_end'!H26 -> 0 | M91: ='LCI_AD-b'!$E44*'IW+_end'!I26 -> 0 | N91: ='LCI_AD-b'!$E44*'IW+_end'!J26 -> 0 | ... AK91: ='LCI_AD-b'!$E44*'IW+_end'!AG26 -> 0
A92: Substituted products | C92: =SUM(C93:C98) -> #REF! | D92: =SUM(D93:D98) -> #REF! | E92: =SUM(E93:E98) -> #REF! | F92: =SUM(F93:F98) -> #REF! | G92: =SUM(G93:G98) -> 1.2232045e-16 | H92: =SUM(H93:H98) -> 1.4126973 | I92: =SUM(I93:I98) -> 19.726218 | J92: =SUM(J93:J98) -> 3.9712779 | ... AK92: =SUM(AK93:AK98) -> 0.011818405
B93: N-fertilizer | C93: ='LCI_AD-b'!$E46*'IW+_end'!#REF! -> #REF! | D93: ='LCI_AD-b'!$E46*'IW+_end'!#REF! -> #REF! | E93: ='LCI_AD-b'!$E46*'IW+_end'!#REF! -> #REF! | F93: ='LCI_AD-b'!$E46*'IW+_end'!#REF! -> #REF! | G93: ='LCI_AD-b'!$E46*'IW+_end'!C28 -> 3.9249224e-17 | H93: ='LCI_AD-b'!$E46*'IW+_end'!D28 -> 0.087287714 | I93: ='LCI_AD-b'!$E46*'IW+_end'!E28 -> 0.72592559 | J93: ='LCI_AD-b'!$E46*'IW+_end'!F28 -> 0.24130766 | K93: ='LCI_AD-b'!$E46*'IW+_end'!G28 -> 0.00035494648 | L93: ='LCI_AD-b'!$E46*'IW+_end'!H28 -> 5.4186171e-08 | M93: ='LCI_AD-b'!$E46*'IW+_end'!I28 -> 2.5442999e-06 | N93: ='LCI_AD-b'!$E46*'IW+_end'!J28 -> 1.7650219e-06 | ... AK93: ='LCI_AD-b'!$E46*'IW+_end'!AG28 -> 0.00031717923
B94: P-fertilizer | C94: ='LCI_AD-b'!$E47*'IW+_end'!#REF! -> #REF! | D94: ='LCI_AD-b'!$E47*'IW+_end'!#REF! -> #REF! | E94: ='LCI_AD-b'!$E47*'IW+_end'!#REF! -> #REF! | F94: ='LCI_AD-b'!$E47*'IW+_end'!#REF! -> #REF! | G94: ='LCI_AD-b'!$E47*'IW+_end'!C30 -> 7.3123981e-17 | H94: ='LCI_AD-b'!$E47*'IW+_end'!D30 -> 0.4482331 | I94: ='LCI_AD-b'!$E47*'IW+_end'!E30 -> 2.3472795 | J94: ='LCI_AD-b'!$E47*'IW+_end'!F30 -> 0.21528369 | K94: ='LCI_AD-b'!$E47*'IW+_end'!G30 -> 0.099654628 | L94: ='LCI_AD-b'!$E47*'IW+_end'!H30 -> 1.2487091e-07 | M94: ='LCI_AD-b'!$E47*'IW+_end'!I30 -> 4.6776961e-06 | N94: ='LCI_AD-b'!$E47*'IW+_end'!J30 -> 4.0100563e-06 | ... AK94: ='LCI_AD-b'!$E47*'IW+_end'!AG30 -> 0.0034323692
B95: K-fertilizer | C95: ='LCI_AD-b'!$E48*'IW+_end'!#REF! -> #REF! | D95: ='LCI_AD-b'!$E48*'IW+_end'!#REF! -> #REF! | E95: ='LCI_AD-b'!$E48*'IW+_end'!#REF! -> #REF! | F95: ='LCI_AD-b'!$E48*'IW+_end'!#REF! -> #REF! | G95: ='LCI_AD-b'!$E48*'IW+_end'!C29 -> 5.8984226e-18 | H95: ='LCI_AD-b'!$E48*'IW+_end'!D29 -> 0.013919101 | I95: ='LCI_AD-b'!$E48*'IW+_end'!E29 -> 0.37633612 | J95: ='LCI_AD-b'!$E48*'IW+_end'!F29 -> 0.039145357 | K95: ='LCI_AD-b'!$E48*'IW+_end'!G29 -> 7.0842026e-05 | L95: ='LCI_AD-b'!$E48*'IW+_end'!H29 -> 1.0451455e-08 | M95: ='LCI_AD-b'!$E48*'IW+_end'!I29 -> 5.2019241e-07 | N95: ='LCI_AD-b'!$E48*'IW+_end'!J29 -> 3.4728979e-07 | ... AK95: ='LCI_AD-b'!$E48*'IW+_end'!AG29 -> 4.3992966e-05
B96: Peat | C96: ='LCI_AD-b'!$E49*'IW+_end'!#REF! -> #REF! | D96: ='LCI_AD-b'!$E49*'IW+_end'!#REF! -> #REF! | E96: ='LCI_AD-b'!$E49*'IW+_end'!#REF! -> #REF! | F96: ='LCI_AD-b'!$E49*'IW+_end'!#REF! -> #REF! | G96: ='LCI_AD-b'!$E49*'IW+_end'!C31 -> 8.1457899e-20 | H96: ='LCI_AD-b'!$E49*'IW+_end'!D31 -> 0.0027947845 | I96: ='LCI_AD-b'!$E49*'IW+_end'!E31 -> 0.031795124 | J96: ='LCI_AD-b'!$E49*'IW+_end'!F31 -> 0.013114397 | K96: ='LCI_AD-b'!$E49*'IW+_end'!G31 -> 1.5145212e-05 | L96: ='LCI_AD-b'!$E49*'IW+_end'!H31 -> 1.8046194e-09 | M96: ='LCI_AD-b'!$E49*'IW+_end'!I31 -> 1.3522774e-07 | N96: ='LCI_AD-b'!$E49*'IW+_end'!J31 -> 5.735169e-08 | ... AK96: ='LCI_AD-b'!$E49*'IW+_end'!AG31 -> 0.0061985674
B97: Marginal heat | C97: ='LCIA_AD-a'!C78 -> #REF! | D97: ='LCIA_AD-a'!D78 -> #REF! | E97: ='LCIA_AD-a'!E78 -> #REF! | F97: ='LCIA_AD-a'!F78 -> #REF! | G97: ='LCIA_AD-a'!G78 -> 3.9673695e-18 | H97: ='LCIA_AD-a'!H78 -> 0.62383708 | I97: ='LCIA_AD-a'!I78 -> 4.1365669 | J97: ='LCIA_AD-a'!J78 -> 2.0252632 | ... AK97: ='LCIA_AD-a'!AK78 -> 0.00050174522
B98: Marginal electricity | C98: ='LCIA_AD-a'!C79 -> #REF! | D98: ='LCIA_AD-a'!D79 -> #REF! | E98: ='LCIA_AD-a'!E79 -> #REF! | F98: ='LCIA_AD-a'!F79 -> #REF! | G98: ='LCIA_AD-a'!G79 -> 0 | H98: ='LCIA_AD-a'!H79 -> 0.23662551 | I98: ='LCIA_AD-a'!I79 -> 12.108315 | J98: ='LCIA_AD-a'!J79 -> 1.4371637 | ... AK98: ='LCIA_AD-a'!AK79 -> 0.001324551
C99: =C55+C86-C92 -> #REF! | D99: =D55+D86-D92 -> #REF! | E99: =E55+E86-E92 -> #REF! | F99: =F55+F86-F92 -> #REF! | G99: =G55+G86-G92 -> -9.3088603e-17 | H99: =H55+H86-H92 -> -0.69443518 | I99: =I55+I86-I92 -> -15.926208 | J99: =J55+J86-J92 -> -3.6336781 | ... AK99: =AK55+AK86-AK92 -> -0.011399208

Sheet LCIA_AD-c
A3: IMPACT WORLD + FOOTPRINT
A4: Process | C4: Carbon footprint | D4: Ecosystem quality (residual) | E4: Energetic resource depletion | F4: Human health (residual) | G4: Water footprint - Scarcity
A5: AD | C5: =SUM(C6,C9,C12,C16,C23) -> 166.06528 | D5: =SUM(D6,D9,D12,D16,D25,D28) -> 113.02127 | E5: =SUM(E6,E9,E12,E16,E25,E28) -> 1685.6231 | F5: =SUM(F6,F9,F12,F16,F25,F28) -> 0.00089962786 | G5: =SUM(G6,G9,G12,G16,G25,G28) -> 34.39535
A6: Pretreatment | C6: =SUM(C7:C8) -> 0.7761065 | D6: =SUM(D7:D8) -> 0.11916921 | E6: =SUM(E7:E8) -> 116.96083 | F6: =SUM(F7:F8) -> 7.7420483e-07 | G6: =SUM(G7:G8) -> 1.2592267
B7: Electricity consumption | C7: ='LCI_AD-c'!$E4*'IW+f'!C2 -> 0.7761065 | D7: ='LCI_AD-c'!$E4*'IW+f'!D2 -> 0.11916921 | E7: ='LCI_AD-c'!$E4*'IW+f'!E2 -> 116.96083 | F7: ='LCI_AD-c'!$E4*'IW+f'!F2 -> 7.7420483e-07 | G7: ='LCI_AD-c'!$E4*'IW+f'!G2 -> 1.2592267
B8: Water consumption | C8: ='LCI_AD-c'!$E5*'IW+f'!C3 -> 0 | D8: ='LCI_AD-c'!$E5*'IW+f'!D3 -> 0 | E8: ='LCI_AD-c'!$E5*'IW+f'!E3 -> 0 | F8: ='LCI_AD-c'!$E5*'IW+f'!F3 -> 0 | G8: ='LCI_AD-c'!$E5*'IW+f'!G3 -> 0
A9: Incineration | C9: =SUM(C10:C11) -> 9.4912725 | D9: =SUM(D10:D11) -> 1.7760545 | E9: =SUM(E10:E11) -> 70.109594 | F9: =SUM(F10:F11) -> 3.9183036e-05 | G9: =SUM(G10:G11) -> 10.01854
B10: Transport | C10: ='LCI_AD-c'!$E7*'IW+f'!C4 -> 0.43472979 | D10: ='LCI_AD-c'!$E7*'IW+f'!D4 -> 0.063594202 | E10: ='LCI_AD-c'!$E7*'IW+f'!E4 -> 6.576112 | F10: ='LCI_AD-c'!$E7*'IW+f'!F4 -> 3.4579966e-07 | G10: ='LCI_AD-c'!$E7*'IW+f'!G4 -> 0.039223403
B11: Incineration | C11: ='LCI_AD-c'!$E8*'IW+f'!C5 -> 9.0565427 | D11: ='LCI_AD-c'!$E8*'IW+f'!D5 -> 1.7124603 | E11: ='LCI_AD-c'!$E8*'IW+f'!E5 -> 63.533482 | F11: ='LCI_AD-c'!$E8*'IW+f'!F5 -> 3.8837236e-05 | G11: ='LCI_AD-c'!$E8*'IW+f'!G5 -> 9.9793169
A12: AD | C12: =SUM(C13:C15) -> 52.248712 | D12: =SUM(D13:D15) -> 2.7873234 | E12: =SUM(E13:E15) -> 416.86802 | F12: =SUM(F13:F15) -> 4.5598348e-05 | G12: =SUM(G13:G15) -> 4.3060094
B13: Electricity | C13: ='LCI_AD-c'!$E10*'IW+f'!C2 -> 1.7365189 | D13: ='LCI_AD-c'!$E10*'IW+f'!D2 -> 0.26663811 | E13: ='LCI_AD-c'!$E10*'IW+f'!E2 -> 261.69692 | F13: ='LCI_AD-c'!$E10*'IW+f'!F2 -> 1.7322639e-06 | G13: ='LCI_AD-c'!$E10*'IW+f'!G2 -> 2.8174882
B14: Heat | C14: ='LCI_AD-c'!$E11*'IW+f'!C11 -> 9.6923673 | D14: ='LCI_AD-c'!$E11*'IW+f'!D11 -> 2.5206853 | E14: ='LCI_AD-c'!$E11*'IW+f'!E11 -> 155.1711 | F14: ='LCI_AD-c'!$E11*'IW+f'!F11 -> 4.3866084e-05 | G14: ='LCI_AD-c'!$E11*'IW+f'!G11 -> 1.4885212
B15: CH4 | C15: ='LCI_AD-c'!$E12*'IW+f'!C12 -> 40.819826 | D15: ='LCI_AD-c'!$E12*'IW+f'!D12 -> 0 | E15: ='LCI_AD-c'!$E12*'IW+f'!E12 -> 0 | F15: ='LCI_AD-c'!$E12*'IW+f'!F12 -> 0 | G15: ='LCI_AD-c'!$E12*'IW+f'!G12 -> 0
A16: Biogas upgrading | C16: =SUM(C17:C22) -> 67.422192 | D16: =SUM(D17:D22) -> 3.7790662 | E16: =SUM(E17:E22) -> 1081.6847 | F16: =SUM(F17:F22) -> 4.6055862e-05 | G16: =SUM(G17:G22) -> 18.811574
B17: CH4 | C17: ='LCI_AD-c'!$E17*'IW+f'!C12 -> 46.976728 | D17: ='LCI_AD-c'!$E17*'IW+f'!D12 -> 0 | E17: ='LCI_AD-c'!$E17*'IW+f'!E12 -> 0 | F17: ='LCI_AD-c'!$E17*'IW+f'!F12 -> 0 | G17: ='LCI_AD-c'!$E17*'IW+f'!G12 -> 0
B18: H2S | C18: ='LCI_AD-c'!$E18*'IW+f'!C24 -> 0 | D18: ='LCI_AD-c'!$E18*'IW+f'!D24 -> 0 | E18: ='LCI_AD-c'!$E18*'IW+f'!E24 -> 0 | F18: ='LCI_AD-c'!$E18*'IW+f'!F24 -> 0 | G18: ='LCI_AD-c'!$E18*'IW+f'!G24 -> 0
B19: Sox | C19: ='LCI_AD-c'!$E19*'IW+f'!C19 -> 0 | D19: ='LCI_AD-c'!$E19*'IW+f'!D19 -> 0.02458688 | E19: ='LCI_AD-c'!$E19*'IW+f'!E19 -> 0 | F19: ='LCI_AD-c'!$E19*'IW+f'!F19 -> 1.3714821e-07 | G19: ='LCI_AD-c'!$E19*'IW+f'!G19 -> 0
B20: Electricity | C20: ='LCI_AD-c'!$E20*'IW+f'!C2 -> 5.9160582 | D20: ='LCI_AD-c'!$E20*'IW+f'!D2 -> 0.9083959 | E20: ='LCI_AD-c'!$E20*'IW+f'!E2 -> 891.56201 | F20: ='LCI_AD-c'!$E20*'IW+f'!F2 -> 5.9015623e-06 | G20: ='LCI_AD-c'!$E20*'IW+f'!G2 -> 9.598758
B21: Activated carbon | C21: ='LCI_AD-c'!$E21*'IW+f'!C32 -> 0.6640648 | D21: ='LCI_AD-c'!$E21*'IW+f'!D32 -> 0.11414325 | E21: ='LCI_AD-c'!$E21*'IW+f'!E32 -> 8.3706898 | F21: ='LCI_AD-c'!$E21*'IW+f'!F32 -> 9.7423406e-07 | G21: ='LCI_AD-c'!$E21*'IW+f'!G32 -> 0.083275453
B22: Zeolite | C22: ='LCI_AD-c'!$E22*'IW+f'!C33 -> 13.865341 | D22: ='LCI_AD-c'!$E22*'IW+f'!D33 -> 2.7319401 | E22: ='LCI_AD-c'!$E22*'IW+f'!E33 -> 181.75197 | F22: ='LCI_AD-c'!$E22*'IW+f'!F33 -> 3.9042917e-05 | G22: ='LCI_AD-c'!$E22*'IW+f'!G33 -> 9.1295404
A23: Storage | C23: =C24 -> 36.126998 | D23: =D24 -> 0 | E23: =E24 -> 0 | F23: =F24 -> 0 | G23: =G24 -> 0
B24: CH4 | C24: ='LCI_AD-c'!$E25*'IW+f'!C12 -> 36.126998 | D24: ='LCI_AD-c'!$E25*'IW+f'!D12 -> 0 | E24: ='LCI_AD-c'!$E25*'IW+f'!E12 -> 0 | F24: ='LCI_AD-c'!$E25*'IW+f'!F12 -> 0 | G24: ='LCI_AD-c'!$E25*'IW+f'!G12 -> 0
A25: Land application of digestate | C25: =SUM(C26:C30) -> -96.310983 | D25: =SUM(D26:D30) -> 108.30291 | E25: =SUM(E26:E30) -> 0 | F25: =SUM(F26:F30) -> 0.00076801641 | G25: =SUM(G26:G30) -> 0
B26: N2O | C26: ='LCI_AD-c'!$E28*'IW+f'!C20 -> 19.040939 | D26: ='LCI_AD-c'!$E28*'IW+f'!D20 -> 0 | E26: ='LCI_AD-c'!$E28*'IW+f'!E20 -> 0 | F26: ='LCI_AD-c'!$E28*'IW+f'!F20 -> 0 | G26: ='LCI_AD-c'!$E28*'IW+f'!G20 -> 0
B27: NH3 | C27: ='LCI_AD-c'!$E29*'IW+f'!C18 -> 0 | D27: ='LCI_AD-c'!$E29*'IW+f'!D18 -> 114.14368 | E27: ='LCI_AD-c'!$E29*'IW+f'!E18 -> 0 | F27: ='LCI_AD-c'!$E29*'IW+f'!F18 -> 0.00076801641 | G27: ='LCI_AD-c'!$E29*'IW+f'!G18 -> 0
B28: NO3 | C28: ='LCI_AD-c'!$E30*'IW+f'!C21 -> 0 | D28: ='LCI_AD-c'!$E30*'IW+f'!D21 -> -3.7432544 | E28: ='LCI_AD-c'!$E30*'IW+f'!E21 -> 0 | F28: ='LCI_AD-c'!$E30*'IW+f'!F21 -> 0 | G28: ='LCI_AD-c'!$E30*'IW+f'!G21 -> 0
B29: (PO4)3- | C29: ='LCI_AD-c'!$E31*'IW+f'!C25 -> 0 | D29: ='LCI_AD-c'!$E31*'IW+f'!D25 -> -0.1942107 | E29: ='LCI_AD-c'!$E31*'IW+f'!E25 -> 0 | F29: ='LCI_AD-c'!$E31*'IW+f'!F25 -> 0 | G29: ='LCI_AD-c'!$E31*'IW+f'!G25 -> 0
B30: CO2 fossil | C30: ='LCI_AD-c'!$E32*'IW+f'!C26 -> -115.35192 | D30: ='LCI_AD-c'!$E32*'IW+f'!D26 -> -1.9033067 | E30: ='LCI_AD-c'!$E32*'IW+f'!E26 -> 0 | F30: ='LCI_AD-c'!$E32*'IW+f'!F26 -> 0 | G30: ='LCI_AD-c'!$E32*'IW+f'!G26 -> 0
A31: Substituted products | C31: =SUM(C32:C36) -> 159.5814 | D31: =SUM(D32:D36) -> 29.674005 | E31: =SUM(E32:E36) -> 8837.3894 | F31: =SUM(F32:F36) -> 0.00014122565 | G31: =SUM(G32:G36) -> 110.4817
B32: N-fertilizer | C32: ='LCI_AD-c'!$E34*'IW+f'!C28 -> 28.411672 | D32: ='LCI_AD-c'!$E34*'IW+f'!D28 -> 3.7699223 | E32: ='LCI_AD-c'!$E34*'IW+f'!E28 -> 417.80642 | F32: ='LCI_AD-c'!$E34*'IW+f'!F28 -> 2.0842492e-05 | G32: ='LCI_AD-c'!$E34*'IW+f'!G28 -> 42.781721
B33: P-fertilizer | C33: ='LCI_AD-c'!$E35*'IW+f'!C30 -> 19.578387 | D33: ='LCI_AD-c'!$E35*'IW+f'!D30 -> 9.1248032 | E33: ='LCI_AD-c'!$E35*'IW+f'!E30 -> 343.26966 | F33: ='LCI_AD-c'!$E35*'IW+f'!F30 -> 7.5312485e-05 | G33: ='LCI_AD-c'!$E35*'IW+f'!G30 -> 46.443677
B34: K-fertilizer | C34: ='LCI_AD-c'!$E36*'IW+f'!C29 -> 12.348252 | D34: ='LCI_AD-c'!$E36*'IW+f'!D29 -> 3.005312 | E34: ='LCI_AD-c'!$E36*'IW+f'!E29 -> 200.19933 | F34: ='LCI_AD-c'!$E36*'IW+f'!F29 -> 1.3850636e-05 | G34: ='LCI_AD-c'!$E36*'IW+f'!G29 -> 5.8101607
B35: Peat | C35: ='LCI_AD-c'!$E37*'IW+f'!C31 -> 2.2516102 | D35: ='LCI_AD-c'!$E37*'IW+f'!D31 -> 0.97385909 | E35: ='LCI_AD-c'!$E37*'IW+f'!E31 -> 1587.6139 | F35: ='LCI_AD-c'!$E37*'IW+f'!F31 -> 1.8073802e-06 | G35: ='LCI_AD-c'!$E37*'IW+f'!G31 -> 5.0453778
B36: Gas | C36: ='LCI_AD-c'!$E38*'IW+f'!C38 -> 96.991474 | D36: ='LCI_AD-c'!$E38*'IW+f'!D38 -> 12.800108 | E36: ='LCI_AD-c'!$E38*'IW+f'!E38 -> 6288.5001 | F36: ='LCI_AD-c'!$E38*'IW+f'!F38 -> 2.9412656e-05 | G36: ='LCI_AD-c'!$E38*'IW+f'!G38 -> 10.400766
A37: Use of biomethane | H37: biomethane and natural gas are converted into heat
B38: CO2 fossil | C38: ='LCI_AD-c'!E40*'IW+f'!C26 -> -260.85437
A40: Total impact | C40: =C5+C25-C31+C38 -> -350.68147 | D40: =D5+D25-D31+D38 -> 191.65018 | E40: =E5+E25-E31+E38 -> -7151.7663 | F40: =F5+F25-F31+F38 -> 0.0015264186 | G40: =G5+G25-G31+G38 -> -76.086351
A44: Process | C44: Climate change, ecosystem quality, long term | D44: Climate change, ecosystem quality, short term | E44: Climate change, human health, long term | F44: Climate change, human health, short term | G44: Fisheries impact | H44: Freshwater acidification | I44: Freshwater ecotoxicity, long term | J44: Freshwater ecotoxicity, short term | K44: Freshwater eutrophication | L44: Human toxicity cancer, long term | M44: Human toxicity cancer, short term | N44: Human toxicity non-cancer, long term | O44: Human toxicity non-cancer, short term | P44: Ionizing radiations, ecosystem quality | Q44: Ionizing radiations, human health | R44: Land occupation, biodiversity | S44: Land transformation, biodiversity | T44: Marine acidification, long term | U44: Marine acidification, short term | V44: Marine ecotoxicity, long term | W44: Marine ecotoxicity, short term | X44: Marine eutrophication | Y44: Ozone layer depletion | Z44: Particulate matter formation | AA44: Photochemical ozone formation, ecosystem quality | AB44: Photochemical ozone formation, human health | AC44: Terrestrial acidification | AD44: Terrestrial ecotoxicity, long term | AE44: Terrestrial ecotoxicity, short term | AF44: Thermally polluted water | AG44: Total ecosystem quality | AH44: Total human health | AI44: Water availability, freshwater ecosystem | AJ44: Water availability, human health | AK44: Water availability, terrestrial ecosystem
A45: AD | C45: =SUM(C47:C64) -> #REF! | D45: =SUM(D47:D64) -> #REF! | E45: =SUM(E47:E64) -> #REF! | F45: =SUM(F47:F64) -> #REF! | G45: =SUM(G47:G64) -> 6.4718763e-17 | H45: =SUM(H47:H64) -> 0.31222424 | I45: =SUM(I47:I64) -> 28.411535 | J45: =SUM(J47:J64) -> 0.88123223 | ... AK45: =SUM(AK47:AK64) -> 0.0016156732
A46: Pretreatment
B47: Electricity consumption | C47: ='LCIA_AD-a'!C47 -> #REF! | D47: ='LCIA_AD-a'!D47 -> #REF! | E47: ='LCIA_AD-a'!E47 -> #REF! | F47: ='LCIA_AD-a'!F47 -> #REF! | G47: ='LCIA_AD-a'!G47 -> 9.0040098e-20 | H47: ='LCIA_AD-a'!H47 -> 0.0051931115 | I47: ='LCIA_AD-a'!I47 -> 0.24839019 | J47: ='LCIA_AD-a'!J47 -> 0.012340834 | ... AK47: ='LCIA_AD-a'!AK47 -> 1.4715139e-05
B48: Water consumption | C48: ='LCIA_AD-a'!C48 -> #REF! | D48: ='LCIA_AD-a'!D48 -> #REF! | E48: ='LCIA_AD-a'!E48 -> #REF! | F48: ='LCIA_AD-a'!F48 -> #REF! | G48: ='LCIA_AD-a'!G48 -> 0 | H48: ='LCIA_AD-a'!H48 -> 0 | I48: ='LCIA_AD-a'!I48 -> 0 | J48: ='LCIA_AD-a'!J48 -> 0 | ... AK48: ='LCIA_AD-a'!AK48 -> 0
A49: Incineration
B50: Transport | C50: ='LCIA_AD-a'!C50 -> #REF! | D50: ='LCIA_AD-a'!D50 -> #REF! | E50: ='LCIA_AD-a'!E50 -> #REF! | F50: ='LCIA_AD-a'!F50 -> #REF! | G50: ='LCIA_AD-a'!G50 -> 3.4259653e-19 | H50: ='LCIA_AD-a'!H50 -> 0.0019088749 | I50: ='LCIA_AD-a'!I50 -> 0.021165975 | J50: ='LCIA_AD-a'!J50 -> 0.007784244 | ... AK50: ='LCIA_AD-a'!AK50 -> 6.4212373e-06
B51: Incineration | C51: ='LCIA_AD-a'!C51 -> #REF! | D51: ='LCIA_AD-a'!D51 -> #REF! | E51: ='LCIA_AD-a'!E51 -> #REF! | F51: ='LCIA_AD-a'!F51 -> #REF! | G51: ='LCIA_AD-a'!G51 -> 1.3417015e-18 | H51: ='LCIA_AD-a'!H51 -> 0.070661974 | I51: ='LCIA_AD-a'!I51 -> 0.93416719 | J51: ='LCIA_AD-a'!J51 -> 0.11947233 | ... AK51: ='LCIA_AD-a'!AK51 -> 0.00021385693
A52: AD
B53: Electricity | C53: ='LCIA_AD-a'!C53 -> #REF! | D53: ='LCIA_AD-a'!D53 -> #REF! | E53: ='LCIA_AD-a'!E53 -> #REF! | F53: ='LCIA_AD-a'!F53 -> #REF! | G53: ='LCIA_AD-a'!G53 -> 2.0146246e-19 | H53: ='LCIA_AD-a'!H53 -> 0.011619457 | I53: ='LCIA_AD-a'!I53 -> 0.55576682 | J53: ='LCIA_AD-a'!J53 -> 0.027612306 | ... AK53: ='LCIA_AD-a'!AK53 -> 3.2924756e-05
B54: Heat | C54: ='LCIA_AD-a'!C54 -> #REF! | D54: ='LCIA_AD-a'!D54 -> #REF! | E54: ='LCIA_AD-a'!E54 -> #REF! | F54: ='LCIA_AD-a'!F54 -> #REF! | G54: ='LCIA_AD-a'!G54 -> 2.7159126e-17 | H54: ='LCIA_AD-a'!H54 -> 0.03938443 | I54: ='LCIA_AD-a'!I54 -> 1.1164092 | J54: ='LCIA_AD-a'!J54 -> 0.14465945 | ... AK54: ='LCIA_AD-a'!AK54 -> 0.00013677242
B55: CH4 | C55: ='LCIA_AD-a'!C55 -> #REF! | D55: ='LCIA_AD-a'!D55 -> #REF! | E55: ='LCIA_AD-a'!E55 -> #REF! | F55: ='LCIA_AD-a'!F55 -> #REF! | G55: ='LCIA_AD-a'!G55 -> 0 | H55: ='LCIA_AD-a'!H55 -> 0 | I55: ='LCIA_AD-a'!I55 -> 0 | J55: ='LCIA_AD-a'!J55 -> 0 | ... AK55: ='LCIA_AD-a'!AK55 -> 0
A56: Biogas upgrading
B57: CH4 | C57: ='LCI_AD-c'!$E17*'IW+_end'!#REF! -> #REF! | D57: ='LCI_AD-c'!$E17*'IW+_end'!#REF! -> #REF! | E57: ='LCI_AD-c'!$E17*'IW+_end'!#REF! -> #REF! | F57: ='LCI_AD-c'!$E17*'IW+_end'!#REF! -> #REF! | G57: ='LCI_AD-c'!$E17*'IW+_end'!C12 -> 0 | H57: ='LCI_AD-c'!$E17*'IW+_end'!D12 -> 0 | I57: ='LCI_AD-c'!$E17*'IW+_end'!E12 -> 0 | J57: ='LCI_AD-c'!$E17*'IW+_end'!F12 -> 0 | K57: ='LCI_AD-c'!$E17*'IW+_end'!G12 -> 0 | L57: ='LCI_AD-c'!$E17*'IW+_end'!H12 -> 0 | M57: ='LCI_AD-c'!$E17*'IW+_end'!I12 -> 0 | N57: ='LCI_AD-c'!$E17*'IW+_end'!J12 -> 0 | ... AK57: ='LCI_AD-c'!$E17*'IW+_end'!AG12 -> 0
B58: H2S | C58: ='LCI_AD-c'!$E18*'IW+_end'!#REF! -> #REF! | D58: ='LCI_AD-c'!$E18*'IW+_end'!#REF! -> #REF! | E58: ='LCI_AD-c'!$E18*'IW+_end'!#REF! -> #REF! | F58: ='LCI_AD-c'!$E18*'IW+_end'!#REF! -> #REF! | G58: ='LCI_AD-c'!$E18*'IW+_end'!C24 -> 0 | H58: ='LCI_AD-c'!$E18*'IW+_end'!D24 -> 0 | I58: ='LCI_AD-c'!$E18*'IW+_end'!E24 -> 0 | J58: ='LCI_AD-c'!$E18*'IW+_end'!F24 -> 0 | K58: ='LCI_AD-c'!$E18*'IW+_end'!G24 -> 0 | L58: ='LCI_AD-c'!$E18*'IW+_end'!H24 -> 0 | M58: ='LCI_AD-c'!$E18*'IW+_end'!I24 -> 0 | N58: ='LCI_AD-c'!$E18*'IW+_end'!J24 -> 0 | ... AK58: ='LCI_AD-c'!$E18*'IW+_end'!AG24 -> 0
B59: Sox | C59: ='LCI_AD-c'!$E19*'IW+_end'!#REF! -> #REF! | D59: ='LCI_AD-c'!$E19*'IW+_end'!#REF! -> #REF! | E59: ='LCI_AD-c'!$E19*'IW+_end'!#REF! -> #REF! | F59: ='LCI_AD-c'!$E19*'IW+_end'!#REF! -> #REF! | G59: ='LCI_AD-c'!$E19*'IW+_end'!C19 -> 0 | H59: ='LCI_AD-c'!$E19*'IW+_end'!D19 -> 0.0035332637 | I59: ='LCI_AD-c'!$E19*'IW+_end'!E19 -> 0 | J59: ='LCI_AD-c'!$E19*'IW+_end'!F19 -> 0 | K59: ='LCI_AD-c'!$E19*'IW+_end'!G19 -> 0 | L59: ='LCI_AD-c'!$E19*'IW+_end'!H19 -> 0 | M59: ='LCI_AD-c'!$E19*'IW+_end'!I19 -> 0 | N59: ='LCI_AD-c'!$E19*'IW+_end'!J19 -> 0 | ... AK59: ='LCI_AD-c'!$E19*'IW+_end'!AG19 -> 0
B60: Electricity | C60: ='LCI_AD-c'!$E20*'IW+_end'!#REF! -> #REF! | D60: ='LCI_AD-c'!$E20*'IW+_end'!#REF! -> #REF! | E60: ='LCI_AD-c'!$E20*'IW+_end'!#REF! -> #REF! | F60: ='LCI_AD-c'!$E20*'IW+_end'!#REF! -> #REF! | G60: ='LCI_AD-c'!$E20*'IW+_end'!C2 -> 6.8635227e-19 | H60: ='LCI_AD-c'!$E20*'IW+_end'!D2 -> 0.03958574 | I60: ='LCI_AD-c'!$E20*'IW+_end'!E2 -> 1.8934139 | J60: ='LCI_AD-c'!$E20*'IW+_end'!F2 -> 0.094070969 | K60: ='LCI_AD-c'!$E20*'IW+_end'!G2 -> 0.00016342967 | L60: ='LCI_AD-c'!$E20*'IW+_end'!H2 -> 6.6329299e-08 | M60: ='LCI_AD-c'!$E20*'IW+_end'!I2 -> 1.265139e-06 | N60: ='LCI_AD-c'!$E20*'IW+_end'!J2 -> 1.4998963e-06 | ... AK60: ='LCI_AD-c'!$E20*'IW+_end'!AG2 -> 0.00011216969
B61: Activated carbon | C61: ='LCI_AD-c'!$E21*'IW+_end'!#REF! -> #REF! | D61: ='LCI_AD-c'!$E21*'IW+_end'!#REF! -> #REF! | E61: ='LCI_AD-c'!$E21*'IW+_end'!#REF! -> #REF! | F61: ='LCI_AD-c'!$E21*'IW+_end'!#REF! -> #REF! | G61: ='LCI_AD-c'!$E21*'IW+_end'!C32 -> 2.3507576e-20 | H61: ='LCI_AD-c'!$E21*'IW+_end'!D32 -> 0.0074756003 | I61: ='LCI_AD-c'!$E21*'IW+_end'!E32 -> 0.095133738 | J61: ='LCI_AD-c'!$E21*'IW+_end'!F32 -> 0.019967998 | K61: ='LCI_AD-c'!$E21*'IW+_end'!G32 -> 3.9185927e-06 | L61: ='LCI_AD-c'!$E21*'IW+_end'!H32 -> 2.3541751e-09 | M61: ='LCI_AD-c'!$E21*'IW+_end'!I32 -> 3.3450673e-08 | N61: ='LCI_AD-c'!$E21*'IW+_end'!J32 -> 7.0753028e-08 | ... AK61: ='LCI_AD-c'!$E21*'IW+_end'!AG32 -> 9.2063165e-05
B62: Zeolite | C62: ='LCI_AD-c'!$E22*'IW+_end'!#REF! -> #REF! | D62: ='LCI_AD-c'!$E22*'IW+_end'!#REF! -> #REF! | E62: ='LCI_AD-c'!$E22*'IW+_end'!#REF! -> #REF! | F62: ='LCI_AD-c'!$E22*'IW+_end'!#REF! -> #REF! | G62: ='LCI_AD-c'!$E22*'IW+_end'!C33 -> 3.4873977e-17 | H62: ='LCI_AD-c'!$E22*'IW+_end'!D33 -> 0.13286179 | I62: ='LCI_AD-c'!$E22*'IW+_end'!E33 -> 23.547088 | J62: ='LCI_AD-c'!$E22*'IW+_end'!F33 -> 0.45532411 | K62: ='LCI_AD-c'!$E22*'IW+_end'!G33 -> 0.0013037103 | L62: ='LCI_AD-c'!$E22*'IW+_end'!H33 -> 1.2315184e-07 | M62: ='LCI_AD-c'!$E22*'IW+_end'!I33 -> 1.6719896e-05 | N62: ='LCI_AD-c'!$E22*'IW+_end'!J33 -> 3.6914062e-06 | ... AK62: ='LCI_AD-c'!$E22*'IW+_end'!AG33 -> 0.0010067499
A63: Storage
B64: CH4 | C64: ='LCIA_AD-a'!C66 -> #REF! | D64: ='LCIA_AD-a'!D66 -> #REF! | E64: ='LCIA_AD-a'!E66 -> #REF! | F64: ='LCIA_AD-a'!F66 -> #REF! | G64: ='LCIA_AD-a'!G66 -> 0 | H64: ='LCIA_AD-a'!H66 -> 0 | I64: ='LCIA_AD-a'!I66 -> 0 | J64: ='LCIA_AD-a'!J66 -> 0 | ... AK64: ='LCIA_AD-a'!AK66 -> 0
A65: Land application of digestate | C65: ='LCIA_AD-a'!C67 -> #REF! | D65: ='LCIA_AD-a'!D67 -> #REF! | E65: ='LCIA_AD-a'!E67 -> #REF! | F65: ='LCIA_AD-a'!F67 -> #REF! | G65: ='LCIA_AD-a'!G67 -> 0 | H65: ='LCIA_AD-a'!H67 -> 7.9951775 | I65: ='LCIA_AD-a'!I67 -> 0 | J65: ='LCIA_AD-a'!J67 -> 0 | ... AK65: ='LCIA_AD-a'!AK67 -> 0
B66: N2O | C66: ='LCIA_AD-a'!C68 -> #REF! | D66: ='LCIA_AD-a'!D68 -> #REF! | E66: ='LCIA_AD-a'!E68 -> #REF! | F66: ='LCIA_AD-a'!F68 -> #REF! | G66: ='LCIA_AD-a'!G68 -> 0 | H66: ='LCIA_AD-a'!H68 -> 0 | I66: ='LCIA_AD-a'!I68 -> 0 | J66: ='LCIA_AD-a'!J68 -> 0 | ... AK66: ='LCIA_AD-a'!AK68 -> 0
B67: NH3 | C67: ='LCIA_AD-a'!C69 -> #REF! | D67: ='LCIA_AD-a'!D69 -> #REF! | E67: ='LCIA_AD-a'!E69 -> #REF! | F67: ='LCIA_AD-a'!F69 -> #REF! | G67: ='LCIA_AD-a'!G69 -> 0 | H67: ='LCIA_AD-a'!H69 -> 7.9951775 | I67: ='LCIA_AD-a'!I69 -> 0 | J67: ='LCIA_AD-a'!J69 -> 0 | ... AK67: ='LCIA_AD-a'!AK69 -> 0
B68: NO3 | C68: ='LCIA_AD-a'!C70 -> #REF! | D68: ='LCIA_AD-a'!D70 -> #REF! | E68: ='LCIA_AD-a'!E70 -> #REF! | F68: ='LCIA_AD-a'!F70 -> #REF! | G68: ='LCIA_AD-a'!G70 -> 0 | H68: ='LCIA_AD-a'!H70 -> 0 | I68: ='LCIA_AD-a'!I70 -> 0 | J68: ='LCIA_AD-a'!J70 -> 0 | ... AK68: ='LCIA_AD-a'!AK70 -> 0
B69: (PO4)3- | C69: ='LCIA_AD-a'!C71 -> #REF! | D69: ='LCIA_AD-a'!D71 -> #REF! | E69: ='LCIA_AD-a'!E71 -> #REF! | F69: ='LCIA_AD-a'!F71 -> #REF! | G69: ='LCIA_AD-a'!G71 -> 0 | H69: ='LCIA_AD-a'!H71 -> 0 | I69: ='LCIA_AD-a'!I71 -> 0 | J69: ='LCIA_AD-a'!J71 -> 0 | ... AK69: ='LCIA_AD-a'!AK71 -> 0
B70: CO2 fossil | C70: ='LCIA_AD-a'!C72 -> #REF! | D70: ='LCIA_AD-a'!D72 -> #REF! | E70: ='LCIA_AD-a'!E72 -> #REF! | F70: ='LCIA_AD-a'!F72 -> #REF! | G70: ='LCIA_AD-a'!G72 -> 0 | H70: ='LCIA_AD-a'!H72 -> 0 | I70: ='LCIA_AD-a'!I72 -> 0 | J70: ='LCIA_AD-a'!J72 -> 0 | ... AK70: ='LCIA_AD-a'!AK72 -> 0
A71: Substituted products | C71: =SUM(C72:C76) -> #REF! | D71: =SUM(D72:D76) -> #REF! | E71: =SUM(E72:E76) -> #REF! | F71: =SUM(F72:F76) -> #REF! | G71: =SUM(G72:G76) -> 2.2547004e-16 | H71: =SUM(H72:H76) -> 1.2985616 | I71: =SUM(I72:I76) -> 11.145139 | J71: =SUM(J72:J76) -> 5.1779849 | ... AK71: =SUM(AK72:AK76) -> 0.031928631
B72: N-fertilizer | C72: ='LCIA_AD-a'!C74 -> #REF! | D72: ='LCIA_AD-a'!D74 -> #REF! | E72: ='LCIA_AD-a'!E74 -> #REF! | F72: ='LCIA_AD-a'!F74 -> #REF! | G72: ='LCIA_AD-a'!G74 -> 7.1839059e-17 | H72: ='LCIA_AD-a'!H74 -> 0.15976538 | I72: ='LCIA_AD-a'!I74 -> 1.3286839 | J72: ='LCIA_AD-a'!J74 -> 0.44167282 | ... AK72: ='LCIA_AD-a'!AK74 -> 0.00058054289
B73: P-fertilizer | C73: ='LCIA_AD-a'!C75 -> #REF! | D73: ='LCIA_AD-a'!D75 -> #REF! | E73: ='LCIA_AD-a'!E75 -> #REF! | F73: ='LCIA_AD-a'!F75 -> #REF! | G73: ='LCIA_AD-a'!G75 -> 1.1497481e-16 | H73: ='LCIA_AD-a'!H75 -> 0.70476902 | I73: ='LCIA_AD-a'!I75 -> 3.6906911 | J73: ='LCIA_AD-a'!J75 -> 0.33849636 | ... AK73: ='LCIA_AD-a'!AK75 -> 0.0053968069
B74: K-fertilizer | C74: ='LCIA_AD-a'!C76 -> #REF! | D74: ='LCIA_AD-a'!D76 -> #REF! | E74: ='LCIA_AD-a'!E76 -> #REF! | F74: ='LCIA_AD-a'!F76 -> #REF! | G74: ='LCIA_AD-a'!G76 -> 3.8351252e-17 | H74: ='LCIA_AD-a'!H76 -> 0.090501306 | I74: ='LCIA_AD-a'!I76 -> 2.4469188 | J74: ='LCIA_AD-a'!J76 -> 0.25452118 | ... AK74: ='LCIA_AD-a'!AK76 -> 0.00028604009
B75: Peat | C75: ='LCIA_AD-a'!C77 -> #REF! | D75: ='LCIA_AD-a'!D77 -> #REF! | E75: ='LCIA_AD-a'!E77 -> #REF! | F75: ='LCIA_AD-a'!F77 -> #REF! | G75: ='LCIA_AD-a'!G77 -> 3.0491391e-19 | H75: ='LCIA_AD-a'!H77 -> 0.010461462 | I75: ='LCIA_AD-a'!I77 -> 0.11901578 | J75: ='LCIA_AD-a'!J77 -> 0.049089924 | ... AK75: ='LCIA_AD-a'!AK77 -> 0.023202532
B76: Gas | C76: ='LCI_AD-c'!$E38*'IW+_end'!#REF! -> #REF! | D76: ='LCI_AD-c'!$E38*'IW+_end'!#REF! -> #REF! | E76: ='LCI_AD-c'!$E38*'IW+_end'!#REF! -> #REF! | F76: ='LCI_AD-c'!$E38*'IW+_end'!#REF! -> #REF! | G76: ='LCI_AD-c'!$E38*'IW+_end'!C38 -> 0 | H76: ='LCI_AD-c'!$E38*'IW+_end'!D38 -> 0.33306443 | I76: ='LCI_AD-c'!$E38*'IW+_end'!E38 -> 3.5598291 | J76: ='LCI_AD-c'!$E38*'IW+_end'!F38 -> 4.0942046 | K76: ='LCI_AD-c'!$E38*'IW+_end'!G38 -> 0.00053385442 | L76: ='LCI_AD-c'!$E38*'IW+_end'!H38 -> 1.9750765e-07 | M76: ='LCI_AD-c'!$E38*'IW+_end'!I38 -> 1.6254064e-06 | N76: ='LCI_AD-c'!$E38*'IW+_end'!J38 -> 5.8569838e-06 | ... AK76: ='LCI_AD-c'!$E38*'IW+_end'!AG38 -> 0.0024627097
A77: Use of biomethane
B78: CO2 fossil | C78: ='LCI_AD-c'!$E40*'IW+_end'!#REF! -> #REF! | D78: ='LCI_AD-c'!$E40*'IW+_end'!#REF! -> #REF! | E78: ='LCI_AD-c'!$E40*'IW+_end'!#REF! -> #REF! | F78: ='LCI_AD-c'!$E40*'IW+_end'!#REF! -> #REF! | G78: ='LCI_AD-c'!$E40*'IW+_end'!C26 -> 0 | H78: ='LCI_AD-c'!$E40*'IW+_end'!D26 -> 0 | I78: ='LCI_AD-c'!$E40*'IW+_end'!E26 -> 0 | J78: ='LCI_AD-c'!$E40*'IW+_end'!F26 -> 0 | K78: ='LCI_AD-c'!$E40*'IW+_end'!G26 -> 0 | L78: ='LCI_AD-c'!$E40*'IW+_end'!H26 -> 0 | M78: ='LCI_AD-c'!$E40*'IW+_end'!I26 -> 0 | N78: ='LCI_AD-c'!$E40*'IW+_end'!J26 -> 0 | ... AK78: ='LCI_AD-c'!$E40*'IW+_end'!AG26 -> 0
A80: Total | C80: =C45+C65-C71+C78 -> #REF! | D80: =D45+D65-D71+D78 -> #REF! | E80: =E45+E65-E71+E78 -> #REF! | F80: =F45+F65-F71+F78 -> #REF! | G80: =G45+G65-G71+G78 -> -1.6075127e-16 | H80: =H45+H65-H71+H78 -> 7.0088401 | I80: =I45+I65-I71+I78 -> 17.266396 | J80: =J45+J65-J71+J78 -> -4.2967526 | ... AK80: =AK45+AK65-AK71+AK78 -> -0.030312958

Sheet LCIA_AD-d
A3: IMPACT WORLD + FOOTPRINT
A4: Process | C4: Carbon footprint | D4: Ecosystem quality (residual) | E4: Energetic resource depletion | F4: Human health (residual) | G4: Water footprint - Scarcity
A5: AD | C5: =SUM(C6,C9,C12,C16,C23,C26) -> 150.20131 | D5: =SUM(D6,D9,D12,D16,D23,D26) -> 17.579183 | E5: =SUM(E6,E9,E12,E16,E23,E26) -> 1771.9129 | F5: =SUM(F6,F9,F12,F16,F23,F26) -> 0.00018730311 | G5: =SUM(G6,G9,G12,G16,G23,G26) -> 35.078615
A6: Pretreatment | C6: =SUM(C7:C8) -> 0.7761065 | D6: =SUM(D7:D8) -> 0.11916921 | E6: =SUM(E7:E8) -> 116.96083 | F6: =SUM(F7:F8) -> 7.7420483e-07 | G6: =SUM(G7:G8) -> 1.2592267
B7: Electricity consumption | C7: ='LCI_AD-d'!$E4*'IW+f'!C2 -> 0.7761065 | D7: ='LCI_AD-d'!$E4*'IW+f'!D2 -> 0.11916921 | E7: ='LCI_AD-d'!$E4*'IW+f'!E2 -> 116.96083 | F7: ='LCI_AD-d'!$E4*'IW+f'!F2 -> 7.7420483e-07 | G7: ='LCI_AD-d'!$E4*'IW+f'!G2 -> 1.2592267
B8: Water consumption | C8: ='LCI_AD-d'!$E5*'IW+f'!C3 -> 0 | D8: ='LCI_AD-d'!$E5*'IW+f'!D3 -> 0 | E8: ='LCI_AD-d'!$E5*'IW+f'!E3 -> 0 | F8: ='LCI_AD-d'!$E5*'IW+f'!F3 -> 0 | G8: ='LCI_AD-d'!$E5*'IW+f'!G3 -> 0
A9: Incineration | C9: =SUM(C10:C11) -> 9.4912725 | D9: =SUM(D10:D11) -> 1.7760545 | E9: =SUM(E10:E11) -> 70.109594 | F9: =SUM(F10:F11) -> 3.9183036e-05 | G9: =SUM(G10:G11) -> 10.01854
B10: Transport | C10: ='LCI_AD-d'!$E7*'IW+f'!C4 -> 0.43472979 | D10: ='LCI_AD-d'!$E7*'IW+f'!D4 -> 0.063594202 | E10: ='LCI_AD-d'!$E7*'IW+f'!E4 -> 6.576112 | F10: ='LCI_AD-d'!$E7*'IW+f'!F4 -> 3.4579966e-07 | G10: ='LCI_AD-d'!$E7*'IW+f'!G4 -> 0.039223403
B11: Incineration | C11: ='LCI_AD-d'!$E8*'IW+f'!C5 -> 9.0565427 | D11: ='LCI_AD-d'!$E8*'IW+f'!D5 -> 1.7124603 | E11: ='LCI_AD-d'!$E8*'IW+f'!E5 -> 63.533482 | F11: ='LCI_AD-d'!$E8*'IW+f'!F5 -> 3.8837236e-05 | G11: ='LCI_AD-d'!$E8*'IW+f'!G5 -> 9.9793169
A12: AD | C12: =SUM(C13:C15) -> 52.248712 | D12: =SUM(D13:D15) -> 2.7873234 | E12: =SUM(E13:E15) -> 416.86802 | F12: =SUM(F13:F15) -> 4.5598348e-05 | G12: =SUM(G13:G15) -> 4.3060094
B13: Electricity | C13: ='LCI_AD-d'!$E10*'IW+f'!C2 -> 1.7365189 | D13: ='LCI_AD-d'!$E10*'IW+f'!D2 -> 0.26663811 | E13: ='LCI_AD-d'!$E10*'IW+f'!E2 -> 261.69692 | F13: ='LCI_AD-d'!$E10*'IW+f'!F2 -> 1.7322639e-06 | G13: ='LCI_AD-d'!$E10*'IW+f'!G2 -> 2.8174882
B14: Heat | C14: ='LCI_AD-d'!$E11*'IW+f'!C11 -> 9.6923673 | D14: ='LCI_AD-d'!$E11*'IW+f'!D11 -> 2.5206853 | E14: ='LCI_AD-d'!$E11*'IW+f'!E11 -> 155.1711 | F14: ='LCI_AD-d'!$E11*'IW+f'!F11 -> 4.3866084e-05 | G14: ='LCI_AD-d'!$E11*'IW+f'!G11 -> 1.4885212
B15: CH4 | C15: ='LCI_AD-d'!$E12*'IW+f'!C12 -> 40.819826 | D15: ='LCI_AD-d'!$E12*'IW+f'!D12 -> 0 | E15: ='LCI_AD-d'!$E12*'IW+f'!E12 -> 0 | F15: ='LCI_AD-d'!$E12*'IW+f'!F12 -> 0 | G15: ='LCI_AD-d'!$E12*'IW+f'!G12 -> 0
A16: Biogas upgrading | C16: =SUM(C17:C22) -> 67.422192 | D16: =SUM(D17:D22) -> 3.7790662 | E16: =SUM(E17:E22) -> 1081.6847 | F16: =SUM(F17:F22) -> 4.6055862e-05 | G16: =SUM(G17:G22) -> 18.811574
B17: CH4 | C17: ='LCI_AD-d'!$E17*'IW+f'!C12 -> 46.976728 | D17: ='LCI_AD-d'!$E17*'IW+f'!D12 -> 0 | E17: ='LCI_AD-d'!$E17*'IW+f'!E12 -> 0 | F17: ='LCI_AD-d'!$E17*'IW+f'!F12 -> 0 | G17: ='LCI_AD-d'!$E17*'IW+f'!G12 -> 0
B18: H2S | C18: ='LCI_AD-d'!$E18*'IW+f'!C24 -> 0 | D18: ='LCI_AD-d'!$E18*'IW+f'!D24 -> 0 | E18: ='LCI_AD-d'!$E18*'IW+f'!E24 -> 0 | F18: ='LCI_AD-d'!$E18*'IW+f'!F24 -> 0 | G18: ='LCI_AD-d'!$E18*'IW+f'!G24 -> 0
B19: Sox | C19: ='LCI_AD-d'!$E19*'IW+f'!C19 -> 0 | D19: ='LCI_AD-d'!$E19*'IW+f'!D19 -> 0.02458688 | E19: ='LCI_AD-d'!$E19*'IW+f'!E19 -> 0 | F19: ='LCI_AD-d'!$E19*'IW+f'!F19 -> 1.3714821e-07 | G19: ='LCI_AD-d'!$E19*'IW+f'!G19 -> 0
B20: Electricity | C20: ='LCI_AD-d'!$E20*'IW+f'!C2 -> 5.9160582 | D20: ='LCI_AD-d'!$E20*'IW+f'!D2 -> 0.9083959 | E20: ='LCI_AD-d'!$E20*'IW+f'!E2 -> 891.56201 | F20: ='LCI_AD-d'!$E20*'IW+f'!F2 -> 5.9015623e-06 | G20: ='LCI_AD-d'!$E20*'IW+f'!G2 -> 9.598758
B21: Activated carbon | C21: ='LCI_AD-d'!$E21*'IW+f'!C32 -> 0.6640648 | D21: ='LCI_AD-d'!$E21*'IW+f'!D32 -> 0.11414325 | E21: ='LCI_AD-d'!$E21*'IW+f'!E32 -> 8.3706898 | F21: ='LCI_AD-d'!$E21*'IW+f'!F32 -> 9.7423406e-07 | G21: ='LCI_AD-d'!$E21*'IW+f'!G32 -> 0.083275453
B22: Zeolite | C22: ='LCI_AD-d'!$E22*'IW+f'!C33 -> 13.865341 | D22: ='LCI_AD-d'!$E22*'IW+f'!D33 -> 2.7319401 | E22: ='LCI_AD-d'!$E22*'IW+f'!E33 -> 181.75197 | F22: ='LCI_AD-d'!$E22*'IW+f'!F33 -> 3.9042917e-05 | G22: ='LCI_AD-d'!$E22*'IW+f'!G33 -> 9.1295404
A23: Dewatering | C23: =SUM(C24:C25) -> 0.23986337 | D23: =SUM(D24:D25) -> 0.20397057 | E23: =SUM(E24:E25) -> 24.618326 | F23: =SUM(F24:F25) -> 4.0335814e-07 | G23: =SUM(G24:G25) -> 0.25421574
B24: electricity | C24: ='LCI_AD-d'!$E25*'IW+f'!C2 -> 0.15696911 | D24: ='LCI_AD-d'!$E25*'IW+f'!D2 -> 0.024102213 | E24: ='LCI_AD-d'!$E25*'IW+f'!E2 -> 23.655564 | F24: ='LCI_AD-d'!$E25*'IW+f'!F2 -> 1.5658449e-07 | G24: ='LCI_AD-d'!$E25*'IW+f'!G2 -> 0.25468114
B25: wastewater treatment | C25: ='LCI_AD-d'!$E27*'IW+f'!C34 -> 0.08289426 | D25: ='LCI_AD-d'!$E27*'IW+f'!D34 -> 0.17986836 | E25: ='LCI_AD-d'!$E27*'IW+f'!E34 -> 0.96276199 | F25: ='LCI_AD-d'!$E27*'IW+f'!F34 -> 2.4677365e-07 | G25: ='LCI_AD-d'!$E27*'IW+f'!G34 -> -0.00046540191
A26: Composting of digestate | C26: =SUM(C27:C33) -> 20.023162 | D26: =SUM(D27:D33) -> 8.9135986 | E26: =SUM(E27:E33) -> 61.671424 | F26: =SUM(F27:F33) -> 5.5288301e-05 | G26: =SUM(G27:G33) -> 0.42904899
B27: CH4 | C27: ='LCI_AD-d'!$E29*'IW+f'!C12 -> 2.3821712 | D27: ='LCI_AD-d'!$E29*'IW+f'!D12 -> 0 | E27: ='LCI_AD-d'!$E29*'IW+f'!E12 -> 0 | F27: ='LCI_AD-d'!$E29*'IW+f'!F12 -> 0 | G27: ='LCI_AD-d'!$E29*'IW+f'!G12 -> 0
B28: N2O | C28: ='LCI_AD-d'!$E30*'IW+f'!C20 -> 17.012982 | D28: ='LCI_AD-d'!$E30*'IW+f'!D20 -> 0 | E28: ='LCI_AD-d'!$E30*'IW+f'!E20 -> 0 | F28: ='LCI_AD-d'!$E30*'IW+f'!F20 -> 0 | G28: ='LCI_AD-d'!$E30*'IW+f'!G20 -> 0
B29: NH3 | C29: ='LCI_AD-d'!$E31*'IW+f'!C18 -> 0 | D29: ='LCI_AD-d'!$E31*'IW+f'!D18 -> 5.3456953 | E29: ='LCI_AD-d'!$E31*'IW+f'!E18 -> 0 | F29: ='LCI_AD-d'!$E31*'IW+f'!F18 -> 3.596854e-05 | G29: ='LCI_AD-d'!$E31*'IW+f'!G18 -> 0
B30: NMVOC | C30: ='LCI_AD-d'!$E32*'IW+f'!C23 -> 0 | D30: ='LCI_AD-d'!$E32*'IW+f'!D23 -> 0.078076707 | E30: ='LCI_AD-d'!$E32*'IW+f'!E23 -> 0 | F30: ='LCI_AD-d'!$E32*'IW+f'!F23 -> 5.0595209e-09 | G30: ='LCI_AD-d'!$E32*'IW+f'!G23 -> 0
B31: CO | C31: ='LCI_AD-b'!$E33*'IW+f'!C15 -> 0 | D31: ='LCI_AD-b'!$E33*'IW+f'!D15 -> 3.3758036 | E31: ='LCI_AD-b'!$E33*'IW+f'!E15 -> 0 | F31: ='LCI_AD-b'!$E33*'IW+f'!F15 -> 1.8830589e-05 | G31: ='LCI_AD-b'!$E33*'IW+f'!G15 -> 0
B32: electricity | C32: ='LCI_AD-d'!$E35*'IW+f'!C2 -> 0.24305618 | D32: ='LCI_AD-d'!$E35*'IW+f'!D2 -> 0.037320666 | E32: ='LCI_AD-d'!$E35*'IW+f'!E2 -> 36.62906 | F32: ='LCI_AD-d'!$E35*'IW+f'!F2 -> 2.4246062e-07 | G32: ='LCI_AD-d'!$E35*'IW+f'!G2 -> 0.39435674
B33: diesel | C33: ='LCI_AD-d'!$E36*'IW+f'!C27 -> 0.38495173 | D33: ='LCI_AD-d'!$E36*'IW+f'!D27 -> 0.076702309 | E33: ='LCI_AD-d'!$E36*'IW+f'!E27 -> 25.042364 | F33: ='LCI_AD-d'!$E36*'IW+f'!F27 -> 2.4165125e-07 | G33: ='LCI_AD-d'!$E36*'IW+f'!G27 -> 0.034692256
A34: Land application of compost | C34: =SUM(C35:C39) -> -27.214301 | D34: =SUM(D35:D39) -> 6.6866848 | E34: =SUM(E35:E39) -> 0 | F34: =SUM(F35:F39) -> 1.4004956e-05 | G34: =SUM(G35:G39) -> 0
B35: N2O | C35: ='LCI_AD-d'!$E38*'IW+f'!C20 -> 3.6020203 | D35: ='LCI_AD-d'!$E38*'IW+f'!D20 -> 0 | E35: ='LCI_AD-d'!$E38*'IW+f'!E20 -> 0 | F35: ='LCI_AD-d'!$E38*'IW+f'!F20 -> 0 | G35: ='LCI_AD-d'!$E38*'IW+f'!G20 -> 0
B36: NH3 | C36: ='LCI_AD-d'!$E39*'IW+f'!C18 -> 0 | D36: ='LCI_AD-d'!$E39*'IW+f'!D18 -> 2.0814363 | E36: ='LCI_AD-d'!$E39*'IW+f'!E18 -> 0 | F36: ='LCI_AD-d'!$E39*'IW+f'!F18 -> 1.4004956e-05 | G36: ='LCI_AD-d'!$E39*'IW+f'!G18 -> 0
B37: NO3 | C37: ='LCI_AD-d'!$E40*'IW+f'!C21 -> 0 | D37: ='LCI_AD-d'!$E40*'IW+f'!D21 -> 5.2372358 | E37: ='LCI_AD-d'!$E40*'IW+f'!E21 -> 0 | F37: ='LCI_AD-d'!$E40*'IW+f'!F21 -> 0 | G37: ='LCI_AD-d'!$E40*'IW+f'!G21 -> 0
B38: (PO4)3- | C38: ='LCI_AD-d'!$E41*'IW+f'!C25 -> 0 | D38: ='LCI_AD-d'!$E41*'IW+f'!D25 -> -0.123518 | E38: ='LCI_AD-d'!$E41*'IW+f'!E25 -> 0 | F38: ='LCI_AD-d'!$E41*'IW+f'!F25 -> 0 | G38: ='LCI_AD-d'!$E41*'IW+f'!G25 -> 0
B39: CO2 fossil | C39: ='LCI_AD-d'!$E42*'IW+f'!C26 -> -30.816321 | D39: ='LCI_AD-d'!$E42*'IW+f'!D26 -> -0.5084693 | E39: ='LCI_AD-d'!$E42*'IW+f'!E26 -> 0 | F39: ='LCI_AD-d'!$E42*'IW+f'!F26 -> 0 | G39: ='LCI_AD-d'!$E42*'IW+f'!G26 -> 0
A40: Substituted products | C40: =SUM(C41:C45) -> 127.46671 | D40: =SUM(D41:D45) -> 21.385562 | E40: =SUM(E41:E45) -> 7190.0103 | F40: =SUM(F41:F45) -> 9.1311749e-05 | G40: =SUM(G41:G45) -> 65.554188
B41: N-fertilizer | C41: ='LCI_AD-d'!$E44*'IW+f'!C28 -> 15.522699 | D41: ='LCI_AD-d'!$E44*'IW+f'!D28 -> 2.0596946 | E41: ='LCI_AD-d'!$E44*'IW+f'!E28 -> 228.26827 | F41: ='LCI_AD-d'!$E44*'IW+f'!F28 -> 1.1387282e-05 | G41: ='LCI_AD-d'!$E44*'IW+f'!G28 -> 23.373766
B42: P-fertilizer | C42: ='LCI_AD-d'!$E45*'IW+f'!C30 -> 12.451854 | D42: ='LCI_AD-d'!$E45*'IW+f'!D30 -> 5.8033748 | E42: ='LCI_AD-d'!$E45*'IW+f'!E30 -> 218.3195 | F42: ='LCI_AD-d'!$E45*'IW+f'!F30 -> 4.7898741e-05 | G42: ='LCI_AD-d'!$E45*'IW+f'!G30 -> 29.538178
B43: K-fertilizer | C43: ='LCI_AD-d'!$E46*'IW+f'!C29 -> 1.8991612 | D43: ='LCI_AD-d'!$E46*'IW+f'!D29 -> 0.46221699 | E43: ='LCI_AD-d'!$E46*'IW+f'!E29 -> 30.790657 | F43: ='LCI_AD-d'!$E46*'IW+f'!F29 -> 2.1302278e-06 | G43: ='LCI_AD-d'!$E46*'IW+f'!G29 -> 0.89360271
B44: Peat | C44: ='LCI_AD-d'!$E47*'IW+f'!C31 -> 0.60151873 | D44: ='LCI_AD-d'!$E47*'IW+f'!D31 -> 0.26016692 | E44: ='LCI_AD-d'!$E47*'IW+f'!E31 -> 424.13181 | F44: ='LCI_AD-d'!$E47*'IW+f'!F31 -> 4.8284248e-07 | G44: ='LCI_AD-d'!$E47*'IW+f'!G31 -> 1.3478751
B45: gas | C45: ='LCI_AD-d'!$E48*'IW+f'!C38 -> 96.991474 | D45: ='LCI_AD-d'!$E48*'IW+f'!D38 -> 12.800108 | E45: ='LCI_AD-d'!$E48*'IW+f'!E38 -> 6288.5001 | F45: ='LCI_AD-d'!$E48*'IW+f'!F38 -> 2.9412656e-05 | G45: ='LCI_AD-d'!$E48*'IW+f'!G38 -> 10.400766
A46: Use of biomethane | H46: biomethane and natural gas are converted into heat
B47: CO2 fossil | C47: ='LCI_AD-d'!E50*'IW+f'!C26 -> -260.85437
A49: Total impact | C49: =C5+C34-C40+C47 -> -265.33407 | D49: =D5+D34-D40+D47 -> 2.8803057 | E49: =E5+E34-E40+E47 -> -5418.0974 | F49: =F5+F34-F40+F47 -> 0.00010999632 | G49: =G5+G34-G40+G47 -> -30.475573
A53: Process | C53: Climate change, ecosystem quality, long term | D53: Climate change, ecosystem quality, short term | E53: Climate change, human health, long term | F53: Climate change, human health, short term | G53: Fisheries impact | H53: Freshwater acidification | I53: Freshwater ecotoxicity, long term | J53: Freshwater ecotoxicity, short term | K53: Freshwater eutrophication | L53: Human toxicity cancer, long term | M53: Human toxicity cancer, short term | N53: Human toxicity non-cancer, long term | O53: Human toxicity non-cancer, short term | P53: Ionizing radiations, ecosystem quality | Q53: Ionizing radiations, human health | R53: Land occupation, biodiversity | S53: Land transformation, biodiversity | T53: Marine acidification, long term | U53: Marine acidification, short term | V53: Marine ecotoxicity, long term | W53: Marine ecotoxicity, short term | X53: Marine eutrophication | Y53: Ozone layer depletion | Z53: Particulate matter formation | AA53: Photochemical ozone formation, ecosystem quality | AB53: Photochemical ozone formation, human health | AC53: Terrestrial acidification | AD53: Terrestrial ecotoxicity, long term | AE53: Terrestrial ecotoxicity, short term | AF53: Thermally polluted water | AG53: Total ecosystem quality | AH53: Total human health | AI53: Water availability, freshwater ecosystem | AJ53: Water availability, human health | AK53: Water availability, terrestrial ecosystem
A54: AD | C54: =SUM(C56:C82) -> #REF! | D54: =SUM(D56:D82) -> #REF! | E54: =SUM(E56:E82) -> #REF! | F54: =SUM(F56:F82) -> #REF! | G54: =SUM(G56:G82) -> 6.4815688e-17 | H54: =SUM(H56:H82) -> 0.69257174 | I54: =SUM(I56:I82) -> 29.335646 | J54: =SUM(J56:J82) -> 0.90696287 | ... AK54: =SUM(AK56:AK82) -> 0.0016301802
A55: Pretreatment
B56: Electricity consumption | C56: ='LCIA_AD-c'!C47 -> #REF! | D56: ='LCIA_AD-c'!D47 -> #REF! | E56: ='LCIA_AD-c'!E47 -> #REF! | F56: ='LCIA_AD-c'!F47 -> #REF! | G56: ='LCIA_AD-c'!G47 -> 9.0040098e-20 | H56: ='LCIA_AD-c'!H47 -> 0.0051931115 | I56: ='LCIA_AD-c'!I47 -> 0.24839019 | J56: ='LCIA_AD-c'!J47 -> 0.012340834 | ... AK56: ='LCIA_AD-c'!AK47 -> 1.4715139e-05
B57: Water consumption | C57: ='LCIA_AD-c'!C48 -> #REF! | D57: ='LCIA_AD-c'!D48 -> #REF! | E57: ='LCIA_AD-c'!E48 -> #REF! | F57: ='LCIA_AD-c'!F48 -> #REF! | G57: ='LCIA_AD-c'!G48 -> 0 | H57: ='LCIA_AD-c'!H48 -> 0 | I57: ='LCIA_AD-c'!I48 -> 0 | J57: ='LCIA_AD-c'!J48 -> 0 | ... AK57: ='LCIA_AD-c'!AK48 -> 0
A58: Incineration
B59: Transport | C59: ='LCIA_AD-c'!C50 -> #REF! | D59: ='LCIA_AD-c'!D50 -> #REF! | E59: ='LCIA_AD-c'!E50 -> #REF! | F59: ='LCIA_AD-c'!F50 -> #REF! | G59: ='LCIA_AD-c'!G50 -> 3.4259653e-19 | H59: ='LCIA_AD-c'!H50 -> 0.0019088749 | I59: ='LCIA_AD-c'!I50 -> 0.021165975 | J59: ='LCIA_AD-c'!J50 -> 0.007784244 | ... AK59: ='LCIA_AD-c'!AK50 -> 6.4212373e-06
B60: Incineration | C60: ='LCIA_AD-c'!C51 -> #REF! | D60: ='LCIA_AD-c'!D51 -> #REF! | E60: ='LCIA_AD-c'!E51 -> #REF! | F60: ='LCIA_AD-c'!F51 -> #REF! | G60: ='LCIA_AD-c'!G51 -> 1.3417015e-18 | H60: ='LCIA_AD-c'!H51 -> 0.070661974 | I60: ='LCIA_AD-c'!I51 -> 0.93416719 | J60: ='LCIA_AD-c'!J51 -> 0.11947233 | ... AK60: ='LCIA_AD-c'!AK51 -> 0.00021385693
A61: AD
B62: Electricity | C62: ='LCIA_AD-c'!C53 -> #REF! | D62: ='LCIA_AD-c'!D53 -> #REF! | E62: ='LCIA_AD-c'!E53 -> #REF! | F62: ='LCIA_AD-c'!F53 -> #REF! | G62: ='LCIA_AD-c'!G53 -> 2.0146246e-19 | H62: ='LCIA_AD-c'!H53 -> 0.011619457 | I62: ='LCIA_AD-c'!I53 -> 0.55576682 | J62: ='LCIA_AD-c'!J53 -> 0.027612306 | ... AK62: ='LCIA_AD-c'!AK53 -> 3.2924756e-05
B63: Heat | C63: ='LCIA_AD-c'!C54 -> #REF! | D63: ='LCIA_AD-c'!D54 -> #REF! | E63: ='LCIA_AD-c'!E54 -> #REF! | F63: ='LCIA_AD-c'!F54 -> #REF! | G63: ='LCIA_AD-c'!G54 -> 2.7159126e-17 | H63: ='LCIA_AD-c'!H54 -> 0.03938443 | I63: ='LCIA_AD-c'!I54 -> 1.1164092 | J63: ='LCIA_AD-c'!J54 -> 0.14465945 | ... AK63: ='LCIA_AD-c'!AK54 -> 0.00013677242
B64: CH4 | C64: ='LCIA_AD-c'!C55 -> #REF! | D64: ='LCIA_AD-c'!D55 -> #REF! | E64: ='LCIA_AD-c'!E55 -> #REF! | F64: ='LCIA_AD-c'!F55 -> #REF! | G64: ='LCIA_AD-c'!G55 -> 0 | H64: ='LCIA_AD-c'!H55 -> 0 | I64: ='LCIA_AD-c'!I55 -> 0 | J64: ='LCIA_AD-c'!J55 -> 0 | ... AK64: ='LCIA_AD-c'!AK55 -> 0
A65: Biogas upgrading
