Workbook

Sheet Parametrization
B2: Technology | I2: Pretratment technology
B3: Pretreatement technology | C3: 0 | D3: (don't select if home composting) | I3: 0 | J3: None
B4: Ratio Biowaste/WC | C4: 8_1 | I4: 1 | J4: Drum-screen + Shredder + Piston press
B5: Aeration mode for industrial composting | D5: (don't select if home composting) | I5: 2 | J5: Shredder + Piston press + Screw press
B6: Distance of biowaste collection | C6: 20 | D6: km | I6: 3 | J6: Separation-mill
B7: Distance of compost transport from composting site to land | C7: 20 | D7: km | I7: 4 | J7: Pulp + Drum-screen

Sheet LCI
B1: per kg of biowaste entering the active phase | C1: per kg of total biowaste entering the system
B2: (kg/kgbiowaste) | C2: (kg/kgbio_tot)
A3: direct emissions
A4: CH4 | B4: 0.00034805 | C4: =_xlfn.SWITCH(Parametrization!C3, 1, B4*0.77, 2, B4*0.93, 3, B4*0.99, 4, B4*0.8, B4*1) -> 0.00034805
A5: NH3 | B5: 6.4732e-05 | C5: =_xlfn.SWITCH(Parametrization!C3, 1, B5*0.77, 2, B5*0.93, 3, B5*0.99, 4, B5*0.8, B5*1) -> 6.4732e-05
A6: N2O | B6: 7.0149e-05 | C6: =_xlfn.SWITCH(Parametrization!C3, 1, B6*0.77, 2, B6*0.93, 3, B6*0.99, 4, B6*0.8, B6*1) -> 7.0149e-05
A7: CO2 | B7: 0.4292 | C7: =_xlfn.SWITCH(Parametrization!C3, 1, B7*0.77, 2, B7*0.93, 3, B7*0.99, 4, B7*0.8, B7*1) -> 0.4292
A8: Compost composition
A9: mass of compost | B9: 1.1204 | C9: =_xlfn.SWITCH(Parametrization!C3, 1, B9*0.77, 2, B9*0.93, 3, B9*0.99, 4, B9*0.8, B9*1) -> 1.1204 | I9: compost density | J9: 700 | K9: kg/m3
A10: NO3 | B10: 0.00052332 | C10: =_xlfn.SWITCH(Parametrization!C3, 1, B10*0.77, 2, B10*0.93, 3, B10*0.99, 4, B10*0.8, B10*1) -> 0.00052332 | I10: Peat sub factor | J10: 1 | K10: m3/m3
A11: N-NO3 | B11: 0.00011817 | C11: =_xlfn.SWITCH(Parametrization!C3, 1, B11*0.77, 2, B11*0.93, 3, B11*0.99, 4, B11*0.8, B11*1) -> 0.00011817 | I11: peat density | J11: 200 | K11: kg/m3
A12: NH4 | B12: 0.0103 | C12: =_xlfn.SWITCH(Parametrization!C3, 1, B12*0.77, 2, B12*0.93, 3, B12*0.99, 4, B12*0.8, B12*1) -> 0.0103 | I12: dry fraction of peat | J12: =1-0.56 -> 0.44 | K12: kgsec/kgpeat
A13: N-NH4 | B13: 0.008 | C13: =_xlfn.SWITCH(Parametrization!C3, 1, B13*0.77, 2, B13*0.93, 3, B13*0.99, 4, B13*0.8, B13*1) -> 0.008 | I13: C_tourbe | J13: 0.504 | K13: kg/kgsec
A14: Norg | B14: =0.0000003716+0.0018+0.00080981 -> 0.0026101816 | C14: =_xlfn.SWITCH(Parametrization!C3, 1, B14*0.77, 2, B14*0.93, 3, B14*0.99, 4, B14*0.8, B14*1) -> 0.0026101816 | E14: N_Xi+N_org+N_bio | J14: =J12*J13 -> 0.22176 | K14: kgC/kgpeat
A15: C content | B15: 0.0972 | C15: =_xlfn.SWITCH(Parametrization!C3, 1, B15*0.77, 2, B15*0.93, 3, B15*0.99, 4, B15*0.8, B15*1) -> 0.0972
A16: Substitution
A17: N-fertilizer | B17: 0.011604688 | C17: =_xlfn.SWITCH(Parametrization!C3, 1, B17*0.77, 2, B17*0.93, 3, B17*0.99, 4, B17*0.8, B17*1) -> 0.011604688
A18: NH3 | B18: 0.00036486015 | C18: =_xlfn.SWITCH(Parametrization!C3, 1, B18*0.77, 2, B18*0.93, 3, B18*0.99, 4, B18*0.8, B18*1) -> 0.00036486015
A19: N2O | B19: 0.00013095325 | C19: =_xlfn.SWITCH(Parametrization!C3, 1, B19*0.77, 2, B19*0.93, 3, B19*0.99, 4, B19*0.8, B19*1) -> 0.00013095325
A20: NO3 | B20: 0.013608329 | C20: =_xlfn.SWITCH(Parametrization!C3, 1, B20*0.77, 2, B20*0.93, 3, B20*0.99, 4, B20*0.8, B20*1) -> 0.013608329
A21: P-fertilizer | B21: =[1]Variables!$B$79 -> 0.0034213223 | C21: =_xlfn.SWITCH(Parametrization!C3, 1, B21*0.77, 2, B21*0.93, 3, B21*0.99, 4, B21*0.8, B21*1) -> 0.0034213223
A22: (PO4)3- | B22: =-[1]Variables!$B$77 -> -8.127857e-05 | C22: =_xlfn.SWITCH(Parametrization!C3, 1, B22*0.77, 2, B22*0.93, 3, B22*0.99, 4, B22*0.8, B22*1) -> -8.127857e-05
A23: K-fertilizer | B23: =[1]Variables!$B$82 -> 0.0050218948 | C23: =_xlfn.SWITCH(Parametrization!C3, 1, B23*0.77, 2, B23*0.93, 3, B23*0.99, 4, B23*0.8, B23*1) -> 0.0050218948
A24: Peat | B24: =B25/J14 -> 0.43831169 | C24: =_xlfn.SWITCH(Parametrization!C3, 1, B24*0.77, 2, B24*0.93, 3, B24*0.99, 4, B24*0.8, B24*1) -> 0.43831169
A25: C content of substitued peat | B25: =B15 -> 0.0972 | C25: =_xlfn.SWITCH(Parametrization!C3, 1, B25*0.77, 2, B25*0.93, 3, B25*0.99, 4, B25*0.8, B25*1) -> 0.0972
A26: CO2 | B26: =-B25*(44/12) -> -0.3564 | C26: =_xlfn.SWITCH(Parametrization!C3, 1, B26*0.77, 2, B26*0.93, 3, B26*0.99, 4, B26*0.8, B26*1) -> -0.3564
A28: Rejected biowaste sent to incineration | C28: =_xlfn.SWITCH(Parametrization!C3, 1, 1-0.77, 2, 1-0.93, 3, 1-0.99, 4, 1-0.8, 0) -> 0
A29: Energy consumption
B30: (kWh/kgbiowaste) | C30: (kWh/kgbio_tot)
A31: Electricity consumption for aeration | B31: =_xlfn.SWITCH(Parametrization!C5,"Passive",0,"Active", 0.009,"Turning by machine", 0,0) -> 0 | C31: =_xlfn.SWITCH(Parametrization!C3, 1, B31*0.77, 2, B31*0.93, 3, B31*0.99, 4, B31*0.8, B31*1) -> 0
A32: Electricity consumption for sorting | B32: =_xlfn.SWITCH(Parametrization!C3,1,0.00998,2,0.01249,3,0.009,4,0.02204,0) -> 0 | C32: =_xlfn.SWITCH(Parametrization!C3, 1, B32*0.77, 2, B32*0.93, 3, B32*0.99, 4, B32*0.8, B32*1) -> 0
B33: (l/kgbiowaste) | C33: (l/kgbio_tot)
A34: Diesel consumption | B34: =_xlfn.SWITCH(LCI!C5,"Passive",0.00102,0) -> 0 | C34: =_xlfn.SWITCH(Parametrization!C3, 1, B34*0.77, 2, B34*0.93, 3, B34*0.99, 4, B34*0.8, B34*1) -> 0
C35: tkm/kgbio_tot
A36: Collection of biowaste | C36: =Parametrization!C6*0.001 -> 0.02
A37: Transport of compost | C37: =C9*0.001*Parametrization!C7 -> 0.022408
