Workbook

Sheet Parameters
B2: Ambient temperature | C2: 25°C
B3: Ratio biowaste/WC | C3: 8_1
B4: Pretreatement technology | C4: 1

Sheet raw_data
A1: Category | B1: Name | C1: Mass (kg) | D1: Water(%) | E1: TS(%) | F1: VS (%TS) | G1: Ash(%TS) | H1: Energy (MJ/kgTS) | I1: CH4pot (m3/tonVS) | J1: Cbio (%TS) | K1: Cbioand (%TS) | L1: Cfossil (%TS) | M1: Ca (%TS) | N1: Cl (%TS) | O1: F (%TS) | P1: H (%TS) | Q1: K (%TS) | R1: N (%TS) | S1: Na (%TS) | T1: O (%TS) | U1: P (%TS) | V1: S (%TS) | W1: Ag (%TS) | X1: Al (%TS) | Y1: Ar (%TS) | Z1: As (%TS) | AA1: Au (%TS) | AB1: B (%TS) | AC1: Ba (%TS) | AD1: Be (%TS) | AE1: Bi (%TS) | AF1: Br (%TS) | AG1: Cd (%TS) | AH1: Co (%TS) | AI1: Cr (%TS) | AJ1: Cu (%TS) | AK1: Fe (%TS) | AL1: Ga (%TS) | AM1: Hg (%TS) | AN1: In (%TS) | AO1: Li (%TS) | AP1: Mg (%TS) | AQ1: Mn (%TS) | AR1: Mo (%TS) | AS1: Ni (%TS) | AT1: Pb (%TS) | AU1: Pd (%TS) | AV1: Pt (%TS) | AW1: Sb (%TS) | AX1: Se (%TS) | AY1: Si (%TS) | AZ1: Sn (%TS) | BA1: Sr (%TS) | BB1: Ta (%TS) | BC1: Ti (%TS) | BD1: V (%TS) | BE1: Zn (%TS) | BF1: Zr (%TS) | BG1: Toluene (%TS) | BH1: PAH (%TS) | BI1: Sucrose (%TS) | BJ1: Starch (%TS) | BK1: Cellulose (%TS) | BL1: Hemicellulose (%TS) | BM1: Pectin (%TS) | BN1: Lignin (%TS) | BO1: Proteins (%TS) | BP1: Lipids (%TS) | BQ1: Acetic acid (%TS) | BR1: Carbohydrates (%TS) | BS1: Digestible energy (MJ/kgTS) | BT1: SFU (FU/kgTS) | BU1: Fructose (%TS) | BV1: Glucose (%TS) | BW1: Lactose (%TS) | BX1: Maltose (%TS) | BY1: All sugars (%TS) | BZ1: Energy for humans (MJ/kg TS) | CA1: Alcohol | CB1: OtherVS
A2: Food product | B2: Average Biscuits, DSW | D2: 3.565 | E2: 96.44 | F2: 98.694938 | G2: 1.3050617 | H2: 20.707367 | I2: 558.22695 | J2: 50.939982 | K2: 50.939982 | L2: 0 | M2: 0.0093482694 | N2: 0.30951204 | O2: 0 | P2: 7.3773427 | Q2: 0.051960458 | R2: 1.0321918 | S2: 0.2777654 | T2: 39.344664 | U2: 0.026625621 | V2: 0.20868593 | W2: 0 | X2: 0 | Y2: 0 | Z2: 9.2668024e-08 | AA2: 0 | AB2: 0 | AC2: 0 | AD2: 0 | AE2: 0 | AF2: 0 | AG2: 5.186363e-07 | AH2: 0 | AI2: 8.4504466e-07 | AJ2: 3.3948982e-05 | AK2: 0.00041709092 | AL2: 0 | AM2: 2.2403259e-08 | AN2: 0 | AO2: 0 | AP2: 0.0075552512 | AQ2: 0.00014870774 | AR2: 0 | AS2: 3.3647383e-06 | AT2: 7.6374745e-08 | AU2: 0 | AV2: 0 | AW2: 0 | AX2: 6.9704862e-07 | AY2: 0 | AZ2: 0 | BA2: 0 | BB2: 0 | BC2: 0 | BD2: 0 | BE2: 0.00014820016 | BF2: 0 | BG2: 0 | BH2: 0 | BI2: 21.786321 | BJ2: 30.974587 | BK2: 0.023421589 | BL2: 0 | BM2: 0 | BN2: 0 | BO2: 5.8769672 | BP2: 22.82156 | BQ2: 0 | BR2: 69.986138 | BS2: 20.761268 | BT2: 1.6842894 | BU2: 0.65699032 | BV2: 1.3474234 | BW2: 0.78243838 | BX2: 0.52431828 | BY2: 25.097917 | BZ2: 21.015834 | CA2: 0 | CB2: 13.900911
A3: Food product | B3: Average Cake, DSW | D3: 20.2 | E3: 79.8 | F3: 98.830712 | G3: 1.1692877 | H3: 20.496507 | I3: 557.00194 | J3: 50.344228 | K3: 50.32149 | L3: 0 | M3: 0.026744161 | N3: 0.078472887 | O3: 0 | P3: 7.4438744 | Q3: 0.15348666 | R3: 0.97386995 | S3: 0.28487272 | T3: 40.045504 | U3: 0.035541544 | V3: 0.2014445 | W3: 0 | X3: 0 | Y3: 0 | Z3: 3.2467532e-07 | AA3: 0 | AB3: 0 | AC3: 0 | AD3: 0 | AE3: 0 | AF3: 0 | AG3: 3.1348639e-07 | AH3: 1.6233766e-07 | AI3: 2.4776614e-06 | AJ3: 3.7047143e-05 | AK3: 0.0011067575 | AL3: 0 | AM3: 3.2467532e-08 | AN3: 0 | AO3: 0 | AP3: 0.0057887984 | AQ3: 6.9190785e-05 | AR3: 1.6233766e-06 | AS3: 5.2116867e-06 | AT3: 1.1363636e-06 | AU3: 0 | AV3: 0 | AW3: 0 | AX3: 8.990405e-07 | AY3: 0 | AZ3: 0 | BA3: 0 | BB3: 0 | BC3: 0 | BD3: 0 | BE3: 0.00017183451 | BF3: 0 | BG3: 0 | BH3: 0 | BI3: 9.4432427 | BJ3: 5.1971608 | BK3: 0.016233766 | BL3: 0 | BM3: 0 | BN3: 0.032467532 | BO3: 5.6730357 | BP3: 22.673777 | BQ3: 0 | BR3: 70.467666 | BS3: 20.739432 | BT3: 1.6821017 | BU3: 0.39084314 | BV3: 1.3182643 | BW3: 0.43693957 | BX3: 0.98645747 | BY3: 12.569097 | BZ3: 21.20444 | CA3: 0 | CB3: 52.66229
A4: Food product | B4: Average Pasta, DSA | D4: 28.733333 | E4: 71.266667 | F4: 98.912823 | G4: 1.0871774 | H4: 16.627433 | I4: 439.60034 | J4: 44.503932 | K4: 44.468974 | L4: 0 | M4: 0.033154322 | N4: 0 | O4: 0 | P4: 6.4423206 | Q4: 0.33902514 | R4: 2.5375872 | S4: 0.0046191977 | T4: 45.425526 | U4: 0.23866954 | V4: 0.51336484 | W4: 0 | X4: 0 | Y4: 0 | Z4: 6.6887174e-07 | AA4: 0 | AB4: 0 | AC4: 0 | AD4: 0 | AE4: 0 | AF4: 0 | AG4: 1.9863513e-06 | AH4: 0 | AI4: 3.5663108e-06 | AJ4: 0.0003454591 | AK4: 0.0027096957 | AL4: 0 | AM4: 1.6170526e-07 | AN4: 0 | AO4: 0 | AP4: 0.047375973 | AQ4: 0.00060555806 | AR4: 1.4523947e-05 | AS4: 4.8587922e-06 | AT4: 1.3247486e-06 | AU4: 0 | AV4: 0 | AW4: 0 | AX4: 4.3434705e-06 | AY4: 0 | AZ4: 0 | BA4: 0 | BB4: 0 | BC4: 0 | BD4: 0 | BE4: 0.0014363094 | BF4: 0 | BG4: 0 | BH4: 0 | BI4: 0 | BJ4: 54.724265 | BK4: 0 | BL4: 0 | BM4: 0 | BN4: 0.049915828 | BO4: 14.457268 | BP4: 2.137766 | BQ4: 0 | BR4: 82.317789 | BS4: 18.000149 | BT4: 1.4111714 | BU4: 0 | BV4: 0 | BW4: 0 | BX4: 0 | BY4: 0 | BZ4: 16.63565 | CA4: 0 | CB4: 27.543608
A5: Food product | B5: Average Rice, DSA | D5: 10.642857 | E5: 89.357143 | F5: 97.837284 | G5: 2.1627163 | H5: 16.561773 | I5: 451.67257 | J5: 43.970329 | K5: 43.852377 | L5: 0 | M5: 0.035115715 | N5: 0 | O5: 0 | P5: 6.51878 | Q5: 0.333033 | R5: 1.3621364 | S5: 0.0020752433 | T5: 45.91316 | U5: 0.42288798 | V5: 0.28991477 | W5: 0 | X5: 0 | Y5: 0 | Z5: 8.3391252e-06 | AA5: 0 | AB5: 0 | AC5: 0 | AD5: 0 | AE5: 0 | AF5: 0 | AG5: 1.2352887e-06 | AH5: 0 | AI5: 6.7349075e-07 | AJ5: 0.00012506021 | AK5: 0.0035841636 | AL5: 0 | AM5: 1.4276707e-07 | AN5: 0 | AO5: 0 | AP5: 0.03607487 | AQ5: 0.0012506555 | AR5: 1.2830282e-05 | AS5: 1.5780964e-05 | AT5: 6.5686408e-07 | AU5: 0 | AV5: 0 | AW5: 0 | AX5: 1.9556735e-06 | AY5: 0 | AZ5: 0 | BA5: 0 | BB5: 0 | BC5: 0 | BD5: 0 | BE5: 0.0010742351 | BF5: 0 | BG5: 0 | BH5: 0 | BI5: 0 | BJ5: 23.583093 | BK5: 0.27428377 | BL5: 0 | BM5: 0 | BN5: 0.16842223 | BO5: 8.1645159 | BP5: 4.7013367 | BQ5: 0 | BR5: 85.003295 | BS5: 17.790584 | BT5: 1.3903426 | BU5: 0 | BV5: 0 | BW5: 0 | BX5: 0 | BY5: 0 | BZ5: 17.159497 | CA5: 0 | CB5: 60.945632
A6: Food product | B6: Average Wheat, DSA | D6: 8.7888889 | E6: 91.211111 | F6: 98.452374 | G6: 1.547626 | H6: 19.205826 | I6: 513.9981 | J6: 48.44661 | K6: 48.316321 | L6: 0 | M6: 0.025281767 | N6: 0 | O6: 0 | P6: 7.0319365 | Q6: 0.34678988 | R6: 2.0961754 | S6: 0.080970012 | T6: 40.850813 | U6: 0.28331089 | V6: 0.42891066 | W6: 0 | X6: 0 | Y6: 0 | Z6: 1.4731402e-06 | AA6: 0 | AB6: 0 | AC6: 0 | AD6: 0 | AE6: 0 | AF6: 0 | AG6: 4.7500011e-06 | AH6: 4.9273039e-07 | AI6: 8.9534338e-07 | AJ6: 0.00028574867 | AK6: 0.0021944275 | AL6: 0 | AM6: 1.6107903e-07 | AN6: 0 | AO6: 0 | AP6: 0.084927597 | AQ6: 0.0035022977 | AR6: 1.2286976e-05 | AS6: 2.2185232e-05 | AT6: 1.5234092e-06 | AU6: 0 | AV6: 0 | AW6: 0 | AX6: 1.6339977e-06 | AY6: 0 | AZ6: 0 | BA6: 0 | BB6: 0 | BC6: 0 | BD6: 0 | BE6: 0.0036050704 | BF6: 0 | BG6: 0 | BH6: 0 | BI6: 0.26455858 | BJ6: 34.328419 | BK6: 0.85390644 | BL6: 0 | BM6: 0 | BN6: 0.18603802 | BO6: 12.078888 | BP6: 14.891207 | BQ6: 0 | BR6: 71.469878 | BS6: 19.789689 | BT6: 1.5880389 | BU6: 0 | BV6: 0 | BW6: 0 | BX6: 0 | BY6: 2.134274 | BZ6: 19.095712 | CA6: 0 | CB6: 35.849357
A7: Food product | B7: Average Pizza, DSA | D7: 49.945455 | E7: 50.054545 | F7: 95.69052 | G7: 4.3094795 | H7: 19.347023 | I7: 539.46658 | J7: 47.66761 | K7: 47.66761 | L7: 0 | M7: 0.33650324 | N7: 1.6652305 | O7: 0 | P7: 7.1201828 | Q7: 0.38378207 | R7: 3.3944885 | S7: 1.0079475 | T7: 37.170545 | U7: 0.16864015 | V7: 0.75400961 | W7: 0 | X7: 0 | Y7: 0 | Z7: 5.7461407e-07 | AA7: 0 | AB7: 0 | AC7: 0 | AD7: 0 | AE7: 0 | AF7: 0 | AG7: 1.1835391e-06 | AH7: 0 | AI7: 0 | AJ7: 0.00017869143 | AK7: 0.0026245669 | AL7: 0 | AM7: 0 | AN7: 0 | AO7: 0 | AP7: 0.04289488 | AQ7: 0.00029724404 | AR7: 0 | AS7: 1.9151814e-05 | AT7: 5.4873176e-06 | AU7: 0 | AV7: 0 | AW7: 0 | AX7: 0 | AY7: 0 | AZ7: 0.00011512608 | BA7: 0 | BB7: 0 | BC7: 0 | BD7: 0 | BE7: 0.002576309 | BF7: 0 | BG7: 0 | BH7: 0 | BI7: 0 | BJ7: 0 | BK7: 0 | BL7: 0 | BM7: 0 | BN7: 0 | BO7: 21.234253 | BP7: 17.003306 | BQ7: 0 | BR7: 57.532679 | BS7: 20.293004 | BT7: 1.6379781 | BU7: 0 | BV7: 0 | BW7: 0 | BX7: 0 | BY7: 0 | BZ7: 19.279272 | CA7: 0 | CB7: 57.452962
A8: Food product | B8: Average Sandwich, DSA | D8: 54.807143 | E8: 45.214286 | F8: 95.955611 | G8: 4.0443888 | H8: 20.474825 | I8: 569.0871 | J8: 49.544285 | K8: 49.544285 | L8: 0 | M8: 0.094605715 | N8: 1.5992989 | O8: 0 | P8: 7.3595279 | Q8: 0.43942263 | R8: 3.4280751 | S8: 1.0497923 | T8: 35.279745 | U8: 0.24094319 | V8: 0.7620646 | W8: 0 | X8: 0 | Y8: 0 | Z8: 0 | AA8: 0 | AB8: 0 | AC8: 0 | AD8: 0 | AE8: 0 | AF8: 0 | AG8: 0 | AH8: 0 | AI8: 0 | AJ8: 0.00018661008 | AK8: 0.0017961721 | AL8: 0 | AM8: 0 | AN8: 0 | AO8: 0 | AP8: 0.042365235 | AQ8: 0.0005556966 | AR8: 0 | AS8: 0 | AT8: 0 | AU8: 0 | AV8: 0 | AW8: 0 | AX8: 0 | AY8: 0 | AZ8: 0 | BA8: 0 | BB8: 0 | BC8: 0 | BD8: 0 | BE8: 0.002504109 | BF8: 0 | BG8: 0 | BH8: 0 | BI8: 0 | BJ8: 0 | BK8: 0 | BL8: 0 | BM8: 0 | BN8: 0 | BO8: 21.461096 | BP8: 21.778964 | BQ8: 0 | BR8: 52.711007 | BS8: 21.124451 | BT8: 1.7202082 | BU8: 0 | BV8: 0 | BW8: 0 | BX8: 0 | BY8: 0 | BZ8: 20.315078 | CA8: 0 | CB8: 52.715551
A9: Food product | B9: Average Charcuterie, CHA | D9: 58.366667 | E9: 41.633333 | F9: 91.35092 | G9: 8.6490798 | H9: 25.771842 | I9: 743.09678 | J9: 57.147639 | K9: 57.147639 | L9: 0 | M9: 0.037887324 | N9: 2.7017804 | O9: 0 | P9: 8.2849967 | Q9: 0.59134707 | R9: 6.006137 | S9: 3.1353014 | T9: 19.326851 | U9: 0.46758788 | V9: 1.3316614 | W9: 0 | X9: 0 | Y9: 0 | Z9: 1.2911784e-06 | AA9: 0 | AB9: 0 | AC9: 0 | AD9: 0 | AE9: 0 | AF9: 0 | AG9: 1.7312228e-06 | AH9: 0 | AI9: 1.6161598e-05 | AJ9: 0.00027628314 | AK9: 0.0045496977 | AL9: 0 | AM9: 2.2003784e-07 | AN9: 0 | AO9: 0 | AP9: 0.040439279 | AQ9: 0.00051176912 | AR9: 3.488267e-06 | AS9: 1.2310401e-05 | AT9: 4.8489019e-06 | AU9: 0 | AV9: 0 | AW9: 0 | AX9: 1.9825931e-05 | AY9: 0 | AZ9: 0 | BA9: 0 | BB9: 0 | BC9: 0 | BD9: 0 | BE9: 0.0046431238 | BF9: 0 | BG9: 0 | BH9: 0 | BI9: 0.092709207 | BJ9: 1.035133 | BK9: 0.018784789 | BL9: 0 | BM9: 0 | BN9: 0 | BO9: 37.501957 | BP9: 45.399244 | BQ9: 0 | BR9: 7.8627278 | BS9: 25.175808 | BT9: 2.1208874 | BU9: 0.0035180299 | BV9: 0.0052770449 | BW9: 1.3755239 | BX9: 0 | BY9: 1.4770282 | BZ9: 24.483705 | CA9: 0 | CB9: 5.9187736
A10: Food product | B10: Average Milk, FDP | D10: 80.565217 | E10: 19.443478 | F10: 93.220497 | G10: 6.7795028 | H10: 18.958191 | I10: 539.36806 | J10: 46.486673 | K10: 46.486673 | L10: 0 | M10: 1.026321 | N10: 0.52653571 | O10: 0 | P10: 6.9570373 | Q10: 1.381597 | R10: 4.7143872 | S10: 0.35185081 | T10: 34.490861 | U10: 0.81121297 | V10: 1.0679109 | W10: 0 | X10: 0 | Y10: 0 | Z10: 1.5579565e-06 | AA10: 0 | AB10: 0 | AC10: 0 | AD10: 0 | AE10: 0 | AF10: 0 | AG10: 1.2279418e-07 | AH10: 0 | AI10: 3.8886365e-06 | AJ10: 0.00017927492 | AK10: 0.00056195451 | AL10: 0 | AM10: 2.531861e-07 | AN10: 0 | AO10: 0 | AP10: 0.10978937 | AQ10: 7.230938e-05 | AR10: 3.6269289e-05 | AS10: 2.399125e-05 | AT10: 6.1834328e-07 | AU10: 0 | AV10: 0 | AW10: 0 | AX10: 1.4515024e-05 | AY10: 0 | AZ10: 0 | BA10: 0 | BB10: 0 | BC10: 0 | BD10: 0 | BE10: 0.0036867778 | BF10: 0 | BG10: 0 | BH10: 0 | BI10: 6.7008672 | BJ10: 0 | BK10: 0.36717942 | BL10: 0 | BM10: 0 | BN10: 0 | BO10: 30.074272 | BP10: 15.325597 | BQ10: 0 | BR10: 47.92997 | BS10: 20.165157 | BT10: 1.625334 | BU10: 0.012978585 | BV10: 0.015345975 | BW10: 35.488767 | BX10: 0 | BY10: 43.901765 | BZ10: 18.743301 | CA10: 0 | CB10: 5.235489
A11: Food product | B11: Average Yogurt, FDP | D11: 82.714286 | E11: 17.307143 | F11: 94.551525 | G11: 5.4484746 | H11: 18.695702 | I11: 528.34762 | J11: 46.314213 | K11: 46.314213 | L11: 0 | M11: 0.77588848 | N11: 0.18138609 | O11: 0 | P11: 6.9778276 | Q11: 0.93642367 | R11: 3.5695733 | S11: 0.24323037 | T11: 37.25703 | U11: 0.58585569 | V11: 0.80861236 | W11: 0 | X11: 0 | Y11: 0 | Z11: 8.9581099e-07 | AA11: 0 | AB11: 0 | AC11: 0 | AD11: 0 | AE11: 0 | AF11: 0 | AG11: 7.7509362e-09 | AH11: 0 | AI11: 8.5468234e-07 | AJ11: 7.5072157e-05 | AK11: 0.00032982805 | AL11: 0 | AM11: 8.9581099e-08 | AN11: 0 | AO11: 0 | AP11: 0.07426473 | AQ11: 0.00010493203 | AR11: 7.4918301e-06 | AS11: 1.014079e-05 | AT11: 3.4491666e-07 | AU11: 0 | AV11: 0 | AW11: 0 | AX11: 1.1057634e-05 | AY11: 0 | AZ11: 0 | BA11: 0 | BB11: 0 | BC11: 0 | BD11: 0 | BE11: 0.0028770698 | BF11: 0 | BG11: 0 | BH11: 0 | BI11: 19.664522 | BJ11: 0 | BK11: 0 | BL11: 0 | BM11: 0 | BN11: 0 | BO11: 22.771963 | BP11: 14.839953 | BQ11: 0 | BR11: 57.702942 | BS11: 19.845924 | BT11: 1.5937618 | BU11: 3.9894136 | BV11: 3.6492334 | BW11: 16.6123 | BX11: 0 | BY11: 49.227328 | BZ11: 18.737553 | CA11: 0 | CB11: 13.02414
A12: Food product | B12: Average Egg, FDP | D12: 61.595 | E12: 38.43 | F12: 94.234878 | G12: 5.7651218 | H12: 24.758165 | I12: 691.08826 | J12: 55.79993 | K12: 55.79993 | L12: 0 | M12: 0.20068131 | N12: 1.2544612 | O12: 0 | P12: 8.1767754 | Q12: 0.59446318 | R12: 8.0446397 | S12: 1.3516872 | T12: 21.417606 | U12: 0.69863005 | V12: 1.7860519 | W12: 0 | X12: 0 | Y12: 0 | Z12: 0 | AA12: 0 | AB12: 0 | AC12: 0 | AD12: 0 | AE12: 0 | AF12: 0 | AG12: 3.1847134e-08 | AH12: 0 | AI12: 2.220915e-06 | AJ12: 0.00018822723 | AK12: 0.0071756216 | AL12: 0 | AM12: 0 | AN12: 0 | AO12: 0 | AP12: 0.046230486 | AQ12: 0.00010139695 | AR12: 1.8046709e-06 | AS12: 6.8103871e-07 | AT12: 2.1231423e-07 | AU12: 0 | AV12: 0 | AW12: 0 | AX12: 7.4643817e-05 | AY12: 0 | AZ12: 0 | BA12: 0 | BB12: 0 | BC12: 0 | BD12: 0 | BE12: 0.0045121114 | BF12: 0 | BG12: 0 | BH12: 0 | BI12: 0.99009901 | BJ12: 0 | BK12: 0 | BL12: 0 | BM12: 0 | BN12: 0 | BO12: 50.298402 | BP12: 36.646162 | BQ12: 0 | BR12: 7.2925073 | BS12: 25.087242 | BT12: 2.1121282 | BU12: 0 | BV12: 0.060190775 | BW12: 0 | BX12: 0 | BY12: 1.4988716 | BZ12: 23.344006 | CA12: 0 | CB12: 6.2400246
A13: Food product | B13: Average Cream, FDP | D13: 68.763636 | E13: 31.236364 | F13: 97.638892 | G13: 2.3611085 | H13: 31.362676 | I13: 856.92446 | J13: 67.669335 | K13: 67.669335 | L13: 0 | M13: 0.3690318 | N13: 0.19381621 | O13: 0 | P13: 9.6421633 | Q13: 0.47011397 | R13: 1.9802933 | S13: 0.13925516 | T13: 18.117059 | U13: 0.3148841 | V13: 0.44655179 | W13: 0 | X13: 0 | Y13: 0 | Z13: 1.4280469e-06 | AA13: 0 | AB13: 0 | AC13: 0 | AD13: 0 | AE13: 0 | AF13: 0 | AG13: 7.6850795e-09 | AH13: 0 | AI13: 4.2271129e-07 | AJ13: 7.032549e-05 | AK13: 0.00018205812 | AL13: 0 | AM13: 1.8498989e-07 | AN13: 0 | AO13: 0 | AP13: 0.036728948 | AQ13: 1.8092111e-05 | AR13: 2.0391941e-05 | AS13: 1.3455167e-06 | AT13: 3.4198604e-07 | AU13: 0 | AV13: 0 | AW13: 0 | AX13: 6.9140552e-06 | AY13: 0 | AZ13: 0 | BA13: 0 | BB13: 0 | BC13: 0 | BD13: 0 | BE13: 0.0013065206 | BF13: 0 | BG13: 0 | BH13: 0 | BI13: 0 | BJ13: 0 | BK13: 0 | BL13: 0 | BM13: 0 | BN13: 0 | BO13: 12.575693 | BP13: 70.506909 | BQ13: 0 | BR13: 14.503126 | BS13: 28.708752 | BT13: 2.4702956 | BU13: 0 | BV13: 0.054226475 | BW13: 12.446308 | BX13: 0 | BY13: 13.158772 | BZ13: 30.653309 | CA13: 0 | CB13: 2.0557546
... A45: Food product | B45: Average Cauliflower, F&V | D45: 91.6 | E45: 8.4 | F45: 91.228584 | G45: 8.7714157 | H45: 16.223873 | I45: 472.26846 | J45: 41.641887 | K45: 41.557641 | L45: 0 | M45: 0.29471885 | N45: 0 | O45: 0 | P45: 6.3556871 | Q45: 3.4403914 | R45: 4.7440413 | S45: 0.20449879 | T45: 38.041669 | U45: 0.57861129 | V45: 1.0483981 | W45: 0 | X45: 0 | Y45: 0 | Z45: 2.7172017e-06 | AA45: 0 | AB45: 0 | AC45: 0 | AD45: 0 | AE45: 0 | AF45: 0 | AG45: 7.6352825e-06 | AH45: 0 | AI45: 1.1928339e-05 | AJ45: 0.00050523231 | AK45: 0.004835795 | AL45: 0 | AM45: 9.4210126e-07 | AN45: 0 | AO45: 0 | AP45: 0.1587873 | AQ45: 0.0027667484 | AR45: 0 | AS45: 7.4928134e-05 | AT45: 8.9497106e-06 | AU45: 0 | AV45: 0 | AW45: 0 | AX45: 6.4881175e-06 | AY45: 0 | AZ45: 0 | BA45: 0 | BB45: 0 | BC45: 0 | BD45: 0 | BE45: 0.0031396579 | BF45: 0 | BG45: 0 | BH45: 0 | BI45: 0.72176044 | BJ45: 0.12029341 | BK45: 13.472862 | BL45: 0 | BM45: 0 | BN45: 0.12029341 | BO45: 29.524756 | BP45: 4.8117363 | BQ45: 0 | BR45: 56.490485 | BS45: 18.055889 | BT45: 1.4166231 | BU45: 15.758436 | BV45: 6.1349638 | BW45: 0 | BX45: 0 | BY45: 22.61516 | BZ45: 13.749673 | CA45: 0 | CB45: 20.563483
A46: Food product | B46: Average Artichoke, F&V | C46: 3 | D46: 84.9 | E46: 15.1 | F46: 92.715232 | G46: 7.2847682 | H46: 15.378574 | I46: 442.65 | J46: 40.691911 | K46: 40.691911 | L46: 0 | M46: 0.39735099 | N46: 0 | O46: 0 | P46: 6.2103865 | Q46: 2.6754967 | R46: 3.4635762 | S46: 0.17880795 | T46: 41.97177 | U46: 0.47880795 | V46: 0.77602711 | W46: 0 | X46: 0 | Y46: 0 | Z46: 0 | AA46: 0 | AB46: 0 | AC46: 0 | AD46: 0 | AE46: 0 | AF46: 0 | AG46: 0 | AH46: 0 | AI46: 0 | AJ46: 0 | AK46: 0.0072847682 | AL46: 0 | AM46: 0 | AN46: 0 | AO46: 0 | AP46: 0.23576159 | AQ46: 0 | AR46: 0 | AS46: 0 | AT46: 0 | AU46: 0 | AV46: 0 | AW46: 0 | AX46: 0 | AY46: 0 | AZ46: 0 | BA46: 0 | BB46: 0 | BC46: 0 | BD46: 0 | BE46: 0 | BF46: 0 | BG46: 0 | BH46: 0 | BI46: 0 | BJ46: 0 | BK46: 0 | BL46: 0 | BM46: 0 | BN46: 0 | BO46: 21.854305 | BP46: 1.3245033 | BQ46: 0 | BR46: 69.536424 | BS46: 17.287195 | BT46: 1.3407036 | BU46: 0 | BV46: 0 | BW46: 0 | BX46: 0 | BY46: 0 | BZ46: 14.437086 | CA46: 0 | CB46: 69.536424
A47: Food product | B47: Average Celeriac, F&V | D47: 78.15 | E47: 21.85 | F47: 88.785098 | G47: 11.214902 | H47: 15.692781 | I47: 469.9833 | J47: 40.716249 | K47: 40.530319 | L47: 0 | M47: 0.37498634 | N47: 0 | O47: 0 | P47: 6.1068596 | Q47: 2.1563695 | R47: 2.4823555 | S47: 2.1054709 | T47: 39.205921 | U47: 0.53422375 | V47: 0.55680611 | W47: 0 | X47: 0 | Y47: 0 | Z47: 2.2123894e-06 | AA47: 0 | AB47: 0 | AC47: 0 | AD47: 0 | AE47: 0 | AF47: 0 | AG47: 3.7422703e-05 | AH47: 3.0864198e-06 | AI47: 3.6854037e-05 | AJ47: 0.00049287119 | AK47: 0.0063176008 | AL47: 0 | AM47: 2.5210314e-06 | AN47: 0 | AO47: 0 | AP47: 0.13602098 | AQ47: 0.0012192724 | AR47: 0 | AS47: 5.3873047e-05 | AT47: 1.4701737e-05 | AU47: 0 | AV47: 0 | AW47: 0 | AX47: 1.0144215e-05 | AY47: 0 | AZ47: 0 | BA47: 0 | BB47: 0 | BC47: 0 | BD47: 0 | BE47: 0.0027174151 | BF47: 0 | BG47: 0 | BH47: 0 | BI47: 7.5663717 | BJ47: 1.6371681 | BK47: 6.1504425 | BL47: 0 | BM47: 0 | BN47: 0.26548673 | BO47: 15.680651 | BP47: 6.1113842 | BQ47: 0 | BR47: 66.993062 | BS47: 16.90973 | BT47: 1.303142 | BU47: 0.3539823 | BV47: 0 | BW47: 0 | BX47: 0 | BY47: 7.920354 | BZ47: 14.315115 | CA47: 0 | CB47: 51.019611
A48: Food product | B48: Average Savoy cabbage, F&V | D48: 91 | E48: 9 | F48: 91.111111 | G48: 8.8888889 | H48: 15.100079 | I48: 442.06098 | J48: 39.95739 | K48: 39.95739 | L48: 0 | M48: 0.38888889 | N48: 0 | O48: 0 | P48: 6.100401 | Q48: 2.5555556 | R48: 3.5555556 | S48: 0.31111111 | T48: 41.147489 | U48: 0.46666667 | V48: 0.78909154 | W48: 0 | X48: 0 | Y48: 0 | Z48: 0 | AA48: 0 | AB48: 0 | AC48: 0 | AD48: 0 | AE48: 0 | AF48: 0 | AG48: 0 | AH48: 0 | AI48: 0 | AJ48: 0.00068888889 | AK48: 0.0044444444 | AL48: 0 | AM48: 0 | AN48: 0 | AO48: 0 | AP48: 0.31111111 | AQ48: 0.002 | AR48: 0 | AS48: 2.3333333e-05 | AT48: 0 | AU48: 0 | AV48: 0 | AW48: 0 | AX48: 0 | AY48: 0 | AZ48: 0 | BA48: 0 | BB48: 0 | BC48: 0 | BD48: 0 | BE48: 0.003 | BF48: 0 | BG48: 0 | BH48: 0 | BI48: 0 | BJ48: 0 | BK48: 0 | BL48: 0 | BM48: 0 | BN48: 0 | BO48: 22.222222 | BP48: 1.1111111 | BQ48: 0 | BR48: 67.777778 | BS48: 16.99897 | BT48: 1.3121981 | BU48: 0 | BV48: 0 | BW48: 0 | BX48: 0 | BY48: 0 | BZ48: 12.555556 | CA48: 0 | CB48: 67.777778
A49: Food product | B49: Average Radish, F&V | D49: 94.633333 | E49: 5.3666667 | F49: 86.570015 | G49: 13.429985 | H49: 14.317388 | I49: 441.21876 | J49: 37.986705 | K49: 37.758953 | L49: 0 | M49: 0.70459947 | N49: 0 | O49: 0 | P49: 5.7965177 | Q49: 5.1950196 | R49: 2.4429814 | S49: 0.37667861 | T49: 40.103141 | U49: 0.48485986 | V49: 0.54217574 | W49: 0 | X49: 0 | Y49: 0 | Z49: 0 | AA49: 0 | AB49: 0 | AC49: 0 | AD49: 0 | AE49: 0 | AF49: 0 | AG49: 2.6516573e-05 | AH49: 0 | AI49: 1.3258286e-05 | AJ49: 0.0012273012 | AK49: 0.010379214 | AL49: 0 | AM49: 1.3258286e-06 | AN49: 0 | AO49: 0 | AP49: 0.21629427 | AQ49: 0.0012909659 | AR49: 0 | AS49: 5.3033146e-05 | AT49: 1.3258286e-05 | AU49: 0 | AV49: 0 | AW49: 0 | AX49: 1.3258286e-06 | AY49: 0 | AZ49: 0 | BA49: 0 | BB49: 0 | BC49: 0 | BD49: 0 | BE49: 0.0051517426 | BF49: 0 | BG49: 0 | BH49: 0 | BI49: 0 | BJ49: 0 | BK49: 5.6910569 | BL49: 0 | BM49: 0 | BN49: 0.32520325 | BO49: 15.268634 | BP49: 1.9318892 | BQ49: 0 | BR49: 69.369492 | BS49: 15.808659 | BT49: 1.1941943 | BU49: 3.0894309 | BV49: 7.1544715 | BW49: 0 | BX49: 0 | BY49: 10.243902 | BZ49: 12.853488 | CA49: 0 | CB49: 53.10933
A50: Food product | B50: Average Walnut, F&V | D50: 2.8 | E50: 97.2 | F50: 98.251029 | G50: 1.7489712 | H50: 30.566884 | I50: 830.43455 | J50: 66.457171 | K50: 66.457171 | L50: 0 | M50: 0.085493827 | N50: 0 | O50: 0 | P50: 9.4967726 | Q50: 0.4845679 | R50: 2.7757202 | S50: 0.0041152263 | T50: 19.71128 | U50: 0.3899177 | V50: 0.52240782 | W50: 0 | X50: 0 | Y50: 0 | Z50: 0 | AA50: 0 | AB50: 0 | AC50: 0 | AD50: 0 | AE50: 0 | AF50: 0 | AG50: 7.2016461e-07 | AH50: 0 | AI50: 1.2345679e-06 | AJ50: 0.0013786008 | AK50: 0.0021604938 | AL50: 0 | AM50: 8.2304527e-07 | AN50: 0 | AO50: 0 | AP50: 0.14814815 | AQ50: 0.0021604938 | AR50: 0 | AS50: 0.00032921811 | AT50: 7.0987654e-06 | AU50: 0 | AV50: 0 | AW50: 0 | AX50: 1.7489712e-06 | AY50: 0 | AZ50: 0 | BA50: 0 | BB50: 0 | BC50: 0 | BD50: 0 | BE50: 0.0027777778 | BF50: 0 | BG50: 0 | BH50: 0 | BI50: 0 | BJ50: 0.61728395 | BK50: 0 | BL50: 0 | BM50: 0 | BN50: 0 | BO50: 14.711934 | BP50: 66.152263 | BQ50: 0 | BR50: 17.386831 | BS50: 28.249483 | BT50: 2.4248739 | BU50: 0 | BV50: 0 | BW50: 0 | BX50: 0 | BY50: 2.5720165 | BZ50: 29.41358 | CA50: 0 | CB50: 16.769547
A51: Food product | B51: Average Broccoli, F&V | D51: 88.3 | E51: 11.7 | F51: 90.598291 | G51: 9.4017094 | H51: 16.845553 | I51: 488.23113 | J51: 42.295391 | K51: 42.115818 | L51: 0 | M51: 0.37777778 | N51: 0 | O51: 0 | P51: 6.4694594 | Q51: 3.3589744 | R51: 7.2478632 | S51: 0.068376068 | T51: 33.871554 | U51: 0.74273504 | V51: 1.6085327 | W51: 0 | X51: 0 | Y51: 0 | Z51: 0 | AA51: 0 | AB51: 0 | AC51: 0 | AD51: 0 | AE51: 0 | AF51: 0 | AG51: 0 | AH51: 0 | AI51: 8.5470085e-06 | AJ51: 0.0005982906 | AK51: 0.0060683761 | AL51: 0 | AM51: 0 | AN51: 0 | AO51: 0 | AP51: 0.17692308 | AQ51: 0.004957265 | AR51: 0 | AS51: 7.3504274e-05 | AT51: 0 | AU51: 0 | AV51: 0 | AW51: 0 | AX51: 5.1282051e-06 | AY51: 0 | AZ51: 0 | BA51: 0 | BB51: 0 | BC51: 0 | BD51: 0 | BE51: 0.0033333333 | BF51: 0 | BG51: 0 | BH51: 0 | BI51: 3.4188034 | BJ51: 0 | BK51: 7.0940171 | BL51: 0 | BM51: 0 | BN51: 0.25641026 | BO51: 45.299145 | BP51: 5.1282051 | BQ51: 0 | BR51: 40.17094 | BS51: 18.980988 | BT51: 1.5079972 | BU51: 11.111111 | BV51: 6.8376068 | BW51: 0 | BX51: 0 | BY51: 21.367521 | BZ51: 13.931624 | CA51: 0 | CB51: 11.452991
A52: Food product | B52: Average Pumpkin, F&V | D52: 94.6 | E52: 5.4 | F52: 90.740741 | G52: 9.2592593 | H52: 14.582489 | I52: 437.14286 | J52: 38.966121 | K52: 38.966121 | L52: 0 | M52: 0.37222222 | N52: 0 | O52: 0 | P52: 6.0754022 | Q52: 4.5 | R52: 1.7777778 | S52: 0.037037037 | T52: 43.746302 | U52: 0.61111111 | V52: 0.39454577 | W52: 0 | X52: 0 | Y52: 0 | Z52: 0 | AA52: 0 | AB52: 0 | AC52: 0 | AD52: 0 | AE52: 0 | AF52: 0 | AG52: 0 | AH52: 0 | AI52: 3.7037037e-05 | AJ52: 0.0014814815 | AK52: 0.005 | AL52: 0 | AM52: 0 | AN52: 0 | AO52: 0 | AP52: 0.20740741 | AQ52: 0.00074074074 | AR52: 3.7037037e-05 | AS52: 0 | AT52: 0 | AU52: 0 | AV52: 0 | AW52: 0 | AX52: 0 | AY52: 0 | AZ52: 0 | BA52: 0 | BB52: 0 | BC52: 0 | BD52: 0 | BE52: 0.0037037037 | BF52: 0 | BG52: 0 | BH52: 0 | BI52: 12.962963 | BJ52: 11.111111 | BK52: 0 | BL52: 0 | BM52: 0 | BN52: 0 | BO52: 11.111111 | BP52: 1.8518519 | BQ52: 0 | BR52: 77.777778 | BS52: 16.337653 | BT52: 1.2467938 | BU52: 16.666667 | BV52: 20.37037 | BW52: 0 | BX52: 0 | BY52: 50 | BZ52: 13.888889 | CA52: 0 | CB52: 16.666667
A53: Food product | B53: Average Shallot, F&V | D53: 87.8 | E53: 12.2 | F53: 95.901639 | G53: 4.0983607 | H53: 15.659455 | I53: 438.95299 | J53: 41.611163 | K53: 41.20933 | L53: 0 | M53: 0.18770492 | N53: 0 | O53: 0 | P53: 6.4535065 | Q53: 1.5819672 | R53: 2.0655738 | S53: 0.023770492 | T53: 45.53189 | U53: 0.32868852 | V53: 0.46569337 | W53: 0 | X53: 0 | Y53: 0 | Z53: 2.7868852e-06 | AA53: 0 | AB53: 0 | AC53: 0 | AD53: 0 | AE53: 0 | AF53: 0 | AG53: 1.1803279e-05 | AH53: 0 | AI53: 5.7377049e-06 | AJ53: 0.0005 | AK53: 0.002704918 | AL53: 0 | AM53: 7.3770492e-07 | AN53: 0 | AO53: 0 | AP53: 0.078688525 | AQ53: 0.0018852459 | AR53: 0 | AS53: 2.9098361e-05 | AT53: 2.4590164e-06 | AU53: 0 | AV53: 0 | AW53: 0 | AX53: 4.0983607e-06 | AY53: 0 | AZ53: 0 | BA53: 0 | BB53: 0 | BC53: 0 | BD53: 0 | BE53: 0.0013114754 | BF53: 0 | BG53: 0 | BH53: 0 | BI53: 15.655738 | BJ53: 0 | BK53: 7.0491803 | BL53: 0 | BM53: 0 | BN53: 0.57377049 | BO53: 13.114754 | BP53: 2.4590164 | BQ53: 0 | BR53: 81.147541 | BS53: 17.297552 | BT53: 1.3412301 | BU53: 15 | BV53: 18.360656 | BW53: 0 | BX53: 0 | BY53: 49.016393 | BZ53: 15.409836 | CA53: 0 | CB53: 23.688525
A54: Food product | B54: Average Celery, F&V | D54: 92.9 | E54: 7.1 | F54: 84.507042 | G54: 15.492958 | H54: 13.887309 | I54: 444.41667 | J54: 36.914567 | K54: 36.914567 | L54: 0 | M54: 0.79859155 | N54: 0 | O54: 0 | P54: 5.6765264 | Q54: 4.4788732 | R54: 1.6760563 | S54: 0.87323944 | T54: 40.18308 | U54: 0.42394366 | V54: 0.35008991 | W54: 0 | X54: 0 | Y54: 0 | Z54: 9.8591549e-06 | AA54: 0 | AB54: 0 | AC54: 0 | AD54: 0 | AE54: 0 | AF54: 0 | AG54: 2.2253521e-05 | AH54: 0 | AI54: 2.2535211e-05 | AJ54: 0.0015492958 | AK54: 0.0056338028 | AL54: 0 | AM54: 9.8591549e-07 | AN54: 0 | AO54: 0 | AP54: 0.11267606 | AQ54: 0 | AR54: 0 | AS54: 2.4647887e-05 | AT54: 1.2676056e-05 | AU54: 0 | AV54: 0 | AW54: 0 | AX54: 6.4788732e-07 | AY54: 0 | AZ54: 0 | BA54: 0 | BB54: 0 | BC54: 0 | BD54: 0 | BE54: 0.0014084507 | BF54: 0 | BG54: 0 | BH54: 0 | BI54: 4.2253521 | BJ54: 1.4084507 | BK54: 0 | BL54: 0 | BM54: 0 | BN54: 0 | BO54: 9.8591549 | BP54: 2.8169014 | BQ54: 0 | BR54: 71.830986 | BS54: 15.334245 | BT54: 1.1475569 | BU54: 5.6338028 | BV54: 7.0422535 | BW54: 0 | BX54: 0 | BY54: 16.901408 | BZ54: 12.816901 | CA54: 0 | CB54: 53.521127
A55: Food product | B55: Average Aubergine, F&V | D55: 93.5 | E55: 6.5 | F55: 92.307692 | G55: 7.6923077 | H55: 14.762229 | I55: 437.13333 | J55: 39.340515 | K55: 39.340515 | L55: 0 | M55: 0.12923077 | N55: 0 | O55: 0 | P55: 6.219731 | Q55: 3.6923077 | R55: 2.3230769 | S55: 0.046153846 | T55: 44.313813 | U55: 0.46615385 | V55: 0.49166473 | W55: 0 | X55: 0 | Y55: 0 | Z55: 2.4615385e-06 | AA55: 0 | AB55: 0 | AC55: 0 | AD55: 0 | AE55: 0 | AF55: 0 | AG55: 1.0615385e-05 | AH55: 0 | AI55: 1.0769231e-05 | AJ55: 0.0012307692 | AK55: 0.0061538462 | AL55: 0 | AM55: 1.5384615e-05 | AN55: 0 | AO55: 0 | AP55: 0.15384615 | AQ55: 0.0038461538 | AR55: 0 | AS55: 6.0769231e-06 | AT55: 5.3846154e-06 | AU55: 0 | AV55: 0 | AW55: 0 | AX55: 3.0769231e-06 | AY55: 0 | AZ55: 0 | BA55: 0 | BB55: 0 | BC55: 0 | BD55: 0 | BE55: 0.0024615385 | BF55: 0 | BG55: 0 | BH55: 0 | BI55: 1.5384615 | BJ55: 3.0769231 | BK55: 0 | BL55: 0 | BM55: 0 | BN55: 0 | BO55: 13.846154 | BP55: 1.5384615 | BQ55: 0 | BR55: 76.923077 | BS55: 16.734592 | BT55: 1.2860512 | BU55: 21.538462 | BV55: 21.538462 | BW55: 0 | BX55: 0 | BY55: 44.615385 | BZ55: 12.769231 | CA55: 0 | CB55: 29.230769
A56: Food product | B56: Average Valerian, F&V | D56: 95 | E56: 5 | F56: 89.377784 | G56: 10.622216 | H56: 15.54352 | I56: 463.22917 | J56: 40.35421 | K56: 40.35421 | L56: 0 | M56: 0.56349528 | N56: 0 | O56: 0 | P56: 6.1336624 | Q56: 4.1706604 | R56: 3.8337944 | S56: 0.32354685 | T56: 38.667499 | U56: 0.54203856 | V56: 0.85305032 | W56: 0 | X56: 0 | Y56: 0 | Z56: 5.6737589e-07 | AA56: 0 | AB56: 0 | AC56: 0 | AD56: 0 | AE56: 0 | AF56: 0 | AG56: 1.177305e-05 | AH56: 0 | AI56: 2.8368794e-06 | AJ56: 0.00067088017 | AK56: 0.013752888 | AL56: 0 | AM56: 1.4184397e-07 | AN56: 0 | AO56: 0 | AP56: 0.2273374 | AQ56: 0.0035439952 | AR56: 0 | AS56: 2.9078014e-05 | AT56: 1.4184397e-06 | AU56: 0 | AV56: 0 | AW56: 0 | AX56: 1.4184397e-06 | AY56: 0 | AZ56: 0 | BA56: 0 | BB56: 0 | BC56: 0 | BD56: 0 | BE56: 0.0037789947 | BF56: 0 | BG56: 0 | BH56: 0 | BI56: 0 | BJ56: 0 | BK56: 0 | BL56: 0 | BM56: 0 | BN56: 0 | BO56: 24.023416 | BP56: 3.9216159 | BQ56: 0 | BR56: 62.113025 | BS56: 17.269016 | BT56: 1.3389057 | BU56: 0 | BV56: 0 | BW56: 0 | BX56: 0 | BY56: 0 | BZ56: 13.093174 | CA56: 0 | CB56: 61.432753
A57: Food product | B57: Average Asparagus, F&V | D57: 92.733333 | E57: 7.2666667 | F57: 92.658637 | G57: 7.3413634 | H57: 16.316709 | I57: 464.01859 | J57: 42.148391 | K57: 41.799965 | L57: 0 | M57: 0.27364284 | N57: 0 | O57: 0 | P57: 6.389256 | Q57: 2.9328699 | R57: 4.4965488 | S57: 0.08205717 | T57: 39.203325 | U57: 0.82510998 | V57: 0.99351149 | W57: 0 | X57: 0 | Y57: 0 | Z57: 0 | AA57: 0 | AB57: 0 | AC57: 0 | AD57: 0 | AE57: 0 | AF57: 0 | AG57: 0 | AH57: 0 | AI57: 0 | AJ57: 0.00027363184 | AK57: 0.0024875622 | AL57: 0 | AM57: 0 | AN57: 0 | AO57: 0 | AP57: 0.13051837 | AQ57: 0 | AR57: 0 | AS57: 8.9552239e-05 | AT57: 0 | AU57: 0 | AV57: 0 | AW57: 0 | AX57: 4.9751244e-06 | AY57: 0 | AZ57: 0 | BA57: 0 | BB57: 0 | BC57: 0 | BD57: 0 | BE57: 0.0021890547 | BF57: 0 | BG57: 0 | BH57: 0 | BI57: 0.89552239 | BJ57: 0 | BK57: 3.7313433 | BL57: 0 | BM57: 0 | BN57: 0.49751244 | BO57: 27.979052 | BP57: 4.1416601 | BQ57: 0 | BR57: 60.537924 | BS57: 17.996031 | BT57: 1.4103758 | BU57: 3.3333333 | BV57: 1.5920398 | BW57: 0 | BX57: 0 | BY57: 5.8208955 | BZ57: 14.351514 | CA57: 0 | CB57: 50.488173
A58: Food product | B58: Average Chestnut, F&V | D58: 51.7 | E58: 48.3 | F58: 97.929607 | G58: 2.0703934 | H58: 16.830822 | I58: 452.61734 | J58: 44.820507 | K58: 44.820507 | L58: 0 | M58: 0.064182195 | N58: 0 | O58: 0 | P58: 6.4494291 | Q58: 1.2401656 | R58: 0.66252588 | S58: 0.0082815735 | T58: 45.931875 | U58: 0.15320911 | V58: 0.14703569 | W58: 0 | X58: 0 | Y58: 0 | Z58: 0 | AA58: 0 | AB58: 0 | AC58: 0 | AD58: 0 | AE58: 0 | AF58: 0 | AG58: 0 | AH58: 0 | AI58: 0 | AJ58: 0.00047619048 | AK58: 0.001863354 | AL58: 0 | AM58: 0 | AN58: 0 | AO58: 0 | AP58: 0.078674948 | AQ58: 0.0075983437 | AR58: 0 | AS58: 0 | AT58: 0 | AU58: 0 | AV58: 0 | AW58: 0 | AX58: 0 | AY58: 0 | AZ58: 0 | BA58: 0 | BB58: 0 | BC58: 0 | BD58: 0 | BE58: 0 | BF58: 0 | BG58: 0 | BH58: 0 | BI58: 0 | BJ58: 55.693582 | BK58: 0 | BL58: 0 | BM58: 0 | BN58: 0 | BO58: 4.1407867 | BP58: 5.5900621 | BQ58: 0 | BR58: 88.198758 | BS58: 17.735115 | BT58: 1.3850029 | BU58: 0 | BV58: 0 | BW58: 0 | BX58: 0 | BY58: 14.492754 | BZ58: 16.501035 | CA58: 0 | CB58: 32.505176
... A95: Food product | B95: Average Gourmet, GO | D95: 19.472202 | E95: 80.529048 | F95: 98.634642 | G95: 1.3653575 | H95: 21.471104 | I95: 583.38124 | J95: 51.939992 | K95: 51.934307 | L95: 0 | M95: 0.020778841 | N95: 0.10229926 | O95: 0 | P95: 7.6174645 | Q95: 0.085513611 | R95: 1.0558839 | S95: 0.23300222 | T95: 38.000951 | U95: 0.036856185 | V95: 0.21743078 | W95: 0 | X95: 0 | Y95: 0 | Z95: 1.0433584e-07 | AA95: 0 | AB95: 0 | AC95: 0 | AD95: 0 | AE95: 0 | AF95: 0 | AG95: 2.0803067e-07 | AH95: 4.0584416e-08 | AI95: 8.3067651e-07 | AJ95: 1.7749031e-05 | AK95: 0.00075527896 | AL95: 0 | AM95: 1.3717698e-08 | AN95: 0 | AO95: 0 | AP95: 0.0077500908 | AQ95: 5.4474631e-05 | AR95: 4.0584416e-07 | AS95: 2.1441063e-06 | AT95: 3.031846e-07 | AU95: 0 | AV95: 0 | AW95: 0 | AX95: 4.9064654e-07 | AY95: 0 | AZ95: 0 | BA95: 0 | BB95: 0 | BC95: 0 | BD95: 0 | BE95: 0.00023836204 | BF95: 0 | BG95: 0 | BH95: 0 | BI95: 8.7245987 | BJ95: 9.3919628 | BK95: 0.0099138387 | BL95: 0 | BM95: 0 | BN95: 0.0081168831 | BO95: 6.1232379 | BP95: 26.89539 | BQ95: 0 | BR95: 65.486354 | BS95: 21.4223 | BT95: 1.7496585 | BU95: 0.31417698 | BV95: 0.74380288 | BW95: 0.34624059 | BX95: 0.39254783 | BY95: 10.517944 | BZ95: 21.901754 | CA95: 0 | CB95: 45.684654
A96: Structuring material | B96: Wood chips | D96: 10 | E96: 90 | G96: 2.39 | BK96: 32.9 | BL96: 14.22 | BN96: 31.15
E97: 58.85 | F97: =(47.13/58.85)*100 -> 80.084962 | R97: =(2.13/58.85)*100 -> 3.6193713
B98: Total
A99: ABBREVIATIONS
A100: DSW | B100: Dry sweet
A101: DSA | B101: Dry savoury
A102: CHA | B102: Charcuterie
A103: FDP | B103: Fresh dairy products
A104: F&V | B104: Fruits and vegetables
A105: PO | B105: Poultry
A106: ME | B106: Meat
A107: CH | B107: Cheese
A108: PA | B108: Pastry
A109: BA | B109: Bakery
A110: FI | B110: Fish
A111: LI | B111: Liquids
... A113: Go | B113: Gourmet

Sheet mass_composition
A1: Category | B1: Name | C1: Mass (kg) | D1: Water(kg) | E1: TS(kg) | F1: VS (kg) | G1: Ash(kg) | H1: Energy (MJ/kgTS) | I1: CH4pot (m3/tonVS) | J1: Cbio (kg) | K1: Cbioand (kg) | L1: Cfossil (kg) | M1: Ca (kg) | N1: Cl (kg) | O1: F (kg) | P1: H (kg) | Q1: K (kg) | R1: N (kg) | S1: Na (kg) | T1: O (kg) | U1: P (kg) | V1: S (kg) | W1: Ag (kg) | X1: Al (kg) | Y1: Ar(kg) | Z1: As(kg) | AA1: Au (kg) | AB1: B (kg) | AC1: Ba (kg) | AD1: Be (kg) | AE1: Bi (kg) | AF1: Br (kg) | AG1: Cd (kg) | AH1: Co (kg) | AI1: Cr(kg) | AJ1: Cu (kg) | AK1: Fe (kg) | AL1: Ga(kg) | AM1: Hg (kg) | AN1: In (kg) | AO1: Li (kg) | AP1: Mg (kg) | AQ1: Mn (kg) | AR1: Mo (kg) | AS1: Ni (kg) | AT1: Pb (kg) | AU1: Pd (kg) | AV1: Pt (kg) | AW1: Sb (kg) | AX1: Se (kg) | AY1: Si (kg) | AZ1: Sn (kg) | BA1: Sr (kg) | BB1: Ta(kg) | BC1: Ti (kg) | BD1: V (kg) | BE1: Zn (kg) | BF1: Zr (kg) | BG1: Toluene (kg) | BH1: PAH (%TS) | BI1: Sucrose (%TS) | BJ1: Starch (%TS) | BK1: Cellulose (kg) | BL1: Hemicellulose (kg) | BM1: Pectin (%TS) | BN1: Lignin (kg) | BO1: Proteins (kg) | BP1: Lipids (kg) | BQ1: Acetic acid (%TS) | BR1: Carbohydrates (kg) | BS1: Digestible energy (MJ/kgTS) | BT1: SFU (FU/kgTS) | BU1: Fructose (%TS) | BV1: Glucose (%TS) | BW1: Lactose (%TS) | BX1: Maltose (%TS) | BY1: All sugars (%TS) | BZ1: Energy for humans (MJ/kg TS) | CA1: Alcohol | CB1: OtherVS | CD1: valorgas - waste from Ludlow, UK
A2: Food product | B2: Average Biscuits, DSW | D2: =raw_data!$D2*$C2/100 -> 0 | E2: =raw_data!$E2*$C2/100 -> 0 | F2: =raw_data!$F2*$E2/100 -> 0 | G2: =raw_data!$G2*$E2/100 -> 0 | H2: 20.707367 | I2: 558.22695 | J2: =raw_data!$J2*mass_composition!$E2/100 -> 0 | K2: =raw_data!$K2*mass_composition!$E2/100 -> 0 | L2: =raw_data!$L2*mass_composition!$E2/100 -> 0 | M2: =raw_data!$M2*mass_composition!$E2/100 -> 0 | N2: =raw_data!$N2*mass_composition!$E2/100 -> 0 | O2: =raw_data!$O2*mass_composition!$E2/100 -> 0 | P2: =raw_data!$P2*mass_composition!$E2/100 -> 0 | Q2: =raw_data!$Q2*mass_composition!$E2/100 -> 0 | R2: =raw_data!$R2*mass_composition!$E2/100 -> 0 | S2: =raw_data!$S2*mass_composition!$E2/100 -> 0 | T2: =raw_data!$T2*mass_composition!$E2/100 -> 0 | U2: =raw_data!$U2*mass_composition!$E2/100 -> 0 | V2: =raw_data!$V2*mass_composition!$E2/100 -> 0 | W2: =raw_data!$W2*mass_composition!$E2/100 -> 0 | X2: =raw_data!$X2*mass_composition!$E2/100 -> 0 | Y2: =raw_data!$Y2*mass_composition!$E2/100 -> 0 | Z2: =raw_data!$Z2*mass_composition!$E2/100 -> 0 | AA2: =raw_data!$AA2*mass_composition!$E2/100 -> 0 | AB2: =raw_data!$AB2*mass_composition!$E2/100 -> 0 | AC2: =raw_data!$AC2*mass_composition!$E2/100 -> 0 | AD2: =raw_data!$AD2*mass_composition!$E2/100 -> 0 | AE2: =raw_data!$AE2*mass_composition!$E2/100 -> 0 | AF2: =raw_data!$AF2*mass_composition!$E2/100 -> 0 | AG2: =raw_data!$AG2*mass_composition!$E2/100 -> 0 | AH2: =raw_data!$AH2*mass_composition!$E2/100 -> 0 | AI2: =raw_data!$AI2*mass_composition!$E2/100 -> 0 | AJ2: =raw_data!$AJ2*mass_composition!$E2/100 -> 0 | AK2: =raw_data!$AK2*mass_composition!$E2/100 -> 0 | AL2: =raw_data!$AL2*mass_composition!$E2/100 -> 0 | AM2: =raw_data!$AM2*mass_composition!$E2/100 -> 0 | AN2: =raw_data!$AN2*mass_composition!$E2/100 -> 0 | AO2: =raw_data!$AO2*mass_composition!$E2/100 -> 0 | AP2: =raw_data!$AP2*mass_composition!$E2/100 -> 0 | AQ2: =raw_data!$AQ2*mass_composition!$E2/100 -> 0 | AR2: =raw_data!$AR2*mass_composition!$E2/100 -> 0 | AS2: =raw_data!$AS2*mass_composition!$E2/100 -> 0 | AT2: =raw_data!$AT2*mass_composition!$E2/100 -> 0 | AU2: =raw_data!$AU2*mass_composition!$E2/100 -> 0 | AV2: =raw_data!$AV2*mass_composition!$E2/100 -> 0 | AW2: =raw_data!$AW2*mass_composition!$E2/100 -> 0 | AX2: =raw_data!$AX2*mass_composition!$E2/100 -> 0 | AY2: =raw_data!$AY2*mass_composition!$E2/100 -> 0 | AZ2: =raw_data!$AZ2*mass_composition!$E2/100 -> 0 | BA2: =raw_data!$BA2*mass_composition!$E2/100 -> 0 | BB2: =raw_data!$BB2*mass_composition!$E2/100 -> 0 | BC2: =raw_data!$BC2*mass_composition!$E2/100 -> 0 | BD2: =raw_data!$BD2*mass_composition!$E2/100 -> 0 | BE2: =raw_data!$BE2*mass_composition!$E2/100 -> 0 | BF2: =raw_data!$BF2*mass_composition!$E2/100 -> 0 | BG2: =raw_data!$BG2*mass_composition!$E2/100 -> 0 | BH2: =raw_data!$BF2*mass_composition!$E2/100 -> 0 | BI2: =raw_data!$BF2*mass_composition!$E2/100 -> 0 | BJ2: =raw_data!$BF2*mass_composition!$E2/100 -> 0 | BK2: =raw_data!$BK2*$E2/100 -> 0 | BL2: =raw_data!$BL2*$E2/100 -> 0 | BM2: 0 | BN2: =raw_data!$BN2*$E2/100 -> 0 | BO2: =raw_data!$BO2*$E2/100 -> 0 | BP2: =raw_data!$BP2*$E2/100 -> 0 | BQ2: 0 | BR2: =raw_data!$BR2*$E2/100 -> 0 | BS2: 20.761268 | BT2: 1.6842894 | BU2: 0.65699032 | BV2: 1.3474234 | BW2: 0.78243838 | BX2: 0.52431828 | BY2: 25.097917 | BZ2: 21.015834 | CA2: 0 | CB2: 13.900911
A3: Food product | B3: Average Cake, DSW | D3: =raw_data!$D3*$C3/100 -> 0 | E3: =raw_data!$E3*$C3/100 -> 0 | F3: =raw_data!$F3*$E3/100 -> 0 | G3: =raw_data!$G3*$E3/100 -> 0 | H3: 20.496507 | I3: 557.00194 | J3: =raw_data!$J3*mass_composition!$E3/100 -> 0 | K3: =raw_data!$K3*mass_composition!$E3/100 -> 0 | L3: =raw_data!$L3*mass_composition!$E3/100 -> 0 | M3: =raw_data!$M3*mass_composition!$E3/100 -> 0 | N3: =raw_data!$N3*mass_composition!$E3/100 -> 0 | O3: =raw_data!$O3*mass_composition!$E3/100 -> 0 | P3: =raw_data!$P3*mass_composition!$E3/100 -> 0 | Q3: =raw_data!$Q3*mass_composition!$E3/100 -> 0 | R3: =raw_data!$R3*mass_composition!$E3/100 -> 0 | S3: =raw_data!$S3*mass_composition!$E3/100 -> 0 | T3: =raw_data!$T3*mass_composition!$E3/100 -> 0 | U3: =raw_data!$U3*mass_composition!$E3/100 -> 0 | V3: =raw_data!$V3*mass_composition!$E3/100 -> 0 | W3: =raw_data!$W3*mass_composition!$E3/100 -> 0 | X3: =raw_data!$X3*mass_composition!$E3/100 -> 0 | Y3: =raw_data!$Y3*mass_composition!$E3/100 -> 0 | Z3: =raw_data!$Z3*mass_composition!$E3/100 -> 0 | AA3: =raw_data!$AA3*mass_composition!$E3/100 -> 0 | AB3: =raw_data!$AB3*mass_composition!$E3/100 -> 0 | AC3: =raw_data!$AC3*mass_composition!$E3/100 -> 0 | AD3: =raw_data!$AD3*mass_composition!$E3/100 -> 0 | AE3: =raw_data!$AE3*mass_composition!$E3/100 -> 0 | AF3: =raw_data!$AF3*mass_composition!$E3/100 -> 0 | AG3: =raw_data!$AG3*mass_composition!$E3/100 -> 0 | AH3: =raw_data!$AH3*mass_composition!$E3/100 -> 0 | AI3: =raw_data!$AI3*mass_composition!$E3/100 -> 0 | AJ3: =raw_data!$AJ3*mass_composition!$E3/100 -> 0 | AK3: =raw_data!$AK3*mass_composition!$E3/100 -> 0 | AL3: =raw_data!$AL3*mass_composition!$E3/100 -> 0 | AM3: =raw_data!$AM3*mass_composition!$E3/100 -> 0 | AN3: =raw_data!$AN3*mass_composition!$E3/100 -> 0 | AO3: =raw_data!$AO3*mass_composition!$E3/100 -> 0 | AP3: =raw_data!$AP3*mass_composition!$E3/100 -> 0 | AQ3: =raw_data!$AQ3*mass_composition!$E3/100 -> 0 | AR3: =raw_data!$AR3*mass_composition!$E3/100 -> 0 | AS3: =raw_data!$AS3*mass_composition!$E3/100 -> 0 | AT3: =raw_data!$AT3*mass_composition!$E3/100 -> 0 | AU3: =raw_data!$AU3*mass_composition!$E3/100 -> 0 | AV3: =raw_data!$AV3*mass_composition!$E3/100 -> 0 | AW3: =raw_data!$AW3*mass_composition!$E3/100 -> 0 | AX3: =raw_data!$AX3*mass_composition!$E3/100 -> 0 | AY3: =raw_data!$AY3*mass_composition!$E3/100 -> 0 | AZ3: =raw_data!$AZ3*mass_composition!$E3/100 -> 0 | BA3: =raw_data!$BA3*mass_composition!$E3/100 -> 0 | BB3: =raw_data!$BB3*mass_composition!$E3/100 -> 0 | BC3: =raw_data!$BC3*mass_composition!$E3/100 -> 0 | BD3: =raw_data!$BD3*mass_composition!$E3/100 -> 0 | BE3: =raw_data!$BE3*mass_composition!$E3/100 -> 0 | BF3: =raw_data!$BF3*mass_composition!$E3/100 -> 0 | BG3: =raw_data!$BG3*mass_composition!$E3/100 -> 0 | BH3: 0 | BI3: 9.4432427 | BJ3: 5.1971608 | BK3: =raw_data!$BK3*$E3/100 -> 0 | BL3: =raw_data!$BL3*$E3/100 -> 0 | BM3: 0 | BN3: =raw_data!$BN3*$E3/100 -> 0 | BO3: =raw_data!$BO3*$E3/100 -> 0 | BP3: =raw_data!$BP3*$E3/100 -> 0 | BQ3: 0 | BR3: =raw_data!$BR3*$E3/100 -> 0 | BS3: 20.739432 | BT3: 1.6821017 | BU3: 0.39084314 | BV3: 1.3182643 | BW3: 0.43693957 | BX3: 0.98645747 | BY3: 12.569097 | BZ3: 21.20444 | CA3: 0 | CB3: 52.66229
A4: Food product | B4: Average Pasta, DSA | C4: =26.0249554367201/3 -> 8.6749851 | D4: =raw_data!$D4*$C4/100 -> 2.4926124 | E4: =raw_data!$E4*$C4/100 -> 6.1823727 | F4: =raw_data!$F4*$E4/100 -> 6.1151594 | G4: =raw_data!$G4*$E4/100 -> 0.067213359 | H4: 16.627433 | I4: 439.60034 | J4: =raw_data!$J4*mass_composition!$E4/100 -> 2.751399 | K4: =raw_data!$K4*mass_composition!$E4/100 -> 2.7492377 | L4: =raw_data!$L4*mass_composition!$E4/100 -> 0 | M4: =raw_data!$M4*mass_composition!$E4/100 -> 0.0020497238 | N4: =raw_data!$N4*mass_composition!$E4/100 -> 0 | O4: =raw_data!$O4*mass_composition!$E4/100 -> 0 | P4: =raw_data!$P4*mass_composition!$E4/100 -> 0.39828828 | Q4: =raw_data!$Q4*mass_composition!$E4/100 -> 0.020959798 | R4: =raw_data!$R4*mass_composition!$E4/100 -> 0.1568831 | S4: =raw_data!$S4*mass_composition!$E4/100 -> 0.00028557602 | T4: =raw_data!$T4*mass_composition!$E4/100 -> 2.8083753 | U4: =raw_data!$U4*mass_composition!$E4/100 -> 0.014755441 | V4: =raw_data!$V4*mass_composition!$E4/100 -> 0.031738128 | W4: =raw_data!$W4*mass_composition!$E4/100 -> 0 | X4: =raw_data!$X4*mass_composition!$E4/100 -> 0 | Y4: =raw_data!$Y4*mass_composition!$E4/100 -> 0 | Z4: =raw_data!$Z4*mass_composition!$E4/100 -> 4.1352144e-08 | AA4: =raw_data!$AA4*mass_composition!$E4/100 -> 0 | AB4: =raw_data!$AB4*mass_composition!$E4/100 -> 0 | AC4: =raw_data!$AC4*mass_composition!$E4/100 -> 0 | AD4: =raw_data!$AD4*mass_composition!$E4/100 -> 0 | AE4: =raw_data!$AE4*mass_composition!$E4/100 -> 0 | AF4: =raw_data!$AF4*mass_composition!$E4/100 -> 0 | AG4: =raw_data!$AG4*mass_composition!$E4/100 -> 1.2280364e-07 | AH4: =raw_data!$AH4*mass_composition!$E4/100 -> 0 | AI4: =raw_data!$AI4*mass_composition!$E4/100 -> 2.2048263e-07 | AJ4: =raw_data!$AJ4*mass_composition!$E4/100 -> 2.1357569e-05 | AK4: =raw_data!$AK4*mass_composition!$E4/100 -> 0.00016752349 | AL4: =raw_data!$AL4*mass_composition!$E4/100 -> 0 | AM4: =raw_data!$AM4*mass_composition!$E4/100 -> 9.9972216e-09 | AN4: =raw_data!$AN4*mass_composition!$E4/100 -> 0 | AO4: =raw_data!$AO4*mass_composition!$E4/100 -> 0 | AP4: =raw_data!$AP4*mass_composition!$E4/100 -> 0.0029289592 | AQ4: =raw_data!$AQ4*mass_composition!$E4/100 -> 3.7437857e-05 | AR4: =raw_data!$AR4*mass_composition!$E4/100 -> 8.9792452e-07 | AS4: =raw_data!$AS4*mass_composition!$E4/100 -> 3.0038864e-07 | AT4: =raw_data!$AT4*mass_composition!$E4/100 -> 8.1900895e-08 | AU4: =raw_data!$AU4*mass_composition!$E4/100 -> 0 | AV4: =raw_data!$AV4*mass_composition!$E4/100 -> 0 | AW4: =raw_data!$AW4*mass_composition!$E4/100 -> 0 | AX4: =raw_data!$AX4*mass_composition!$E4/100 -> 2.6852954e-07 | AY4: =raw_data!$AY4*mass_composition!$E4/100 -> 0 | AZ4: =raw_data!$AZ4*mass_composition!$E4/100 -> 0 | BA4: =raw_data!$BA4*mass_composition!$E4/100 -> 0 | BB4: =raw_data!$BB4*mass_composition!$E4/100 -> 0 | BC4: =raw_data!$BC4*mass_composition!$E4/100 -> 0 | BD4: =raw_data!$BD4*mass_composition!$E4/100 -> 0 | BE4: =raw_data!$BE4*mass_composition!$E4/100 -> 8.8798002e-05 | BF4: =raw_data!$BF4*mass_composition!$E4/100 -> 0 | BG4: =raw_data!$BG4*mass_composition!$E4/100 -> 0 | BH4: 0 | BI4: 0 | BJ4: 54.724265 | BK4: =raw_data!$BK4*$E4/100 -> 0 | BL4: =raw_data!$BL4*$E4/100 -> 0 | BM4: 0 | BN4: =raw_data!$BN4*$E4/100 -> 0.0030859825 | BO4: =raw_data!$BO4*$E4/100 -> 0.89380217 | BP4: =raw_data!$BP4*$E4/100 -> 0.13216466 | BQ4: 0 | BR4: =raw_data!$BR4*$E4/100 -> 5.0891925 | BS4: 18.000149 | BT4: 1.4111714 | BU4: 0 | BV4: 0 | BW4: 0 | BX4: 0 | BY4: 0 | BZ4: 16.63565 | CA4: 0 | CB4: 27.543608
A5: Food product | B5: Average Rice, DSA | C5: =26.0249554367201/3 -> 8.6749851 | D5: =raw_data!$D5*$C5/100 -> 0.92326628 | E5: =raw_data!$E5*$C5/100 -> 7.7517189 | F5: =raw_data!$F5*$E5/100 -> 7.5840712 | G5: =raw_data!$G5*$E5/100 -> 0.16764769 | H5: 16.561773 | I5: 451.67257 | J5: =raw_data!$J5*mass_composition!$E5/100 -> 3.4084563 | K5: =raw_data!$K5*mass_composition!$E5/100 -> 3.399313 | L5: =raw_data!$L5*mass_composition!$E5/100 -> 0 | M5: =raw_data!$M5*mass_composition!$E5/100 -> 0.0027220715 | N5: =raw_data!$N5*mass_composition!$E5/100 -> 0 | O5: =raw_data!$O5*mass_composition!$E5/100 -> 0 | P5: =raw_data!$P5*mass_composition!$E5/100 -> 0.5053175 | Q5: =raw_data!$Q5*mass_composition!$E5/100 -> 0.025815782 | R5: =raw_data!$R5*mass_composition!$E5/100 -> 0.10558899 | S5: =raw_data!$S5*mass_composition!$E5/100 -> 0.00016086703 | T5: =raw_data!$T5*mass_composition!$E5/100 -> 3.5590591 | U5: =raw_data!$U5*mass_composition!$E5/100 -> 0.032781087 | V5: =raw_data!$V5*mass_composition!$E5/100 -> 0.022473378 | W5: =raw_data!$W5*mass_composition!$E5/100 -> 0 | X5: =raw_data!$X5*mass_composition!$E5/100 -> 0 | Y5: =raw_data!$Y5*mass_composition!$E5/100 -> 0 | Z5: =raw_data!$Z5*mass_composition!$E5/100 -> 6.4642554e-07 | AA5: =raw_data!$AA5*mass_composition!$E5/100 -> 0 | AB5: =raw_data!$AB5*mass_composition!$E5/100 -> 0 | AC5: =raw_data!$AC5*mass_composition!$E5/100 -> 0 | AD5: =raw_data!$AD5*mass_composition!$E5/100 -> 0 | AE5: =raw_data!$AE5*mass_composition!$E5/100 -> 0 | AF5: =raw_data!$AF5*mass_composition!$E5/100 -> 0 | AG5: =raw_data!$AG5*mass_composition!$E5/100 -> 9.5756111e-08 | AH5: =raw_data!$AH5*mass_composition!$E5/100 -> 0 | AI5: =raw_data!$AI5*mass_composition!$E5/100 -> 5.2207109e-08 | AJ5: =raw_data!$AJ5*mass_composition!$E5/100 -> 9.6943156e-06 | AK5: =raw_data!$AK5*mass_composition!$E5/100 -> 0.00027783428 | AL5: =raw_data!$AL5*mass_composition!$E5/100 -> 0 | AM5: =raw_data!$AM5*mass_composition!$E5/100 -> 1.1066902e-08 | AN5: =raw_data!$AN5*mass_composition!$E5/100 -> 0 | AO5: =raw_data!$AO5*mass_composition!$E5/100 -> 0 | AP5: =raw_data!$AP5*mass_composition!$E5/100 -> 0.0027964225 | AQ5: =raw_data!$AQ5*mass_composition!$E5/100 -> 9.6947301e-05 | AR5: =raw_data!$AR5*mass_composition!$E5/100 -> 9.9456743e-07 | AS5: =raw_data!$AS5*mass_composition!$E5/100 -> 1.2232959e-06 | AT5: =raw_data!$AT5*mass_composition!$E5/100 -> 5.0918256e-08 | AU5: =raw_data!$AU5*mass_composition!$E5/100 -> 0 | AV5: =raw_data!$AV5*mass_composition!$E5/100 -> 0 | AW5: =raw_data!$AW5*mass_composition!$E5/100 -> 0 | AX5: =raw_data!$AX5*mass_composition!$E5/100 -> 1.5159832e-07 | AY5: =raw_data!$AY5*mass_composition!$E5/100 -> 0 | AZ5: =raw_data!$AZ5*mass_composition!$E5/100 -> 0 | BA5: =raw_data!$BA5*mass_composition!$E5/100 -> 0 | BB5: =raw_data!$BB5*mass_composition!$E5/100 -> 0 | BC5: =raw_data!$BC5*mass_composition!$E5/100 -> 0 | BD5: =raw_data!$BD5*mass_composition!$E5/100 -> 0 | BE5: =raw_data!$BE5*mass_composition!$E5/100 -> 8.3271685e-05 | BF5: =raw_data!$BF5*mass_composition!$E5/100 -> 0 | BG5: =raw_data!$BG5*mass_composition!$E5/100 -> 0 | BH5: 0 | BI5: 0 | BJ5: 23.583093 | BK5: =raw_data!$BK5*$E5/100 -> 0.021261707 | BL5: =raw_data!$BL5*$E5/100 -> 0 | BM5: 0 | BN5: =raw_data!$BN5*$E5/100 -> 0.013055618 | BO5: =raw_data!$BO5*$E5/100 -> 0.63289032 | BP5: =raw_data!$BP5*$E5/100 -> 0.3644344 | BQ5: 0 | BR5: =raw_data!$BR5*$E5/100 -> 6.5892164 | BS5: 17.790584 | BT5: 1.3903426 | BU5: 0 | BV5: 0 | BW5: 0 | BX5: 0 | BY5: 0 | BZ5: 17.159497 | CA5: 0 | CB5: 60.945632
A6: Food product | B6: Average Wheat, DSA | C6: =26.0249554367201/3 -> 8.6749851 | D6: =raw_data!$D6*$C6/100 -> 0.76243481 | E6: =raw_data!$E6*$C6/100 -> 7.9125503 | F6: =raw_data!$F6*$E6/100 -> 7.7900937 | G6: =raw_data!$G6*$E6/100 -> 0.12245669 | H6: 19.205826 | I6: 513.9981 | J6: =raw_data!$J6*mass_composition!$E6/100 -> 3.8333624 | K6: =raw_data!$K6*mass_composition!$E6/100 -> 3.8230532 | L6: =raw_data!$L6*mass_composition!$E6/100 -> 0 | M6: =raw_data!$M6*mass_composition!$E6/100 -> 0.0020004325 | N6: =raw_data!$N6*mass_composition!$E6/100 -> 0 | O6: =raw_data!$O6*mass_composition!$E6/100 -> 0 | P6: =raw_data!$P6*mass_composition!$E6/100 -> 0.55640552 | Q6: =raw_data!$Q6*mass_composition!$E6/100 -> 0.027439923 | R6: =raw_data!$R6*mass_composition!$E6/100 -> 0.16586094 | S6: =raw_data!$S6*mass_composition!$E6/100 -> 0.006406793 | T6: =raw_data!$T6*mass_composition!$E6/100 -> 3.2323411 | U6: =raw_data!$U6*mass_composition!$E6/100 -> 0.022417117 | V6: =raw_data!$V6*mass_composition!$E6/100 -> 0.033937772 | W6: =raw_data!$W6*mass_composition!$E6/100 -> 0 | X6: =raw_data!$X6*mass_composition!$E6/100 -> 0 | Y6: =raw_data!$Y6*mass_composition!$E6/100 -> 0 | Z6: =raw_data!$Z6*mass_composition!$E6/100 -> 1.1656296e-07 | AA6: =raw_data!$AA6*mass_composition!$E6/100 -> 0 | AB6: =raw_data!$AB6*mass_composition!$E6/100 -> 0 | AC6: =raw_data!$AC6*mass_composition!$E6/100 -> 0 | AD6: =raw_data!$AD6*mass_composition!$E6/100 -> 0 | AE6: =raw_data!$AE6*mass_composition!$E6/100 -> 0 | AF6: =raw_data!$AF6*mass_composition!$E6/100 -> 0 | AG6: =raw_data!$AG6*mass_composition!$E6/100 -> 3.7584623e-07 | AH6: =raw_data!$AH6*mass_composition!$E6/100 -> 3.898754e-08 | AI6: =raw_data!$AI6*mass_composition!$E6/100 -> 7.0844496e-08 | AJ6: =raw_data!$AJ6*mass_composition!$E6/100 -> 2.2610007e-05 | AK6: =raw_data!$AK6*mass_composition!$E6/100 -> 0.00017363518 | AL6: =raw_data!$AL6*mass_composition!$E6/100 -> 0 | AM6: =raw_data!$AM6*mass_composition!$E6/100 -> 1.274546e-08 | AN6: =raw_data!$AN6*mass_composition!$E6/100 -> 0 | AO6: =raw_data!$AO6*mass_composition!$E6/100 -> 0 | AP6: =raw_data!$AP6*mass_composition!$E6/100 -> 0.0067199389 | AQ6: =raw_data!$AQ6*mass_composition!$E6/100 -> 0.00027712107 | AR6: =raw_data!$AR6*mass_composition!$E6/100 -> 9.7221313e-07 | AS6: =raw_data!$AS6*mass_composition!$E6/100 -> 1.7554177e-06 | AT6: =raw_data!$AT6*mass_composition!$E6/100 -> 1.2054052e-07 | AU6: =raw_data!$AU6*mass_composition!$E6/100 -> 0 | AV6: =raw_data!$AV6*mass_composition!$E6/100 -> 0 | AW6: =raw_data!$AW6*mass_composition!$E6/100 -> 0 | AX6: =raw_data!$AX6*mass_composition!$E6/100 -> 1.2929089e-07 | AY6: =raw_data!$AY6*mass_composition!$E6/100 -> 0 | AZ6: =raw_data!$AZ6*mass_composition!$E6/100 -> 0 | BA6: =raw_data!$BA6*mass_composition!$E6/100 -> 0 | BB6: =raw_data!$BB6*mass_composition!$E6/100 -> 0 | BC6: =raw_data!$BC6*mass_composition!$E6/100 -> 0 | BD6: =raw_data!$BD6*mass_composition!$E6/100 -> 0 | BE6: =raw_data!$BE6*mass_composition!$E6/100 -> 0.00028525301 | BF6: =raw_data!$BF6*mass_composition!$E6/100 -> 0 | BG6: =raw_data!$BG6*mass_composition!$E6/100 -> 0 | BH6: 0 | BI6: 0.26455858 | BJ6: 34.328419 | BK6: =raw_data!$BK6*$E6/100 -> 0.067565777 | BL6: =raw_data!$BL6*$E6/100 -> 0 | BM6: 0 | BN6: =raw_data!$BN6*$E6/100 -> 0.014720352 | BO6: =raw_data!$BO6*$E6/100 -> 0.95574805 | BP6: =raw_data!$BP6*$E6/100 -> 1.1782743 | BQ6: 0 | BR6: =raw_data!$BR6*$E6/100 -> 5.6550901 | BS6: 19.789689 | BT6: 1.5880389 | BU6: 0 | BV6: 0 | BW6: 0 | BX6: 0 | BY6: 2.134274 | BZ6: 19.095712 | CA6: 0 | CB6: 35.849357
A7: Food product | B7: Average Pizza, DSA | D7: =raw_data!$D7*$C7/100 -> 0 | E7: =raw_data!$E7*$C7/100 -> 0 | F7: =raw_data!$F7*$E7/100 -> 0 | G7: =raw_data!$G7*$E7/100 -> 0 | H7: 19.347023 | I7: 539.46658 | J7: =raw_data!$J7*mass_composition!$E7/100 -> 0 | K7: =raw_data!$K7*mass_composition!$E7/100 -> 0 | L7: =raw_data!$L7*mass_composition!$E7/100 -> 0 | M7: =raw_data!$M7*mass_composition!$E7/100 -> 0 | N7: =raw_data!$N7*mass_composition!$E7/100 -> 0 | O7: =raw_data!$O7*mass_composition!$E7/100 -> 0 | P7: =raw_data!$P7*mass_composition!$E7/100 -> 0 | Q7: =raw_data!$Q7*mass_composition!$E7/100 -> 0 | R7: =raw_data!$R7*mass_composition!$E7/100 -> 0 | S7: =raw_data!$S7*mass_composition!$E7/100 -> 0 | T7: =raw_data!$T7*mass_composition!$E7/100 -> 0 | U7: =raw_data!$U7*mass_composition!$E7/100 -> 0 | V7: =raw_data!$V7*mass_composition!$E7/100 -> 0 | W7: =raw_data!$W7*mass_composition!$E7/100 -> 0 | X7: =raw_data!$X7*mass_composition!$E7/100 -> 0 | Y7: =raw_data!$Y7*mass_composition!$E7/100 -> 0 | Z7: =raw_data!$Z7*mass_composition!$E7/100 -> 0 | AA7: =raw_data!$AA7*mass_composition!$E7/100 -> 0 | AB7: =raw_data!$AB7*mass_composition!$E7/100 -> 0 | AC7: =raw_data!$AC7*mass_composition!$E7/100 -> 0 | AD7: =raw_data!$AD7*mass_composition!$E7/100 -> 0 | AE7: =raw_data!$AE7*mass_composition!$E7/100 -> 0 | AF7: =raw_data!$AF7*mass_composition!$E7/100 -> 0 | AG7: =raw_data!$AG7*mass_composition!$E7/100 -> 0 | AH7: =raw_data!$AH7*mass_composition!$E7/100 -> 0 | AI7: =raw_data!$AI7*mass_composition!$E7/100 -> 0 | AJ7: =raw_data!$AJ7*mass_composition!$E7/100 -> 0 | AK7: =raw_data!$AK7*mass_composition!$E7/100 -> 0 | AL7: =raw_data!$AL7*mass_composition!$E7/100 -> 0 | AM7: =raw_data!$AM7*mass_composition!$E7/100 -> 0 | AN7: =raw_data!$AN7*mass_composition!$E7/100 -> 0 | AO7: =raw_data!$AO7*mass_composition!$E7/100 -> 0 | AP7: =raw_data!$AP7*mass_composition!$E7/100 -> 0 | AQ7: =raw_data!$AQ7*mass_composition!$E7/100 -> 0 | AR7: =raw_data!$AR7*mass_composition!$E7/100 -> 0 | AS7: =raw_data!$AS7*mass_composition!$E7/100 -> 0 | AT7: =raw_data!$AT7*mass_composition!$E7/100 -> 0 | AU7: =raw_data!$AU7*mass_composition!$E7/100 -> 0 | AV7: =raw_data!$AV7*mass_composition!$E7/100 -> 0 | AW7: =raw_data!$AW7*mass_composition!$E7/100 -> 0 | AX7: =raw_data!$AX7*mass_composition!$E7/100 -> 0 | AY7: =raw_data!$AY7*mass_composition!$E7/100 -> 0 | AZ7: =raw_data!$AZ7*mass_composition!$E7/100 -> 0 | BA7: =raw_data!$BA7*mass_composition!$E7/100 -> 0 | BB7: =raw_data!$BB7*mass_composition!$E7/100 -> 0 | BC7: =raw_data!$BC7*mass_composition!$E7/100 -> 0 | BD7: =raw_data!$BD7*mass_composition!$E7/100 -> 0 | BE7: =raw_data!$BE7*mass_composition!$E7/100 -> 0 | BF7: =raw_data!$BF7*mass_composition!$E7/100 -> 0 | BG7: =raw_data!$BG7*mass_composition!$E7/100 -> 0 | BH7: 0 | BI7: 0 | BJ7: 0 | BK7: =raw_data!$BK7*$E7/100 -> 0 | BL7: =raw_data!$BL7*$E7/100 -> 0 | BM7: 0 | BN7: =raw_data!$BN7*$E7/100 -> 0 | BO7: =raw_data!$BO7*$E7/100 -> 0 | BP7: =raw_data!$BP7*$E7/100 -> 0 | BQ7: 0 | BR7: =raw_data!$BR7*$E7/100 -> 0 | BS7: 20.293004 | BT7: 1.6379781 | BU7: 0 | BV7: 0 | BW7: 0 | BX7: 0 | BY7: 0 | BZ7: 19.279272 | CA7: 0 | CB7: 57.452962
A8: Food product | B8: Average Sandwich, DSA | D8: =raw_data!$D8*$C8/100 -> 0 | E8: =raw_data!$E8*$C8/100 -> 0 | F8: =raw_data!$F8*$E8/100 -> 0 | G8: =raw_data!$G8*$E8/100 -> 0 | H8: 20.474825 | I8: 569.0871 | J8: =raw_data!$J8*mass_composition!$E8/100 -> 0 | K8: =raw_data!$K8*mass_composition!$E8/100 -> 0 | L8: =raw_data!$L8*mass_composition!$E8/100 -> 0 | M8: =raw_data!$M8*mass_composition!$E8/100 -> 0 | N8: =raw_data!$N8*mass_composition!$E8/100 -> 0 | O8: =raw_data!$O8*mass_composition!$E8/100 -> 0 | P8: =raw_data!$P8*mass_composition!$E8/100 -> 0 | Q8: =raw_data!$Q8*mass_composition!$E8/100 -> 0 | R8: =raw_data!$R8*mass_composition!$E8/100 -> 0 | S8: =raw_data!$S8*mass_composition!$E8/100 -> 0 | T8: =raw_data!$T8*mass_composition!$E8/100 -> 0 | U8: =raw_data!$U8*mass_composition!$E8/100 -> 0 | V8: =raw_data!$V8*mass_composition!$E8/100 -> 0 | W8: =raw_data!$W8*mass_composition!$E8/100 -> 0 | X8: =raw_data!$X8*mass_composition!$E8/100 -> 0 | Y8: =raw_data!$Y8*mass_composition!$E8/100 -> 0 | Z8: =raw_data!$Z8*mass_composition!$E8/100 -> 0 | AA8: =raw_data!$AA8*mass_composition!$E8/100 -> 0 | AB8: =raw_data!$AB8*mass_composition!$E8/100 -> 0 | AC8: =raw_data!$AC8*mass_composition!$E8/100 -> 0 | AD8: =raw_data!$AD8*mass_composition!$E8/100 -> 0 | AE8: =raw_data!$AE8*mass_composition!$E8/100 -> 0 | AF8: =raw_data!$AF8*mass_composition!$E8/100 -> 0 | AG8: =raw_data!$AG8*mass_composition!$E8/100 -> 0 | AH8: =raw_data!$AH8*mass_composition!$E8/100 -> 0 | AI8: =raw_data!$AI8*mass_composition!$E8/100 -> 0 | AJ8: =raw_data!$AJ8*mass_composition!$E8/100 -> 0 | AK8: =raw_data!$AK8*mass_composition!$E8/100 -> 0 | AL8: =raw_data!$AL8*mass_composition!$E8/100 -> 0 | AM8: =raw_data!$AM8*mass_composition!$E8/100 -> 0 | AN8: =raw_data!$AN8*mass_composition!$E8/100 -> 0 | AO8: =raw_data!$AO8*mass_composition!$E8/100 -> 0 | AP8: =raw_data!$AP8*mass_composition!$E8/100 -> 0 | AQ8: =raw_data!$AQ8*mass_composition!$E8/100 -> 0 | AR8: =raw_data!$AR8*mass_composition!$E8/100 -> 0 | AS8: =raw_data!$AS8*mass_composition!$E8/100 -> 0 | AT8: =raw_data!$AT8*mass_composition!$E8/100 -> 0 | AU8: =raw_data!$AU8*mass_composition!$E8/100 -> 0 | AV8: =raw_data!$AV8*mass_composition!$E8/100 -> 0 | AW8: =raw_data!$AW8*mass_composition!$E8/100 -> 0 | AX8: =raw_data!$AX8*mass_composition!$E8/100 -> 0 | AY8: =raw_data!$AY8*mass_composition!$E8/100 -> 0 | AZ8: =raw_data!$AZ8*mass_composition!$E8/100 -> 0 | BA8: =raw_data!$BA8*mass_composition!$E8/100 -> 0 | BB8: =raw_data!$BB8*mass_composition!$E8/100 -> 0 | BC8: =raw_data!$BC8*mass_composition!$E8/100 -> 0 | BD8: =raw_data!$BD8*mass_composition!$E8/100 -> 0 | BE8: =raw_data!$BE8*mass_composition!$E8/100 -> 0 | BF8: =raw_data!$BF8*mass_composition!$E8/100 -> 0 | BG8: =raw_data!$BG8*mass_composition!$E8/100 -> 0 | BH8: 0 | BI8: 0 | BJ8: 0 | BK8: =raw_data!$BK8*$E8/100 -> 0 | BL8: =raw_data!$BL8*$E8/100 -> 0 | BM8: 0 | BN8: =raw_data!$BN8*$E8/100 -> 0 | BO8: =raw_data!$BO8*$E8/100 -> 0 | BP8: =raw_data!$BP8*$E8/100 -> 0 | BQ8: 0 | BR8: =raw_data!$BR8*$E8/100 -> 0 | BS8: 21.124451 | BT8: 1.7202082 | BU8: 0 | BV8: 0 | BW8: 0 | BX8: 0 | BY8: 0 | BZ8: 20.315078 | CA8: 0 | CB8: 52.715551
A9: Food product | B9: Average Charcuterie, CHA | D9: =raw_data!$D9*$C9/100 -> 0 | E9: =raw_data!$E9*$C9/100 -> 0 | F9: =raw_data!$F9*$E9/100 -> 0 | G9: =raw_data!$G9*$E9/100 -> 0 | H9: 25.771842 | I9: 743.09678 | J9: =raw_data!$J9*mass_composition!$E9/100 -> 0 | K9: =raw_data!$K9*mass_composition!$E9/100 -> 0 | L9: =raw_data!$L9*mass_composition!$E9/100 -> 0 | M9: =raw_data!$M9*mass_composition!$E9/100 -> 0 | N9: =raw_data!$N9*mass_composition!$E9/100 -> 0 | O9: =raw_data!$O9*mass_composition!$E9/100 -> 0 | P9: =raw_data!$P9*mass_composition!$E9/100 -> 0 | Q9: =raw_data!$Q9*mass_composition!$E9/100 -> 0 | R9: =raw_data!$R9*mass_composition!$E9/100 -> 0 | S9: =raw_data!$S9*mass_composition!$E9/100 -> 0 | T9: =raw_data!$T9*mass_composition!$E9/100 -> 0 | U9: =raw_data!$U9*mass_composition!$E9/100 -> 0 | V9: =raw_data!$V9*mass_composition!$E9/100 -> 0 | W9: =raw_data!$W9*mass_composition!$E9/100 -> 0 | X9: =raw_data!$X9*mass_composition!$E9/100 -> 0 | Y9: =raw_data!$Y9*mass_composition!$E9/100 -> 0 | Z9: =raw_data!$Z9*mass_composition!$E9/100 -> 0 | AA9: =raw_data!$AA9*mass_composition!$E9/100 -> 0 | AB9: =raw_data!$AB9*mass_composition!$E9/100 -> 0 | AC9: =raw_data!$AC9*mass_composition!$E9/100 -> 0 | AD9: =raw_data!$AD9*mass_composition!$E9/100 -> 0 | AE9: =raw_data!$AE9*mass_composition!$E9/100 -> 0 | AF9: =raw_data!$AF9*mass_composition!$E9/100 -> 0 | AG9: =raw_data!$AG9*mass_composition!$E9/100 -> 0 | AH9: =raw_data!$AH9*mass_composition!$E9/100 -> 0 | AI9: =raw_data!$AI9*mass_composition!$E9/100 -> 0 | AJ9: =raw_data!$AJ9*mass_composition!$E9/100 -> 0 | AK9: =raw_data!$AK9*mass_composition!$E9/100 -> 0 | AL9: =raw_data!$AL9*mass_composition!$E9/100 -> 0 | AM9: =raw_data!$AM9*mass_composition!$E9/100 -> 0 | AN9: =raw_data!$AN9*mass_composition!$E9/100 -> 0 | AO9: =raw_data!$AO9*mass_composition!$E9/100 -> 0 | AP9: =raw_data!$AP9*mass_composition!$E9/100 -> 0 | AQ9: =raw_data!$AQ9*mass_composition!$E9/100 -> 0 | AR9: =raw_data!$AR9*mass_composition!$E9/100 -> 0 | AS9: =raw_data!$AS9*mass_composition!$E9/100 -> 0 | AT9: =raw_data!$AT9*mass_composition!$E9/100 -> 0 | AU9: =raw_data!$AU9*mass_composition!$E9/100 -> 0 | AV9: =raw_data!$AV9*mass_composition!$E9/100 -> 0 | AW9: =raw_data!$AW9*mass_composition!$E9/100 -> 0 | AX9: =raw_data!$AX9*mass_composition!$E9/100 -> 0 | AY9: =raw_data!$AY9*mass_composition!$E9/100 -> 0 | AZ9: =raw_data!$AZ9*mass_composition!$E9/100 -> 0 | BA9: =raw_data!$BA9*mass_composition!$E9/100 -> 0 | BB9: =raw_data!$BB9*mass_composition!$E9/100 -> 0 | BC9: =raw_data!$BC9*mass_composition!$E9/100 -> 0 | BD9: =raw_data!$BD9*mass_composition!$E9/100 -> 0 | BE9: =raw_data!$BE9*mass_composition!$E9/100 -> 0 | BF9: =raw_data!$BF9*mass_composition!$E9/100 -> 0 | BG9: =raw_data!$BG9*mass_composition!$E9/100 -> 0 | BH9: 0 | BI9: 0.092709207 | BJ9: 1.035133 | BK9: =raw_data!$BK9*$E9/100 -> 0 | BL9: =raw_data!$BL9*$E9/100 -> 0 | BM9: 0 | BN9: =raw_data!$BN9*$E9/100 -> 0 | BO9: =raw_data!$BO9*$E9/100 -> 0 | BP9: =raw_data!$BP9*$E9/100 -> 0 | BQ9: 0 | BR9: =raw_data!$BR9*$E9/100 -> 0 | BS9: 25.175808 | BT9: 2.1208874 | BU9: 0.0035180299 | BV9: 0.0052770449 | BW9: 1.3755239 | BX9: 0 | BY9: 1.4770282 | BZ9: 24.483705 | CA9: 0 | CB9: 5.9187736
A10: Food product | B10: Average Milk, FDP | C10: =15.2406417112299/2 -> 7.6203209 | D10: =raw_data!$D10*$C10/100 -> 6.1393281 | E10: =raw_data!$E10*$C10/100 -> 1.4816554 | F10: =raw_data!$F10*$E10/100 -> 1.3812066 | G10: =raw_data!$G10*$E10/100 -> 0.10044887 | H10: 18.958191 | I10: 539.36806 | J10: =raw_data!$J10*mass_composition!$E10/100 -> 0.68877232 | K10: =raw_data!$K10*mass_composition!$E10/100 -> 0.68877232 | L10: =raw_data!$L10*mass_composition!$E10/100 -> 0 | M10: =raw_data!$M10*mass_composition!$E10/100 -> 0.015206541 | N10: =raw_data!$N10*mass_composition!$E10/100 -> 0.0078014449 | O10: =raw_data!$O10*mass_composition!$E10/100 -> 0 | P10: =raw_data!$P10*mass_composition!$E10/100 -> 0.10307932 | Q10: =raw_data!$Q10*mass_composition!$E10/100 -> 0.020470507 | R10: =raw_data!$R10*mass_composition!$E10/100 -> 0.069850974 | S10: =raw_data!$S10*mass_composition!$E10/100 -> 0.0052132166 | T10: =raw_data!$T10*mass_composition!$E10/100 -> 0.51103571 | U10: =raw_data!$U10*mass_composition!$E10/100 -> 0.012019381 | V10: =raw_data!$V10*mass_composition!$E10/100 -> 0.01582276 | W10: =raw_data!$W10*mass_composition!$E10/100 -> 0 | X10: =raw_data!$X10*mass_composition!$E10/100 -> 0 | Y10: =raw_data!$Y10*mass_composition!$E10/100 -> 0 | Z10: =raw_data!$Z10*mass_composition!$E10/100 -> 2.3083546e-08 | AA10: =raw_data!$AA10*mass_composition!$E10/100 -> 0 | AB10: =raw_data!$AB10*mass_composition!$E10/100 -> 0 | AC10: =raw_data!$AC10*mass_composition!$E10/100 -> 0 | AD10: =raw_data!$AD10*mass_composition!$E10/100 -> 0 | AE10: =raw_data!$AE10*mass_composition!$E10/100 -> 0 | AF10: =raw_data!$AF10*mass_composition!$E10/100 -> 0 | AG10: =raw_data!$AG10*mass_composition!$E10/100 -> 1.8193866e-09 | AH10: =raw_data!$AH10*mass_composition!$E10/100 -> 0 | AI10: =raw_data!$AI10*mass_composition!$E10/100 -> 5.7616194e-08 | AJ10: =raw_data!$AJ10*mass_composition!$E10/100 -> 2.6562365e-06 | AK10: =raw_data!$AK10*mass_composition!$E10/100 -> 8.3262296e-06 | AL10: =raw_data!$AL10*mass_composition!$E10/100 -> 0 | AM10: =raw_data!$AM10*mass_composition!$E10/100 -> 3.7513455e-09 | AN10: =raw_data!$AN10*mass_composition!$E10/100 -> 0 | AO10: =raw_data!$AO10*mass_composition!$E10/100 -> 0 | AP10: =raw_data!$AP10*mass_composition!$E10/100 -> 0.0016267002 | AQ10: =raw_data!$AQ10*mass_composition!$E10/100 -> 1.0713759e-06 | AR10: =raw_data!$AR10*mass_composition!$E10/100 -> 5.3738589e-07 | AS10: =raw_data!$AS10*mass_composition!$E10/100 -> 3.5546765e-07 | AT10: =raw_data!$AT10*mass_composition!$E10/100 -> 9.1617168e-09 | AU10: =raw_data!$AU10*mass_composition!$E10/100 -> 0 | AV10: =raw_data!$AV10*mass_composition!$E10/100 -> 0 | AW10: =raw_data!$AW10*mass_composition!$E10/100 -> 0 | AX10: =raw_data!$AX10*mass_composition!$E10/100 -> 2.1506264e-07 | AY10: =raw_data!$AY10*mass_composition!$E10/100 -> 0 | AZ10: =raw_data!$AZ10*mass_composition!$E10/100 -> 0 | BA10: =raw_data!$BA10*mass_composition!$E10/100 -> 0 | BB10: =raw_data!$BB10*mass_composition!$E10/100 -> 0 | BC10: =raw_data!$BC10*mass_composition!$E10/100 -> 0 | BD10: =raw_data!$BD10*mass_composition!$E10/100 -> 0 | BE10: =raw_data!$BE10*mass_composition!$E10/100 -> 5.4625344e-05 | BF10: =raw_data!$BF10*mass_composition!$E10/100 -> 0 | BG10: =raw_data!$BG10*mass_composition!$E10/100 -> 0 | BH10: 0 | BI10: 6.7008672 | BJ10: 0 | BK10: =raw_data!$BK10*$E10/100 -> 0.0054403338 | BL10: =raw_data!$BL10*$E10/100 -> 0 | BM10: 0 | BN10: =raw_data!$BN10*$E10/100 -> 0 | BO10: =raw_data!$BO10*$E10/100 -> 0.44559709 | BP10: =raw_data!$BP10*$E10/100 -> 0.22707254 | BQ10: 0 | BR10: =raw_data!$BR10*$E10/100 -> 0.71015701 | BS10: 20.165157 | BT10: 1.625334 | BU10: 0.012978585 | BV10: 0.015345975 | BW10: 35.488767 | BX10: 0 | BY10: 43.901765 | BZ10: 18.743301 | CA10: 0 | CB10: 5.235489
A11: Food product | B11: Average Yogurt, FDP | D11: =raw_data!$D11*$C11/100 -> 0 | E11: =raw_data!$E11*$C11/100 -> 0 | F11: =raw_data!$F11*$E11/100 -> 0 | G11: =raw_data!$G11*$E11/100 -> 0 | H11: 18.695702 | I11: 528.34762 | J11: =raw_data!$J11*mass_composition!$E11/100 -> 0 | K11: =raw_data!$K11*mass_composition!$E11/100 -> 0 | L11: =raw_data!$L11*mass_composition!$E11/100 -> 0 | M11: =raw_data!$M11*mass_composition!$E11/100 -> 0 | N11: =raw_data!$N11*mass_composition!$E11/100 -> 0 | O11: =raw_data!$O11*mass_composition!$E11/100 -> 0 | P11: =raw_data!$P11*mass_composition!$E11/100 -> 0 | Q11: =raw_data!$Q11*mass_composition!$E11/100 -> 0 | R11: =raw_data!$R11*mass_composition!$E11/100 -> 0 | S11: =raw_data!$S11*mass_composition!$E11/100 -> 0 | T11: =raw_data!$T11*mass_composition!$E11/100 -> 0 | U11: =raw_data!$U11*mass_composition!$E11/100 -> 0 | V11: =raw_data!$V11*mass_composition!$E11/100 -> 0 | W11: =raw_data!$W11*mass_composition!$E11/100 -> 0 | X11: =raw_data!$X11*mass_composition!$E11/100 -> 0 | Y11: =raw_data!$Y11*mass_composition!$E11/100 -> 0 | Z11: =raw_data!$Z11*mass_composition!$E11/100 -> 0 | AA11: =raw_data!$AA11*mass_composition!$E11/100 -> 0 | AB11: =raw_data!$AB11*mass_composition!$E11/100 -> 0 | AC11: =raw_data!$AC11*mass_composition!$E11/100 -> 0 | AD11: =raw_data!$AD11*mass_composition!$E11/100 -> 0 | AE11: =raw_data!$AE11*mass_composition!$E11/100 -> 0 | AF11: =raw_data!$AF11*mass_composition!$E11/100 -> 0 | AG11: =raw_data!$AG11*mass_composition!$E11/100 -> 0 | AH11: =raw_data!$AH11*mass_composition!$E11/100 -> 0 | AI11: =raw_data!$AI11*mass_composition!$E11/100 -> 0 | AJ11: =raw_data!$AJ11*mass_composition!$E11/100 -> 0 | AK11: =raw_data!$AK11*mass_composition!$E11/100 -> 0 | AL11: =raw_data!$AL11*mass_composition!$E11/100 -> 0 | AM11: =raw_data!$AM11*mass_composition!$E11/100 -> 0 | AN11: =raw_data!$AN11*mass_composition!$E11/100 -> 0 | AO11: =raw_data!$AO11*mass_composition!$E11/100 -> 0 | AP11: =raw_data!$AP11*mass_composition!$E11/100 -> 0 | AQ11: =raw_data!$AQ11*mass_composition!$E11/100 -> 0 | AR11: =raw_data!$AR11*mass_composition!$E11/100 -> 0 | AS11: =raw_data!$AS11*mass_composition!$E11/100 -> 0 | AT11: =raw_data!$AT11*mass_composition!$E11/100 -> 0 | AU11: =raw_data!$AU11*mass_composition!$E11/100 -> 0 | AV11: =raw_data!$AV11*mass_composition!$E11/100 -> 0 | AW11: =raw_data!$AW11*mass_composition!$E11/100 -> 0 | AX11: =raw_data!$AX11*mass_composition!$E11/100 -> 0 | AY11: =raw_data!$AY11*mass_composition!$E11/100 -> 0 | AZ11: =raw_data!$AZ11*mass_composition!$E11/100 -> 0 | BA11: =raw_data!$BA11*mass_composition!$E11/100 -> 0 | BB11: =raw_data!$BB11*mass_composition!$E11/100 -> 0 | BC11: =raw_data!$BC11*mass_composition!$E11/100 -> 0 | BD11: =raw_data!$BD11*mass_composition!$E11/100 -> 0 | BE11: =raw_data!$BE11*mass_composition!$E11/100 -> 0 | BF11: =raw_data!$BF11*mass_composition!$E11/100 -> 0 | BG11: =raw_data!$BG11*mass_composition!$E11/100 -> 0 | BH11: 0 | BI11: 19.664522 | BJ11: 0 | BK11: =raw_data!$BK11*$E11/100 -> 0 | BL11: =raw_data!$BL11*$E11/100 -> 0 | BM11: 0 | BN11: =raw_data!$BN11*$E11/100 -> 0 | BO11: =raw_data!$BO11*$E11/100 -> 0 | BP11: =raw_data!$BP11*$E11/100 -> 0 | BQ11: 0 | BR11: =raw_data!$BR11*$E11/100 -> 0 | BS11: 19.845924 | BT11: 1.5937618 | BU11: 3.9894136 | BV11: 3.6492334 | BW11: 16.6123 | BX11: 0 | BY11: 49.227328 | BZ11: 18.737553 | CA11: 0 | CB11: 13.02414
A12: Food product | B12: Average Egg, FDP | C12: =15.2406417112299/2 -> 7.6203209 | D12: =raw_data!$D12*$C12/100 -> 4.6937366 | E12: =raw_data!$E12*$C12/100 -> 2.9284893 | F12: =raw_data!$F12*$E12/100 -> 2.7596583 | G12: =raw_data!$G12*$E12/100 -> 0.16883098 | H12: 24.758165 | I12: 691.08826 | J12: =raw_data!$J12*mass_composition!$E12/100 -> 1.634095 | K12: =raw_data!$K12*mass_composition!$E12/100 -> 1.634095 | L12: =raw_data!$L12*mass_composition!$E12/100 -> 0 | M12: =raw_data!$M12*mass_composition!$E12/100 -> 0.0058769308 | N12: =raw_data!$N12*mass_composition!$E12/100 -> 0.036736761 | O12: =raw_data!$O12*mass_composition!$E12/100 -> 0 | P12: =raw_data!$P12*mass_composition!$E12/100 -> 0.23945599 | Q12: =raw_data!$Q12*mass_composition!$E12/100 -> 0.017408791 | R12: =raw_data!$R12*mass_composition!$E12/100 -> 0.23558641 | S12: =raw_data!$S12*mass_composition!$E12/100 -> 0.039584015 | T12: =raw_data!$T12*mass_composition!$E12/100 -> 0.62721229 | U12: =raw_data!$U12*mass_composition!$E12/100 -> 0.020459306 | V12: =raw_data!$V12*mass_composition!$E12/100 -> 0.05230434 | W12: =raw_data!$W12*mass_composition!$E12/100 -> 0 | X12: =raw_data!$X12*mass_composition!$E12/100 -> 0 | Y12: =raw_data!$Y12*mass_composition!$E12/100 -> 0 | Z12: =raw_data!$Z12*mass_composition!$E12/100 -> 0 | AA12: =raw_data!$AA12*mass_composition!$E12/100 -> 0 | AB12: =raw_data!$AB12*mass_composition!$E12/100 -> 0 | AC12: =raw_data!$AC12*mass_composition!$E12/100 -> 0 | AD12: =raw_data!$AD12*mass_composition!$E12/100 -> 0 | AE12: =raw_data!$AE12*mass_composition!$E12/100 -> 0 | AF12: =raw_data!$AF12*mass_composition!$E12/100 -> 0 | AG12: =raw_data!$AG12*mass_composition!$E12/100 -> 9.3263991e-10 | AH12: =raw_data!$AH12*mass_composition!$E12/100 -> 0 | AI12: =raw_data!$AI12*mass_composition!$E12/100 -> 6.5039259e-08 | AJ12: =raw_data!$AJ12*mass_composition!$E12/100 -> 5.5122142e-06 | AK12: =raw_data!$AK12*mass_composition!$E12/100 -> 0.00021013731 | AL12: =raw_data!$AL12*mass_composition!$E12/100 -> 0 | AM12: =raw_data!$AM12*mass_composition!$E12/100 -> 0 | AN12: =raw_data!$AN12*mass_composition!$E12/100 -> 0 | AO12: =raw_data!$AO12*mass_composition!$E12/100 -> 0 | AP12: =raw_data!$AP12*mass_composition!$E12/100 -> 0.0013538549 | AQ12: =raw_data!$AQ12*mass_composition!$E12/100 -> 2.969399e-06 | AR12: =raw_data!$AR12*mass_composition!$E12/100 -> 5.2849595e-08 | AS12: =raw_data!$AS12*mass_composition!$E12/100 -> 1.9944146e-08 | AT12: =raw_data!$AT12*mass_composition!$E12/100 -> 6.2175994e-09 | AU12: =raw_data!$AU12*mass_composition!$E12/100 -> 0 | AV12: =raw_data!$AV12*mass_composition!$E12/100 -> 0 | AW12: =raw_data!$AW12*mass_composition!$E12/100 -> 0 | AX12: =raw_data!$AX12*mass_composition!$E12/100 -> 2.1859362e-06 | AY12: =raw_data!$AY12*mass_composition!$E12/100 -> 0 | AZ12: =raw_data!$AZ12*mass_composition!$E12/100 -> 0 | BA12: =raw_data!$BA12*mass_composition!$E12/100 -> 0 | BB12: =raw_data!$BB12*mass_composition!$E12/100 -> 0 | BC12: =raw_data!$BC12*mass_composition!$E12/100 -> 0 | BD12: =raw_data!$BD12*mass_composition!$E12/100 -> 0 | BE12: =raw_data!$BE12*mass_composition!$E12/100 -> 0.0001321367 | BF12: =raw_data!$BF12*mass_composition!$E12/100 -> 0 | BG12: =raw_data!$BG12*mass_composition!$E12/100 -> 0 | BH12: 0 | BI12: 0.99009901 | BJ12: 0 | BK12: =raw_data!$BK12*$E12/100 -> 0 | BL12: =raw_data!$BL12*$E12/100 -> 0 | BM12: 0 | BN12: =raw_data!$BN12*$E12/100 -> 0 | BO12: =raw_data!$BO12*$E12/100 -> 1.4729833 | BP12: =raw_data!$BP12*$E12/100 -> 1.0731789 | BQ12: 0 | BR12: =raw_data!$BR12*$E12/100 -> 0.2135603 | BS12: 25.087242 | BT12: 2.1121282 | BU12: 0 | BV12: 0.060190775 | BW12: 0 | BX12: 0 | BY12: 1.4988716 | BZ12: 23.344006 | CA12: 0 | CB12: 6.2400246
A13: Food product | B13: Average Cream, FDP | D13: =raw_data!$D13*$C13/100 -> 0 | E13: =raw_data!$E13*$C13/100 -> 0 | F13: =raw_data!$F13*$E13/100 -> 0 | G13: =raw_data!$G13*$E13/100 -> 0 | H13: 31.362676 | I13: 856.92446 | J13: =raw_data!$J13*mass_composition!$E13/100 -> 0 | K13: =raw_data!$K13*mass_composition!$E13/100 -> 0 | L13: =raw_data!$L13*mass_composition!$E13/100 -> 0 | M13: =raw_data!$M13*mass_composition!$E13/100 -> 0 | N13: =raw_data!$N13*mass_composition!$E13/100 -> 0 | O13: =raw_data!$O13*mass_composition!$E13/100 -> 0 | P13: =raw_data!$P13*mass_composition!$E13/100 -> 0 | Q13: =raw_data!$Q13*mass_composition!$E13/100 -> 0 | R13: =raw_data!$R13*mass_composition!$E13/100 -> 0 | S13: =raw_data!$S13*mass_composition!$E13/100 -> 0 | T13: =raw_data!$T13*mass_composition!$E13/100 -> 0 | U13: =raw_data!$U13*mass_composition!$E13/100 -> 0 | V13: =raw_data!$V13*mass_composition!$E13/100 -> 0 | W13: =raw_data!$W13*mass_composition!$E13/100 -> 0 | X13: =raw_data!$X13*mass_composition!$E13/100 -> 0 | Y13: =raw_data!$Y13*mass_composition!$E13/100 -> 0 | Z13: =raw_data!$Z13*mass_composition!$E13/100 -> 0 | AA13: =raw_data!$AA13*mass_composition!$E13/100 -> 0 | AB13: =raw_data!$AB13*mass_composition!$E13/100 -> 0 | AC13: =raw_data!$AC13*mass_composition!$E13/100 -> 0 | AD13: =raw_data!$AD13*mass_composition!$E13/100 -> 0 | AE13: =raw_data!$AE13*mass_composition!$E13/100 -> 0 | AF13: =raw_data!$AF13*mass_composition!$E13/100 -> 0 | AG13: =raw_data!$AG13*mass_composition!$E13/100 -> 0 | AH13: =raw_data!$AH13*mass_composition!$E13/100 -> 0 | AI13: =raw_data!$AI13*mass_composition!$E13/100 -> 0 | AJ13: =raw_data!$AJ13*mass_composition!$E13/100 -> 0 | AK13: =raw_data!$AK13*mass_composition!$E13/100 -> 0 | AL13: =raw_data!$AL13*mass_composition!$E13/100 -> 0 | AM13: =raw_data!$AM13*mass_composition!$E13/100 -> 0 | AN13: =raw_data!$AN13*mass_composition!$E13/100 -> 0 | AO13: =raw_data!$AO13*mass_composition!$E13/100 -> 0 | AP13: =raw_data!$AP13*mass_composition!$E13/100 -> 0 | AQ13: =raw_data!$AQ13*mass_composition!$E13/100 -> 0 | AR13: =raw_data!$AR13*mass_composition!$E13/100 -> 0 | AS13: =raw_data!$AS13*mass_composition!$E13/100 -> 0 | AT13: =raw_data!$AT13*mass_composition!$E13/100 -> 0 | AU13: =raw_data!$AU13*mass_composition!$E13/100 -> 0 | AV13: =raw_data!$AV13*mass_composition!$E13/100 -> 0 | AW13: =raw_data!$AW13*mass_composition!$E13/100 -> 0 | AX13: =raw_data!$AX13*mass_composition!$E13/100 -> 0 | AY13: =raw_data!$AY13*mass_composition!$E13/100 -> 0 | AZ13: =raw_data!$AZ13*mass_composition!$E13/100 -> 0 | BA13: =raw_data!$BA13*mass_composition!$E13/100 -> 0 | BB13: =raw_data!$BB13*mass_composition!$E13/100 -> 0 | BC13: =raw_data!$BC13*mass_composition!$E13/100 -> 0 | BD13: =raw_data!$BD13*mass_composition!$E13/100 -> 0 | BE13: =raw_data!$BE13*mass_composition!$E13/100 -> 0 | BF13: =raw_data!$BF13*mass_composition!$E13/100 -> 0 | BG13: =raw_data!$BG13*mass_composition!$E13/100 -> 0 | BH13: 0 | BI13: 0 | BJ13: 0 | BK13: =raw_data!$BK13*$E13/100 -> 0 | BL13: =raw_data!$BL13*$E13/100 -> 0 | BM13: 0 | BN13: =raw_data!$BN13*$E13/100 -> 0 | BO13: =raw_data!$BO13*$E13/100 -> 0 | BP13: =raw_data!$BP13*$E13/100 -> 0 | BQ13: 0 | BR13: =raw_data!$BR13*$E13/100 -> 0 | BS13: 28.708752 | BT13: 2.4702956 | BU13: 0 | BV13: 0.054226475 | BW13: 12.446308 | BX13: 0 | BY13: 13.158772 | BZ13: 30.653309 | CA13: 0 | CB13: 2.0557546
A14: Food product | B14: Average Butter, FDP | D14: =raw_data!$D14*$C14/100 -> 0 | E14: =raw_data!$E14*$C14/100 -> 0 | F14: =raw_data!$F14*$E14/100 -> 0 | G14: =raw_data!$G14*$E14/100 -> 0 | H14: 36.957975 | I14: 1000.3496 | J14: =raw_data!$J14*mass_composition!$E14/100 -> 0 | K14: =raw_data!$K14*mass_composition!$E14/100 -> 0 | L14: =raw_data!$L14*mass_composition!$E14/100 -> 0 | M14: =raw_data!$M14*mass_composition!$E14/100 -> 0 | N14: =raw_data!$N14*mass_composition!$E14/100 -> 0 | O14: =raw_data!$O14*mass_composition!$E14/100 -> 0 | P14: =raw_data!$P14*mass_composition!$E14/100 -> 0 | Q14: =raw_data!$Q14*mass_composition!$E14/100 -> 0 | R14: =raw_data!$R14*mass_composition!$E14/100 -> 0 | S14: =raw_data!$S14*mass_composition!$E14/100 -> 0 | T14: =raw_data!$T14*mass_composition!$E14/100 -> 0 | U14: =raw_data!$U14*mass_composition!$E14/100 -> 0 | V14: =raw_data!$V14*mass_composition!$E14/100 -> 0 | W14: =raw_data!$W14*mass_composition!$E14/100 -> 0 | X14: =raw_data!$X14*mass_composition!$E14/100 -> 0 | Y14: =raw_data!$Y14*mass_composition!$E14/100 -> 0 | Z14: =raw_data!$Z14*mass_composition!$E14/100 -> 0 | AA14: =raw_data!$AA14*mass_composition!$E14/100 -> 0 | AB14: =raw_data!$AB14*mass_composition!$E14/100 -> 0 | AC14: =raw_data!$AC14*mass_composition!$E14/100 -> 0 | AD14: =raw_data!$AD14*mass_composition!$E14/100 -> 0 | AE14: =raw_data!$AE14*mass_composition!$E14/100 -> 0 | AF14: =raw_data!$AF14*mass_composition!$E14/100 -> 0 | AG14: =raw_data!$AG14*mass_composition!$E14/100 -> 0 | AH14: =raw_data!$AH14*mass_composition!$E14/100 -> 0 | AI14: =raw_data!$AI14*mass_composition!$E14/100 -> 0 | AJ14: =raw_data!$AJ14*mass_composition!$E14/100 -> 0 | AK14: =raw_data!$AK14*mass_composition!$E14/100 -> 0 | AL14: =raw_data!$AL14*mass_composition!$E14/100 -> 0 | AM14: =raw_data!$AM14*mass_composition!$E14/100 -> 0 | AN14: =raw_data!$AN14*mass_composition!$E14/100 -> 0 | AO14: =raw_data!$AO14*mass_composition!$E14/100 -> 0 | AP14: =raw_data!$AP14*mass_composition!$E14/100 -> 0 | AQ14: =raw_data!$AQ14*mass_composition!$E14/100 -> 0 | AR14: =raw_data!$AR14*mass_composition!$E14/100 -> 0 | AS14: =raw_data!$AS14*mass_composition!$E14/100 -> 0 | AT14: =raw_data!$AT14*mass_composition!$E14/100 -> 0 | AU14: =raw_data!$AU14*mass_composition!$E14/100 -> 0 | AV14: =raw_data!$AV14*mass_composition!$E14/100 -> 0 | AW14: =raw_data!$AW14*mass_composition!$E14/100 -> 0 | AX14: =raw_data!$AX14*mass_composition!$E14/100 -> 0 | AY14: =raw_data!$AY14*mass_composition!$E14/100 -> 0 | AZ14: =raw_data!$AZ14*mass_composition!$E14/100 -> 0 | BA14: =raw_data!$BA14*mass_composition!$E14/100 -> 0 | BB14: =raw_data!$BB14*mass_composition!$E14/100 -> 0 | BC14: =raw_data!$BC14*mass_composition!$E14/100 -> 0 | BD14: =raw_data!$BD14*mass_composition!$E14/100 -> 0 | BE14: =raw_data!$BE14*mass_composition!$E14/100 -> 0 | BF14: =raw_data!$BF14*mass_composition!$E14/100 -> 0 | BG14: =raw_data!$BG14*mass_composition!$E14/100 -> 0 | BH14: 0 | BI14: 0 | BJ14: 0 | BK14: =raw_data!$BK14*$E14/100 -> 0 | BL14: =raw_data!$BL14*$E14/100 -> 0 | BM14: 0 | BN14: =raw_data!$BN14*$E14/100 -> 0 | BO14: =raw_data!$BO14*$E14/100 -> 0 | BP14: =raw_data!$BP14*$E14/100 -> 0 | BQ14: 0 | BR14: =raw_data!$BR14*$E14/100 -> 0 | BS14: 32.38029 | BT14: 2.8334107 | BU14: 0 | BV14: 0 | BW14: 0.69316625 | BX14: 0 | BY14: 0.67553993 | BZ14: 36.023921 | CA14: 0 | CB14: 0.89856302
A15: Food product | B15: Average Potato, F&V | C15: =13.7254901960785/6 -> 2.2875817 | D15: =raw_data!$D15*$C15/100 -> 1.7942266 | E15: =raw_data!$E15*$C15/100 -> 0.49335512 | F15: =raw_data!$F15*$E15/100 -> 0.47123189 | G15: =raw_data!$G15*$E15/100 -> 0.022123226 | H15: 15.282542 | I15: 430.9501 | J15: =raw_data!$J15*mass_composition!$E15/100 -> 0.20323482 | K15: =raw_data!$K15*mass_composition!$E15/100 -> 0.20323482 | L15: =raw_data!$L15*mass_composition!$E15/100 -> 0 | M15: =raw_data!$M15*mass_composition!$E15/100 -> 0 | N15: =raw_data!$N15*mass_composition!$E15/100 -> 0 | O15: =raw_data!$O15*mass_composition!$E15/100 -> 0 | P15: =raw_data!$P15*mass_composition!$E15/100 -> 0.031003053 | Q15: =raw_data!$Q15*mass_composition!$E15/100 -> 0 | R15: =raw_data!$R15*mass_composition!$E15/100 -> 0.0075517433 | S15: =raw_data!$S15*mass_composition!$E15/100 -> 0 | T15: =raw_data!$T15*mass_composition!$E15/100 -> 0.22869832 | U15: =raw_data!$U15*mass_composition!$E15/100 -> 0 | V15: =raw_data!$V15*mass_composition!$E15/100 -> 0.0016759735 | W15: =raw_data!$W15*mass_composition!$E15/100 -> 0 | X15: =raw_data!$X15*mass_composition!$E15/100 -> 0 | Y15: =raw_data!$Y15*mass_composition!$E15/100 -> 0 | Z15: =raw_data!$Z15*mass_composition!$E15/100 -> 0 | AA15: =raw_data!$AA15*mass_composition!$E15/100 -> 0 | AB15: =raw_data!$AB15*mass_composition!$E15/100 -> 0 | AC15: =raw_data!$AC15*mass_composition!$E15/100 -> 0 | AD15: =raw_data!$AD15*mass_composition!$E15/100 -> 0 | AE15: =raw_data!$AE15*mass_composition!$E15/100 -> 0 | AF15: =raw_data!$AF15*mass_composition!$E15/100 -> 0 | AG15: =raw_data!$AG15*mass_composition!$E15/100 -> 0 | AH15: =raw_data!$AH15*mass_composition!$E15/100 -> 0 | AI15: =raw_data!$AI15*mass_composition!$E15/100 -> 0 | AJ15: =raw_data!$AJ15*mass_composition!$E15/100 -> 0 | AK15: =raw_data!$AK15*mass_composition!$E15/100 -> 0 | AL15: =raw_data!$AL15*mass_composition!$E15/100 -> 0 | AM15: =raw_data!$AM15*mass_composition!$E15/100 -> 0 | AN15: =raw_data!$AN15*mass_composition!$E15/100 -> 0 | AO15: =raw_data!$AO15*mass_composition!$E15/100 -> 0 | AP15: =raw_data!$AP15*mass_composition!$E15/100 -> 0 | AQ15: =raw_data!$AQ15*mass_composition!$E15/100 -> 0 | AR15: =raw_data!$AR15*mass_composition!$E15/100 -> 0 | AS15: =raw_data!$AS15*mass_composition!$E15/100 -> 0 | AT15: =raw_data!$AT15*mass_composition!$E15/100 -> 0 | AU15: =raw_data!$AU15*mass_composition!$E15/100 -> 0 | AV15: =raw_data!$AV15*mass_composition!$E15/100 -> 0 | AW15: =raw_data!$AW15*mass_composition!$E15/100 -> 0 | AX15: =raw_data!$AX15*mass_composition!$E15/100 -> 0 | AY15: =raw_data!$AY15*mass_composition!$E15/100 -> 0 | AZ15: =raw_data!$AZ15*mass_composition!$E15/100 -> 0 | BA15: =raw_data!$BA15*mass_composition!$E15/100 -> 0 | BB15: =raw_data!$BB15*mass_composition!$E15/100 -> 0 | BC15: =raw_data!$BC15*mass_composition!$E15/100 -> 0 | BD15: =raw_data!$BD15*mass_composition!$E15/100 -> 0 | BE15: =raw_data!$BE15*mass_composition!$E15/100 -> 0 | BF15: =raw_data!$BF15*mass_composition!$E15/100 -> 0 | BG15: =raw_data!$BG15*mass_composition!$E15/100 -> 0 | BH15: 0 | BI15: 0 | BJ15: 0 | BK15: =raw_data!$BK15*$E15/100 -> 0 | BL15: =raw_data!$BL15*$E15/100 -> 0 | BM15: 0 | BN15: =raw_data!$BN15*$E15/100 -> 0 | BO15: =raw_data!$BO15*$E15/100 -> 0.047198396 | BP15: =raw_data!$BP15*$E15/100 -> 0.0061642884 | BQ15: 0 | BR15: =raw_data!$BR15*$E15/100 -> 0.41786921 | BS15: 16.966857 | BT15: 1.3090221 | BU15: 0 | BV15: 0 | BW15: 0 | BX15: 0 | BY15: 0 | BZ15: 15.906765 | CA15: 0 | CB15: 84.699478
A16: Food product | B16: Average Apple, F&V | D16: =raw_data!$D16*$C16/100 -> 0 | E16: =raw_data!$E16*$C16/100 -> 0 | F16: =raw_data!$F16*$E16/100 -> 0 | G16: =raw_data!$G16*$E16/100 -> 0 | H16: 15.468924 | I16: 432.42941 | J16: =raw_data!$J16*mass_composition!$E16/100 -> 0 | K16: =raw_data!$K16*mass_composition!$E16/100 -> 0 | L16: =raw_data!$L16*mass_composition!$E16/100 -> 0 | M16: =raw_data!$M16*mass_composition!$E16/100 -> 0 | N16: =raw_data!$N16*mass_composition!$E16/100 -> 0 | O16: =raw_data!$O16*mass_composition!$E16/100 -> 0 | P16: =raw_data!$P16*mass_composition!$E16/100 -> 0 | Q16: =raw_data!$Q16*mass_composition!$E16/100 -> 0 | R16: =raw_data!$R16*mass_composition!$E16/100 -> 0 | S16: =raw_data!$S16*mass_composition!$E16/100 -> 0 | T16: =raw_data!$T16*mass_composition!$E16/100 -> 0 | U16: =raw_data!$U16*mass_composition!$E16/100 -> 0 | V16: =raw_data!$V16*mass_composition!$E16/100 -> 0 | W16: =raw_data!$W16*mass_composition!$E16/100 -> 0 | X16: =raw_data!$X16*mass_composition!$E16/100 -> 0 | Y16: =raw_data!$Y16*mass_composition!$E16/100 -> 0 | Z16: =raw_data!$Z16*mass_composition!$E16/100 -> 0 | AA16: =raw_data!$AA16*mass_composition!$E16/100 -> 0 | AB16: =raw_data!$AB16*mass_composition!$E16/100 -> 0 | AC16: =raw_data!$AC16*mass_composition!$E16/100 -> 0 | AD16: =raw_data!$AD16*mass_composition!$E16/100 -> 0 | AE16: =raw_data!$AE16*mass_composition!$E16/100 -> 0 | AF16: =raw_data!$AF16*mass_composition!$E16/100 -> 0 | AG16: =raw_data!$AG16*mass_composition!$E16/100 -> 0 | AH16: =raw_data!$AH16*mass_composition!$E16/100 -> 0 | AI16: =raw_data!$AI16*mass_composition!$E16/100 -> 0 | AJ16: =raw_data!$AJ16*mass_composition!$E16/100 -> 0 | AK16: =raw_data!$AK16*mass_composition!$E16/100 -> 0 | AL16: =raw_data!$AL16*mass_composition!$E16/100 -> 0 | AM16: =raw_data!$AM16*mass_composition!$E16/100 -> 0 | AN16: =raw_data!$AN16*mass_composition!$E16/100 -> 0 | AO16: =raw_data!$AO16*mass_composition!$E16/100 -> 0 | AP16: =raw_data!$AP16*mass_composition!$E16/100 -> 0 | AQ16: =raw_data!$AQ16*mass_composition!$E16/100 -> 0 | AR16: =raw_data!$AR16*mass_composition!$E16/100 -> 0 | AS16: =raw_data!$AS16*mass_composition!$E16/100 -> 0 | AT16: =raw_data!$AT16*mass_composition!$E16/100 -> 0 | AU16: =raw_data!$AU16*mass_composition!$E16/100 -> 0 | AV16: =raw_data!$AV16*mass_composition!$E16/100 -> 0 | AW16: =raw_data!$AW16*mass_composition!$E16/100 -> 0 | AX16: =raw_data!$AX16*mass_composition!$E16/100 -> 0 | AY16: =raw_data!$AY16*mass_composition!$E16/100 -> 0 | AZ16: =raw_data!$AZ16*mass_composition!$E16/100 -> 0 | BA16: =raw_data!$BA16*mass_composition!$E16/100 -> 0 | BB16: =raw_data!$BB16*mass_composition!$E16/100 -> 0 | BC16: =raw_data!$BC16*mass_composition!$E16/100 -> 0 | BD16: =raw_data!$BD16*mass_composition!$E16/100 -> 0 | BE16: =raw_data!$BE16*mass_composition!$E16/100 -> 0 | BF16: =raw_data!$BF16*mass_composition!$E16/100 -> 0 | BG16: =raw_data!$BG16*mass_composition!$E16/100 -> 0 | BH16: 0 | BI16: 1.7614203 | BJ16: 0 | BK16: =raw_data!$BK16*$E16/100 -> 0 | BL16: =raw_data!$BL16*$E16/100 -> 0 | BM16: 0 | BN16: =raw_data!$BN16*$E16/100 -> 0 | BO16: =raw_data!$BO16*$E16/100 -> 0 | BP16: =raw_data!$BP16*$E16/100 -> 0 | BQ16: 0 | BR16: =raw_data!$BR16*$E16/100 -> 0 | BS16: 17.08304 | BT16: 1.3205127 | BU16: 18.108637 | BV16: 5.1915545 | BW16: 0 | BX16: 0 | BY16: 25.061611 | BZ16: 15.768966 | CA16: 0 | CB16: 65.636501
A17: Food product | B17: Average Tomato, F&V | D17: =raw_data!$D17*$C17/100 -> 0 | E17: =raw_data!$E17*$C17/100 -> 0 | F17: =raw_data!$F17*$E17/100 -> 0 | G17: =raw_data!$G17*$E17/100 -> 0 | H17: 15.791317 | I17: 441.2831 | J17: =raw_data!$J17*mass_composition!$E17/100 -> 0 | K17: =raw_data!$K17*mass_composition!$E17/100 -> 0 | L17: =raw_data!$L17*mass_composition!$E17/100 -> 0 | M17: =raw_data!$M17*mass_composition!$E17/100 -> 0 | N17: =raw_data!$N17*mass_composition!$E17/100 -> 0 | O17: =raw_data!$O17*mass_composition!$E17/100 -> 0 | P17: =raw_data!$P17*mass_composition!$E17/100 -> 0 | Q17: =raw_data!$Q17*mass_composition!$E17/100 -> 0 | R17: =raw_data!$R17*mass_composition!$E17/100 -> 0 | S17: =raw_data!$S17*mass_composition!$E17/100 -> 0 | T17: =raw_data!$T17*mass_composition!$E17/100 -> 0 | U17: =raw_data!$U17*mass_composition!$E17/100 -> 0 | V17: =raw_data!$V17*mass_composition!$E17/100 -> 0 | W17: =raw_data!$W17*mass_composition!$E17/100 -> 0 | X17: =raw_data!$X17*mass_composition!$E17/100 -> 0 | Y17: =raw_data!$Y17*mass_composition!$E17/100 -> 0 | Z17: =raw_data!$Z17*mass_composition!$E17/100 -> 0 | AA17: =raw_data!$AA17*mass_composition!$E17/100 -> 0 | AB17: =raw_data!$AB17*mass_composition!$E17/100 -> 0 | AC17: =raw_data!$AC17*mass_composition!$E17/100 -> 0 | AD17: =raw_data!$AD17*mass_composition!$E17/100 -> 0 | AE17: =raw_data!$AE17*mass_composition!$E17/100 -> 0 | AF17: =raw_data!$AF17*mass_composition!$E17/100 -> 0 | AG17: =raw_data!$AG17*mass_composition!$E17/100 -> 0 | AH17: =raw_data!$AH17*mass_composition!$E17/100 -> 0 | AI17: =raw_data!$AI17*mass_composition!$E17/100 -> 0 | AJ17: =raw_data!$AJ17*mass_composition!$E17/100 -> 0 | AK17: =raw_data!$AK17*mass_composition!$E17/100 -> 0 | AL17: =raw_data!$AL17*mass_composition!$E17/100 -> 0 | AM17: =raw_data!$AM17*mass_composition!$E17/100 -> 0 | AN17: =raw_data!$AN17*mass_composition!$E17/100 -> 0 | AO17: =raw_data!$AO17*mass_composition!$E17/100 -> 0 | AP17: =raw_data!$AP17*mass_composition!$E17/100 -> 0 | AQ17: =raw_data!$AQ17*mass_composition!$E17/100 -> 0 | AR17: =raw_data!$AR17*mass_composition!$E17/100 -> 0 | AS17: =raw_data!$AS17*mass_composition!$E17/100 -> 0 | AT17: =raw_data!$AT17*mass_composition!$E17/100 -> 0 | AU17: =raw_data!$AU17*mass_composition!$E17/100 -> 0 | AV17: =raw_data!$AV17*mass_composition!$E17/100 -> 0 | AW17: =raw_data!$AW17*mass_composition!$E17/100 -> 0 | AX17: =raw_data!$AX17*mass_composition!$E17/100 -> 0 | AY17: =raw_data!$AY17*mass_composition!$E17/100 -> 0 | AZ17: =raw_data!$AZ17*mass_composition!$E17/100 -> 0 | BA17: =raw_data!$BA17*mass_composition!$E17/100 -> 0 | BB17: =raw_data!$BB17*mass_composition!$E17/100 -> 0 | BC17: =raw_data!$BC17*mass_composition!$E17/100 -> 0 | BD17: =raw_data!$BD17*mass_composition!$E17/100 -> 0 | BE17: =raw_data!$BE17*mass_composition!$E17/100 -> 0 | BF17: =raw_data!$BF17*mass_composition!$E17/100 -> 0 | BG17: =raw_data!$BG17*mass_composition!$E17/100 -> 0 | BH17: 0 | BI17: 0 | BJ17: 1.3191489 | BK17: =raw_data!$BK17*$E17/100 -> 0 | BL17: =raw_data!$BL17*$E17/100 -> 0 | BM17: 0 | BN17: =raw_data!$BN17*$E17/100 -> 0 | BO17: =raw_data!$BO17*$E17/100 -> 0 | BP17: =raw_data!$BP17*$E17/100 -> 0 | BQ17: 0 | BR17: =raw_data!$BR17*$E17/100 -> 0 | BS17: 16.075768 | BT17: 1.2180018 | BU17: 20.813239 | BV17: 13.191489 | BW17: 0 | BX17: 0 | BY17: 34.004728 | BZ17: 14.080378 | CA17: 0 | CB17: 28.541371
A18: Food product | B18: Average Banana, F&V | D18: =raw_data!$D18*$C18/100 -> 0 | E18: =raw_data!$E18*$C18/100 -> 0 | F18: =raw_data!$F18*$E18/100 -> 0 | G18: =raw_data!$G18*$E18/100 -> 0 | H18: 15.346062 | I18: 424.70208 | J18: =raw_data!$J18*mass_composition!$E18/100 -> 0 | K18: =raw_data!$K18*mass_composition!$E18/100 -> 0 | L18: =raw_data!$L18*mass_composition!$E18/100 -> 0 | M18: =raw_data!$M18*mass_composition!$E18/100 -> 0 | N18: =raw_data!$N18*mass_composition!$E18/100 -> 0 | O18: =raw_data!$O18*mass_composition!$E18/100 -> 0 | P18: =raw_data!$P18*mass_composition!$E18/100 -> 0 | Q18: =raw_data!$Q18*mass_composition!$E18/100 -> 0 | R18: =raw_data!$R18*mass_composition!$E18/100 -> 0 | S18: =raw_data!$S18*mass_composition!$E18/100 -> 0 | T18: =raw_data!$T18*mass_composition!$E18/100 -> 0 | U18: =raw_data!$U18*mass_composition!$E18/100 -> 0 | V18: =raw_data!$V18*mass_composition!$E18/100 -> 0 | W18: =raw_data!$W18*mass_composition!$E18/100 -> 0 | X18: =raw_data!$X18*mass_composition!$E18/100 -> 0 | Y18: =raw_data!$Y18*mass_composition!$E18/100 -> 0 | Z18: =raw_data!$Z18*mass_composition!$E18/100 -> 0 | AA18: =raw_data!$AA18*mass_composition!$E18/100 -> 0 | AB18: =raw_data!$AB18*mass_composition!$E18/100 -> 0 | AC18: =raw_data!$AC18*mass_composition!$E18/100 -> 0 | AD18: =raw_data!$AD18*mass_composition!$E18/100 -> 0 | AE18: =raw_data!$AE18*mass_composition!$E18/100 -> 0 | AF18: =raw_data!$AF18*mass_composition!$E18/100 -> 0 | AG18: =raw_data!$AG18*mass_composition!$E18/100 -> 0 | AH18: =raw_data!$AH18*mass_composition!$E18/100 -> 0 | AI18: =raw_data!$AI18*mass_composition!$E18/100 -> 0 | AJ18: =raw_data!$AJ18*mass_composition!$E18/100 -> 0 | AK18: =raw_data!$AK18*mass_composition!$E18/100 -> 0 | AL18: =raw_data!$AL18*mass_composition!$E18/100 -> 0 | AM18: =raw_data!$AM18*mass_composition!$E18/100 -> 0 | AN18: =raw_data!$AN18*mass_composition!$E18/100 -> 0 | AO18: =raw_data!$AO18*mass_composition!$E18/100 -> 0 | AP18: =raw_data!$AP18*mass_composition!$E18/100 -> 0 | AQ18: =raw_data!$AQ18*mass_composition!$E18/100 -> 0 | AR18: =raw_data!$AR18*mass_composition!$E18/100 -> 0 | AS18: =raw_data!$AS18*mass_composition!$E18/100 -> 0 | AT18: =raw_data!$AT18*mass_composition!$E18/100 -> 0 | AU18: =raw_data!$AU18*mass_composition!$E18/100 -> 0 | AV18: =raw_data!$AV18*mass_composition!$E18/100 -> 0 | AW18: =raw_data!$AW18*mass_composition!$E18/100 -> 0 | AX18: =raw_data!$AX18*mass_composition!$E18/100 -> 0 | AY18: =raw_data!$AY18*mass_composition!$E18/100 -> 0 | AZ18: =raw_data!$AZ18*mass_composition!$E18/100 -> 0 | BA18: =raw_data!$BA18*mass_composition!$E18/100 -> 0 | BB18: =raw_data!$BB18*mass_composition!$E18/100 -> 0 | BC18: =raw_data!$BC18*mass_composition!$E18/100 -> 0 | BD18: =raw_data!$BD18*mass_composition!$E18/100 -> 0 | BE18: =raw_data!$BE18*mass_composition!$E18/100 -> 0 | BF18: =raw_data!$BF18*mass_composition!$E18/100 -> 0 | BG18: =raw_data!$BG18*mass_composition!$E18/100 -> 0 | BH18: 0 | BI18: 25.403226 | BJ18: 10.887097 | BK18: =raw_data!$BK18*$E18/100 -> 0 | BL18: =raw_data!$BL18*$E18/100 -> 0 | BM18: 0 | BN18: =raw_data!$BN18*$E18/100 -> 0 | BO18: =raw_data!$BO18*$E18/100 -> 0 | BP18: =raw_data!$BP18*$E18/100 -> 0 | BQ18: 0 | BR18: =raw_data!$BR18*$E18/100 -> 0 | BS18: 16.655943 | BT18: 1.2773283 | BU18: 15.322581 | BV18: 23.387097 | BW18: 0 | BX18: 0 | BY18: 64.112903 | BZ18: 16.129032 | CA18: 0 | CB18: 12.33871
A19: Food product | B19: Average Orange, F&V | D19: =raw_data!$D19*$C19/100 -> 0 | E19: =raw_data!$E19*$C19/100 -> 0 | F19: =raw_data!$F19*$E19/100 -> 0 | G19: =raw_data!$G19*$E19/100 -> 0 | H19: 15.878458 | I19: 448 | J19: =raw_data!$J19*mass_composition!$E19/100 -> 0 | K19: =raw_data!$K19*mass_composition!$E19/100 -> 0 | L19: =raw_data!$L19*mass_composition!$E19/100 -> 0 | M19: =raw_data!$M19*mass_composition!$E19/100 -> 0 | N19: =raw_data!$N19*mass_composition!$E19/100 -> 0 | O19: =raw_data!$O19*mass_composition!$E19/100 -> 0 | P19: =raw_data!$P19*mass_composition!$E19/100 -> 0 | Q19: =raw_data!$Q19*mass_composition!$E19/100 -> 0 | R19: =raw_data!$R19*mass_composition!$E19/100 -> 0 | S19: =raw_data!$S19*mass_composition!$E19/100 -> 0 | T19: =raw_data!$T19*mass_composition!$E19/100 -> 0 | U19: =raw_data!$U19*mass_composition!$E19/100 -> 0 | V19: =raw_data!$V19*mass_composition!$E19/100 -> 0 | W19: =raw_data!$W19*mass_composition!$E19/100 -> 0 | X19: =raw_data!$X19*mass_composition!$E19/100 -> 0 | Y19: =raw_data!$Y19*mass_composition!$E19/100 -> 0 | Z19: =raw_data!$Z19*mass_composition!$E19/100 -> 0 | AA19: =raw_data!$AA19*mass_composition!$E19/100 -> 0 | AB19: =raw_data!$AB19*mass_composition!$E19/100 -> 0 | AC19: =raw_data!$AC19*mass_composition!$E19/100 -> 0 | AD19: =raw_data!$AD19*mass_composition!$E19/100 -> 0 | AE19: =raw_data!$AE19*mass_composition!$E19/100 -> 0 | AF19: =raw_data!$AF19*mass_composition!$E19/100 -> 0 | AG19: =raw_data!$AG19*mass_composition!$E19/100 -> 0 | AH19: =raw_data!$AH19*mass_composition!$E19/100 -> 0 | AI19: =raw_data!$AI19*mass_composition!$E19/100 -> 0 | AJ19: =raw_data!$AJ19*mass_composition!$E19/100 -> 0 | AK19: =raw_data!$AK19*mass_composition!$E19/100 -> 0 | AL19: =raw_data!$AL19*mass_composition!$E19/100 -> 0 | AM19: =raw_data!$AM19*mass_composition!$E19/100 -> 0 | AN19: =raw_data!$AN19*mass_composition!$E19/100 -> 0 | AO19: =raw_data!$AO19*mass_composition!$E19/100 -> 0 | AP19: =raw_data!$AP19*mass_composition!$E19/100 -> 0 | AQ19: =raw_data!$AQ19*mass_composition!$E19/100 -> 0 | AR19: =raw_data!$AR19*mass_composition!$E19/100 -> 0 | AS19: =raw_data!$AS19*mass_composition!$E19/100 -> 0 | AT19: =raw_data!$AT19*mass_composition!$E19/100 -> 0 | AU19: =raw_data!$AU19*mass_composition!$E19/100 -> 0 | AV19: =raw_data!$AV19*mass_composition!$E19/100 -> 0 | AW19: =raw_data!$AW19*mass_composition!$E19/100 -> 0 | AX19: =raw_data!$AX19*mass_composition!$E19/100 -> 0 | AY19: =raw_data!$AY19*mass_composition!$E19/100 -> 0 | AZ19: =raw_data!$AZ19*mass_composition!$E19/100 -> 0 | BA19: =raw_data!$BA19*mass_composition!$E19/100 -> 0 | BB19: =raw_data!$BB19*mass_composition!$E19/100 -> 0 | BC19: =raw_data!$BC19*mass_composition!$E19/100 -> 0 | BD19: =raw_data!$BD19*mass_composition!$E19/100 -> 0 | BE19: =raw_data!$BE19*mass_composition!$E19/100 -> 0 | BF19: =raw_data!$BF19*mass_composition!$E19/100 -> 0 | BG19: =raw_data!$BG19*mass_composition!$E19/100 -> 0 | BH19: 0 | BI19: 25.925926 | BJ19: 0 | BK19: =raw_data!$BK19*$E19/100 -> 0 | BL19: =raw_data!$BL19*$E19/100 -> 0 | BM19: 0 | BN19: =raw_data!$BN19*$E19/100 -> 0 | BO19: =raw_data!$BO19*$E19/100 -> 0 | BP19: =raw_data!$BP19*$E19/100 -> 0 | BQ19: 0 | BR19: =raw_data!$BR19*$E19/100 -> 0 | BS19: 17.558714 | BT19: 1.3675568 | BU19: 16.296296 | BV19: 18.518519 | BW19: 0 | BX19: 0 | BY19: 60.740741 | BZ19: 16 | CA19: 0 | CB19: 25.185185
A20: Food product | B20: Average Lettuce, F&V | D20: =raw_data!$D20*$C20/100 -> 0 | E20: =raw_data!$E20*$C20/100 -> 0 | F20: =raw_data!$F20*$E20/100 -> 0 | G20: =raw_data!$G20*$E20/100 -> 0 | H20: 15.54352 | I20: 463.22917 | J20: =raw_data!$J20*mass_composition!$E20/100 -> 0 | K20: =raw_data!$K20*mass_composition!$E20/100 -> 0 | L20: =raw_data!$L20*mass_composition!$E20/100 -> 0 | M20: =raw_data!$M20*mass_composition!$E20/100 -> 0 | N20: =raw_data!$N20*mass_composition!$E20/100 -> 0 | O20: =raw_data!$O20*mass_composition!$E20/100 -> 0 | P20: =raw_data!$P20*mass_composition!$E20/100 -> 0 | Q20: =raw_data!$Q20*mass_composition!$E20/100 -> 0 | R20: =raw_data!$R20*mass_composition!$E20/100 -> 0 | S20: =raw_data!$S20*mass_composition!$E20/100 -> 0 | T20: =raw_data!$T20*mass_composition!$E20/100 -> 0 | U20: =raw_data!$U20*mass_composition!$E20/100 -> 0 | V20: =raw_data!$V20*mass_composition!$E20/100 -> 0 | W20: =raw_data!$W20*mass_composition!$E20/100 -> 0 | X20: =raw_data!$X20*mass_composition!$E20/100 -> 0 | Y20: =raw_data!$Y20*mass_composition!$E20/100 -> 0 | Z20: =raw_data!$Z20*mass_composition!$E20/100 -> 0 | AA20: =raw_data!$AA20*mass_composition!$E20/100 -> 0 | AB20: =raw_data!$AB20*mass_composition!$E20/100 -> 0 | AC20: =raw_data!$AC20*mass_composition!$E20/100 -> 0 | AD20: =raw_data!$AD20*mass_composition!$E20/100 -> 0 | AE20: =raw_data!$AE20*mass_composition!$E20/100 -> 0 | AF20: =raw_data!$AF20*mass_composition!$E20/100 -> 0 | AG20: =raw_data!$AG20*mass_composition!$E20/100 -> 0 | AH20: =raw_data!$AH20*mass_composition!$E20/100 -> 0 | AI20: =raw_data!$AI20*mass_composition!$E20/100 -> 0 | AJ20: =raw_data!$AJ20*mass_composition!$E20/100 -> 0 | AK20: =raw_data!$AK20*mass_composition!$E20/100 -> 0 | AL20: =raw_data!$AL20*mass_composition!$E20/100 -> 0 | AM20: =raw_data!$AM20*mass_composition!$E20/100 -> 0 | AN20: =raw_data!$AN20*mass_composition!$E20/100 -> 0 | AO20: =raw_data!$AO20*mass_composition!$E20/100 -> 0 | AP20: =raw_data!$AP20*mass_composition!$E20/100 -> 0 | AQ20: =raw_data!$AQ20*mass_composition!$E20/100 -> 0 | AR20: =raw_data!$AR20*mass_composition!$E20/100 -> 0 | AS20: =raw_data!$AS20*mass_composition!$E20/100 -> 0 | AT20: =raw_data!$AT20*mass_composition!$E20/100 -> 0 | AU20: =raw_data!$AU20*mass_composition!$E20/100 -> 0 | AV20: =raw_data!$AV20*mass_composition!$E20/100 -> 0 | AW20: =raw_data!$AW20*mass_composition!$E20/100 -> 0 | AX20: =raw_data!$AX20*mass_composition!$E20/100 -> 0 | AY20: =raw_data!$AY20*mass_composition!$E20/100 -> 0 | AZ20: =raw_data!$AZ20*mass_composition!$E20/100 -> 0 | BA20: =raw_data!$BA20*mass_composition!$E20/100 -> 0 | BB20: =raw_data!$BB20*mass_composition!$E20/100 -> 0 | BC20: =raw_data!$BC20*mass_composition!$E20/100 -> 0 | BD20: =raw_data!$BD20*mass_composition!$E20/100 -> 0 | BE20: =raw_data!$BE20*mass_composition!$E20/100 -> 0 | BF20: =raw_data!$BF20*mass_composition!$E20/100 -> 0 | BG20: =raw_data!$BG20*mass_composition!$E20/100 -> 0 | BH20: 0 | BI20: 0 | BJ20: 0 | BK20: =raw_data!$BK20*$E20/100 -> 0 | BL20: =raw_data!$BL20*$E20/100 -> 0 | BM20: 0 | BN20: =raw_data!$BN20*$E20/100 -> 0 | BO20: =raw_data!$BO20*$E20/100 -> 0 | BP20: =raw_data!$BP20*$E20/100 -> 0 | BQ20: 0 | BR20: =raw_data!$BR20*$E20/100 -> 0 | BS20: 17.269016 | BT20: 1.3389057 | BU20: 0 | BV20: 0 | BW20: 0 | BX20: 0 | BY20: 0 | BZ20: 13.093174 | CA20: 0 | CB20: 61.432753
A21: Food product | B21: Average Carrot, F&V | C21: =13.7254901960785/6 -> 2.2875817 | D21: =raw_data!$D21*$C21/100 -> 2.0367102 | E21: =raw_data!$E21*$C21/100 -> 0.25087146 | F21: =raw_data!$F21*$E21/100 -> 0.23410889 | G21: =raw_data!$G21*$E21/100 -> 0.016762568 | H21: 15.262832 | I21: 442.57712 | J21: =raw_data!$J21*mass_composition!$E21/100 -> 0.10171253 | K21: =raw_data!$K21*mass_composition!$E21/100 -> 0.10074995 | L21: =raw_data!$L21*mass_composition!$E21/100 -> 0 | M21: =raw_data!$M21*mass_composition!$E21/100 -> 0.00073388634 | N21: =raw_data!$N21*mass_composition!$E21/100 -> 0 | O21: =raw_data!$O21*mass_composition!$E21/100 -> 0 | P21: =raw_data!$P21*mass_composition!$E21/100 -> 0.0158272 | Q21: =raw_data!$Q21*mass_composition!$E21/100 -> 0.0064527403 | R21: =raw_data!$R21*mass_composition!$E21/100 -> 0.0030598849 | S21: =raw_data!$S21*mass_composition!$E21/100 -> 0.0015119095 | T21: =raw_data!$T21*mass_composition!$E21/100 -> 0.11323247 | U21: =raw_data!$U21*mass_composition!$E21/100 -> 0.00069697699 | V21: =raw_data!$V21*mass_composition!$E21/100 -> 0.00067410817 | W21: =raw_data!$W21*mass_composition!$E21/100 -> 0 | X21: =raw_data!$X21*mass_composition!$E21/100 -> 0 | Y21: =raw_data!$Y21*mass_composition!$E21/100 -> 0 | Z21: =raw_data!$Z21*mass_composition!$E21/100 -> 4.1233896e-09 | AA21: =raw_data!$AA21*mass_composition!$E21/100 -> 0 | AB21: =raw_data!$AB21*mass_composition!$E21/100 -> 0 | AC21: =raw_data!$AC21*mass_composition!$E21/100 -> 0 | AD21: =raw_data!$AD21*mass_composition!$E21/100 -> 0 | AE21: =raw_data!$AE21*mass_composition!$E21/100 -> 0 | AF21: =raw_data!$AF21*mass_composition!$E21/100 -> 0 | AG21: =raw_data!$AG21*mass_composition!$E21/100 -> 4.1439913e-08 | AH21: =raw_data!$AH21*mass_composition!$E21/100 -> 0 | AI21: =raw_data!$AI21*mass_composition!$E21/100 -> 1.8326176e-08 | AJ21: =raw_data!$AJ21*mass_composition!$E21/100 -> 8.2467792e-07 | AK21: =raw_data!$AK21*mass_composition!$E21/100 -> 7.4898809e-06 | AL21: =raw_data!$AL21*mass_composition!$E21/100 -> 0 | AM21: =raw_data!$AM21*mass_composition!$E21/100 -> 3.6652352e-09 | AN21: =raw_data!$AN21*mass_composition!$E21/100 -> 0 | AO21: =raw_data!$AO21*mass_composition!$E21/100 -> 0 | AP21: =raw_data!$AP21*mass_composition!$E21/100 -> 0.00024350357 | AQ21: =raw_data!$AQ21*mass_composition!$E21/100 -> 8.2467792e-06 | AR21: =raw_data!$AR21*mass_composition!$E21/100 -> 0 | AS21: =raw_data!$AS21*mass_composition!$E21/100 -> 1.0952641e-07 | AT21: =raw_data!$AT21*mass_composition!$E21/100 -> 2.9078096e-08 | AU21: =raw_data!$AU21*mass_composition!$E21/100 -> 0 | AV21: =raw_data!$AV21*mass_composition!$E21/100 -> 0 | AW21: =raw_data!$AW21*mass_composition!$E21/100 -> 0 | AX21: =raw_data!$AX21*mass_composition!$E21/100 -> 3.7450993e-09 | AY21: =raw_data!$AY21*mass_composition!$E21/100 -> 0 | AZ21: =raw_data!$AZ21*mass_composition!$E21/100 -> 0 | BA21: =raw_data!$BA21*mass_composition!$E21/100 -> 0 | BB21: =raw_data!$BB21*mass_composition!$E21/100 -> 0 | BC21: =raw_data!$BC21*mass_composition!$E21/100 -> 0 | BD21: =raw_data!$BD21*mass_composition!$E21/100 -> 0 | BE21: =raw_data!$BE21*mass_composition!$E21/100 -> 4.7040404e-06 | BF21: =raw_data!$BF21*mass_composition!$E21/100 -> 0 | BG21: =raw_data!$BG21*mass_composition!$E21/100 -> 0 | BH21: 0 | BI21: 14.975263 | BJ21: 0 | BK21: =raw_data!$BK21*$E21/100 -> 0.021762334 | BL21: =raw_data!$BL21*$E21/100 -> 0 | BM21: 0 | BN21: =raw_data!$BN21*$E21/100 -> 0.0013744632 | BO21: =raw_data!$BO21*$E21/100 -> 0.018984086 | BP21: =raw_data!$BP21*$E21/100 -> 0.009163088 | BQ21: 0 | BR21: =raw_data!$BR21*$E21/100 -> 0.20596172 | BS21: 16.692835 | BT21: 1.2814461 | BU21: 17.34939 | BV21: 23.37602 | BW21: 0 | BX21: 0 | BY21: 55.700673 | BZ21: 14.286601 | CA21: 0 | CB21: 17.175262
A22: Food product | B22: Average Clementine, F&V | D22: =raw_data!$D22*$C22/100 -> 0 | E22: =raw_data!$E22*$C22/100 -> 0 | F22: =raw_data!$F22*$E22/100 -> 0 | G22: =raw_data!$G22*$E22/100 -> 0 | H22: 15.697318 | I22: 434.37705 | J22: =raw_data!$J22*mass_composition!$E22/100 -> 0 | K22: =raw_data!$K22*mass_composition!$E22/100 -> 0 | L22: =raw_data!$L22*mass_composition!$E22/100 -> 0 | M22: =raw_data!$M22*mass_composition!$E22/100 -> 0 | N22: =raw_data!$N22*mass_composition!$E22/100 -> 0 | O22: =raw_data!$O22*mass_composition!$E22/100 -> 0 | P22: =raw_data!$P22*mass_composition!$E22/100 -> 0 | Q22: =raw_data!$Q22*mass_composition!$E22/100 -> 0 | R22: =raw_data!$R22*mass_composition!$E22/100 -> 0 | S22: =raw_data!$S22*mass_composition!$E22/100 -> 0 | T22: =raw_data!$T22*mass_composition!$E22/100 -> 0 | U22: =raw_data!$U22*mass_composition!$E22/100 -> 0 | V22: =raw_data!$V22*mass_composition!$E22/100 -> 0 | W22: =raw_data!$W22*mass_composition!$E22/100 -> 0 | X22: =raw_data!$X22*mass_composition!$E22/100 -> 0 | Y22: =raw_data!$Y22*mass_composition!$E22/100 -> 0 | Z22: =raw_data!$Z22*mass_composition!$E22/100 -> 0 | AA22: =raw_data!$AA22*mass_composition!$E22/100 -> 0 | AB22: =raw_data!$AB22*mass_composition!$E22/100 -> 0 | AC22: =raw_data!$AC22*mass_composition!$E22/100 -> 0 | AD22: =raw_data!$AD22*mass_composition!$E22/100 -> 0 | AE22: =raw_data!$AE22*mass_composition!$E22/100 -> 0 | AF22: =raw_data!$AF22*mass_composition!$E22/100 -> 0 | AG22: =raw_data!$AG22*mass_composition!$E22/100 -> 0 | AH22: =raw_data!$AH22*mass_composition!$E22/100 -> 0 | AI22: =raw_data!$AI22*mass_composition!$E22/100 -> 0 | AJ22: =raw_data!$AJ22*mass_composition!$E22/100 -> 0 | AK22: =raw_data!$AK22*mass_composition!$E22/100 -> 0 | AL22: =raw_data!$AL22*mass_composition!$E22/100 -> 0 | AM22: =raw_data!$AM22*mass_composition!$E22/100 -> 0 | AN22: =raw_data!$AN22*mass_composition!$E22/100 -> 0 | AO22: =raw_data!$AO22*mass_composition!$E22/100 -> 0 | AP22: =raw_data!$AP22*mass_composition!$E22/100 -> 0 | AQ22: =raw_data!$AQ22*mass_composition!$E22/100 -> 0 | AR22: =raw_data!$AR22*mass_composition!$E22/100 -> 0 | AS22: =raw_data!$AS22*mass_composition!$E22/100 -> 0 | AT22: =raw_data!$AT22*mass_composition!$E22/100 -> 0 | AU22: =raw_data!$AU22*mass_composition!$E22/100 -> 0 | AV22: =raw_data!$AV22*mass_composition!$E22/100 -> 0 | AW22: =raw_data!$AW22*mass_composition!$E22/100 -> 0 | AX22: =raw_data!$AX22*mass_composition!$E22/100 -> 0 | AY22: =raw_data!$AY22*mass_composition!$E22/100 -> 0 | AZ22: =raw_data!$AZ22*mass_composition!$E22/100 -> 0 | BA22: =raw_data!$BA22*mass_composition!$E22/100 -> 0 | BB22: =raw_data!$BB22*mass_composition!$E22/100 -> 0 | BC22: =raw_data!$BC22*mass_composition!$E22/100 -> 0 | BD22: =raw_data!$BD22*mass_composition!$E22/100 -> 0 | BE22: =raw_data!$BE22*mass_composition!$E22/100 -> 0 | BF22: =raw_data!$BF22*mass_composition!$E22/100 -> 0 | BG22: =raw_data!$BG22*mass_composition!$E22/100 -> 0 | BH22: 0 | BI22: 0 | BJ22: 0 | BK22: =raw_data!$BK22*$E22/100 -> 0 | BL22: =raw_data!$BL22*$E22/100 -> 0 | BM22: 0 | BN22: =raw_data!$BN22*$E22/100 -> 0 | BO22: =raw_data!$BO22*$E22/100 -> 0 | BP22: =raw_data!$BP22*$E22/100 -> 0 | BQ22: 0 | BR22: =raw_data!$BR22*$E22/100 -> 0 | BS22: 17.25725 | BT22: 1.337742 | BU22: 0 | BV22: 0 | BW22: 0 | BX22: 0 | BY22: 64 | BZ22: 16.24 | CA22: 0 | CB22: 89.6
A23: Food product | B23: Average Peach, F&V | D23: =raw_data!$D23*$C23/100 -> 0 | E23: =raw_data!$E23*$C23/100 -> 0 | F23: =raw_data!$F23*$E23/100 -> 0 | G23: =raw_data!$G23*$E23/100 -> 0 | H23: 15.927412 | I23: 428.07718 | J23: =raw_data!$J23*mass_composition!$E23/100 -> 0 | K23: =raw_data!$K23*mass_composition!$E23/100 -> 0 | L23: =raw_data!$L23*mass_composition!$E23/100 -> 0 | M23: =raw_data!$M23*mass_composition!$E23/100 -> 0 | N23: =raw_data!$N23*mass_composition!$E23/100 -> 0 | O23: =raw_data!$O23*mass_composition!$E23/100 -> 0 | P23: =raw_data!$P23*mass_composition!$E23/100 -> 0 | Q23: =raw_data!$Q23*mass_composition!$E23/100 -> 0 | R23: =raw_data!$R23*mass_composition!$E23/100 -> 0 | S23: =raw_data!$S23*mass_composition!$E23/100 -> 0 | T23: =raw_data!$T23*mass_composition!$E23/100 -> 0 | U23: =raw_data!$U23*mass_composition!$E23/100 -> 0 | V23: =raw_data!$V23*mass_composition!$E23/100 -> 0 | W23: =raw_data!$W23*mass_composition!$E23/100 -> 0 | X23: =raw_data!$X23*mass_composition!$E23/100 -> 0 | Y23: =raw_data!$Y23*mass_composition!$E23/100 -> 0 | Z23: =raw_data!$Z23*mass_composition!$E23/100 -> 0 | AA23: =raw_data!$AA23*mass_composition!$E23/100 -> 0 | AB23: =raw_data!$AB23*mass_composition!$E23/100 -> 0 | AC23: =raw_data!$AC23*mass_composition!$E23/100 -> 0 | AD23: =raw_data!$AD23*mass_composition!$E23/100 -> 0 | AE23: =raw_data!$AE23*mass_composition!$E23/100 -> 0 | AF23: =raw_data!$AF23*mass_composition!$E23/100 -> 0 | AG23: =raw_data!$AG23*mass_composition!$E23/100 -> 0 | AH23: =raw_data!$AH23*mass_composition!$E23/100 -> 0 | AI23: =raw_data!$AI23*mass_composition!$E23/100 -> 0 | AJ23: =raw_data!$AJ23*mass_composition!$E23/100 -> 0 | AK23: =raw_data!$AK23*mass_composition!$E23/100 -> 0 | AL23: =raw_data!$AL23*mass_composition!$E23/100 -> 0 | AM23: =raw_data!$AM23*mass_composition!$E23/100 -> 0 | AN23: =raw_data!$AN23*mass_composition!$E23/100 -> 0 | AO23: =raw_data!$AO23*mass_composition!$E23/100 -> 0 | AP23: =raw_data!$AP23*mass_composition!$E23/100 -> 0 | AQ23: =raw_data!$AQ23*mass_composition!$E23/100 -> 0 | AR23: =raw_data!$AR23*mass_composition!$E23/100 -> 0 | AS23: =raw_data!$AS23*mass_composition!$E23/100 -> 0 | AT23: =raw_data!$AT23*mass_composition!$E23/100 -> 0 | AU23: =raw_data!$AU23*mass_composition!$E23/100 -> 0 | AV23: =raw_data!$AV23*mass_composition!$E23/100 -> 0 | AW23: =raw_data!$AW23*mass_composition!$E23/100 -> 0 | AX23: =raw_data!$AX23*mass_composition!$E23/100 -> 0 | AY23: =raw_data!$AY23*mass_composition!$E23/100 -> 0 | AZ23: =raw_data!$AZ23*mass_composition!$E23/100 -> 0 | BA23: =raw_data!$BA23*mass_composition!$E23/100 -> 0 | BB23: =raw_data!$BB23*mass_composition!$E23/100 -> 0 | BC23: =raw_data!$BC23*mass_composition!$E23/100 -> 0 | BD23: =raw_data!$BD23*mass_composition!$E23/100 -> 0 | BE23: =raw_data!$BE23*mass_composition!$E23/100 -> 0 | BF23: =raw_data!$BF23*mass_composition!$E23/100 -> 0 | BG23: =raw_data!$BG23*mass_composition!$E23/100 -> 0 | BH23: 0 | BI23: 26.4 | BJ23: 0 | BK23: =raw_data!$BK23*$E23/100 -> 0 | BL23: =raw_data!$BL23*$E23/100 -> 0 | BM23: 0 | BN23: =raw_data!$BN23*$E23/100 -> 0 | BO23: =raw_data!$BO23*$E23/100 -> 0 | BP23: =raw_data!$BP23*$E23/100 -> 0 | BQ23: 0 | BR23: =raw_data!$BR23*$E23/100 -> 0 | BS23: 16.557198 | BT23: 1.2663901 | BU23: 4.8 | BV23: 4 | BW23: 0 | BX23: 0 | BY23: 35.2 | BZ23: 15.742581 | CA23: 0 | CB23: 47.85871
A24: Food product | B24: Average Melon, F&V | D24: =raw_data!$D24*$C24/100 -> 0 | E24: =raw_data!$E24*$C24/100 -> 0 | F24: =raw_data!$F24*$E24/100 -> 0 | G24: =raw_data!$G24*$E24/100 -> 0 | H24: 15.01995 | I24: 439.29034 | J24: =raw_data!$J24*mass_composition!$E24/100 -> 0 | K24: =raw_data!$K24*mass_composition!$E24/100 -> 0 | L24: =raw_data!$L24*mass_composition!$E24/100 -> 0 | M24: =raw_data!$M24*mass_composition!$E24/100 -> 0 | N24: =raw_data!$N24*mass_composition!$E24/100 -> 0 | O24: =raw_data!$O24*mass_composition!$E24/100 -> 0 | P24: =raw_data!$P24*mass_composition!$E24/100 -> 0 | Q24: =raw_data!$Q24*mass_composition!$E24/100 -> 0 | R24: =raw_data!$R24*mass_composition!$E24/100 -> 0 | S24: =raw_data!$S24*mass_composition!$E24/100 -> 0 | T24: =raw_data!$T24*mass_composition!$E24/100 -> 0 | U24: =raw_data!$U24*mass_composition!$E24/100 -> 0 | V24: =raw_data!$V24*mass_composition!$E24/100 -> 0 | W24: =raw_data!$W24*mass_composition!$E24/100 -> 0 | X24: =raw_data!$X24*mass_composition!$E24/100 -> 0 | Y24: =raw_data!$Y24*mass_composition!$E24/100 -> 0 | Z24: =raw_data!$Z24*mass_composition!$E24/100 -> 0 | AA24: =raw_data!$AA24*mass_composition!$E24/100 -> 0 | AB24: =raw_data!$AB24*mass_composition!$E24/100 -> 0 | AC24: =raw_data!$AC24*mass_composition!$E24/100 -> 0 | AD24: =raw_data!$AD24*mass_composition!$E24/100 -> 0 | AE24: =raw_data!$AE24*mass_composition!$E24/100 -> 0 | AF24: =raw_data!$AF24*mass_composition!$E24/100 -> 0 | AG24: =raw_data!$AG24*mass_composition!$E24/100 -> 0 | AH24: =raw_data!$AH24*mass_composition!$E24/100 -> 0 | AI24: =raw_data!$AI24*mass_composition!$E24/100 -> 0 | AJ24: =raw_data!$AJ24*mass_composition!$E24/100 -> 0 | AK24: =raw_data!$AK24*mass_composition!$E24/100 -> 0 | AL24: =raw_data!$AL24*mass_composition!$E24/100 -> 0 | AM24: =raw_data!$AM24*mass_composition!$E24/100 -> 0 | AN24: =raw_data!$AN24*mass_composition!$E24/100 -> 0 | AO24: =raw_data!$AO24*mass_composition!$E24/100 -> 0 | AP24: =raw_data!$AP24*mass_composition!$E24/100 -> 0 | AQ24: =raw_data!$AQ24*mass_composition!$E24/100 -> 0 | AR24: =raw_data!$AR24*mass_composition!$E24/100 -> 0 | AS24: =raw_data!$AS24*mass_composition!$E24/100 -> 0 | AT24: =raw_data!$AT24*mass_composition!$E24/100 -> 0 | AU24: =raw_data!$AU24*mass_composition!$E24/100 -> 0 | AV24: =raw_data!$AV24*mass_composition!$E24/100 -> 0 | AW24: =raw_data!$AW24*mass_composition!$E24/100 -> 0 | AX24: =raw_data!$AX24*mass_composition!$E24/100 -> 0 | AY24: =raw_data!$AY24*mass_composition!$E24/100 -> 0 | AZ24: =raw_data!$AZ24*mass_composition!$E24/100 -> 0 | BA24: =raw_data!$BA24*mass_composition!$E24/100 -> 0 | BB24: =raw_data!$BB24*mass_composition!$E24/100 -> 0 | BC24: =raw_data!$BC24*mass_composition!$E24/100 -> 0 | BD24: =raw_data!$BD24*mass_composition!$E24/100 -> 0 | BE24: =raw_data!$BE24*mass_composition!$E24/100 -> 0 | BF24: =raw_data!$BF24*mass_composition!$E24/100 -> 0 | BG24: =raw_data!$BG24*mass_composition!$E24/100 -> 0 | BH24: 0 | BI24: 20.817246 | BJ24: 0 | BK24: =raw_data!$BK24*$E24/100 -> 0 | BL24: =raw_data!$BL24*$E24/100 -> 0 | BM24: 0 | BN24: =raw_data!$BN24*$E24/100 -> 0 | BO24: =raw_data!$BO24*$E24/100 -> 0 | BP24: =raw_data!$BP24*$E24/100 -> 0 | BQ24: 0 | BR24: =raw_data!$BR24*$E24/100 -> 0 | BS24: 16.716239 | BT24: 1.284236 | BU24: 10.47619 | BV24: 11.795367 | BW24: 0 | BX24: 0 | BY24: 43.088803 | BZ24: 15.34307 | CA24: 0 | CB24: 38.188578
A25: Food product | B25: Average Pear, F&V | D25: =raw_data!$D25*$C25/100 -> 0 | E25: =raw_data!$E25*$C25/100 -> 0 | F25: =raw_data!$F25*$E25/100 -> 0 | G25: =raw_data!$G25*$E25/100 -> 0 | H25: 15.520816 | I25: 417.63889 | J25: =raw_data!$J25*mass_composition!$E25/100 -> 0 | K25: =raw_data!$K25*mass_composition!$E25/100 -> 0 | L25: =raw_data!$L25*mass_composition!$E25/100 -> 0 | M25: =raw_data!$M25*mass_composition!$E25/100 -> 0 | N25: =raw_data!$N25*mass_composition!$E25/100 -> 0 | O25: =raw_data!$O25*mass_composition!$E25/100 -> 0 | P25: =raw_data!$P25*mass_composition!$E25/100 -> 0 | Q25: =raw_data!$Q25*mass_composition!$E25/100 -> 0 | R25: =raw_data!$R25*mass_composition!$E25/100 -> 0 | S25: =raw_data!$S25*mass_composition!$E25/100 -> 0 | T25: =raw_data!$T25*mass_composition!$E25/100 -> 0 | U25: =raw_data!$U25*mass_composition!$E25/100 -> 0 | V25: =raw_data!$V25*mass_composition!$E25/100 -> 0 | W25: =raw_data!$W25*mass_composition!$E25/100 -> 0 | X25: =raw_data!$X25*mass_composition!$E25/100 -> 0 | Y25: =raw_data!$Y25*mass_composition!$E25/100 -> 0 | Z25: =raw_data!$Z25*mass_composition!$E25/100 -> 0 | AA25: =raw_data!$AA25*mass_composition!$E25/100 -> 0 | AB25: =raw_data!$AB25*mass_composition!$E25/100 -> 0 | AC25: =raw_data!$AC25*mass_composition!$E25/100 -> 0 | AD25: =raw_data!$AD25*mass_composition!$E25/100 -> 0 | AE25: =raw_data!$AE25*mass_composition!$E25/100 -> 0 | AF25: =raw_data!$AF25*mass_composition!$E25/100 -> 0 | AG25: =raw_data!$AG25*mass_composition!$E25/100 -> 0 | AH25: =raw_data!$AH25*mass_composition!$E25/100 -> 0 | AI25: =raw_data!$AI25*mass_composition!$E25/100 -> 0 | AJ25: =raw_data!$AJ25*mass_composition!$E25/100 -> 0 | AK25: =raw_data!$AK25*mass_composition!$E25/100 -> 0 | AL25: =raw_data!$AL25*mass_composition!$E25/100 -> 0 | AM25: =raw_data!$AM25*mass_composition!$E25/100 -> 0 | AN25: =raw_data!$AN25*mass_composition!$E25/100 -> 0 | AO25: =raw_data!$AO25*mass_composition!$E25/100 -> 0 | AP25: =raw_data!$AP25*mass_composition!$E25/100 -> 0 | AQ25: =raw_data!$AQ25*mass_composition!$E25/100 -> 0 | AR25: =raw_data!$AR25*mass_composition!$E25/100 -> 0 | AS25: =raw_data!$AS25*mass_composition!$E25/100 -> 0 | AT25: =raw_data!$AT25*mass_composition!$E25/100 -> 0 | AU25: =raw_data!$AU25*mass_composition!$E25/100 -> 0 | AV25: =raw_data!$AV25*mass_composition!$E25/100 -> 0 | AW25: =raw_data!$AW25*mass_composition!$E25/100 -> 0 | AX25: =raw_data!$AX25*mass_composition!$E25/100 -> 0 | AY25: =raw_data!$AY25*mass_composition!$E25/100 -> 0 | AZ25: =raw_data!$AZ25*mass_composition!$E25/100 -> 0 | BA25: =raw_data!$BA25*mass_composition!$E25/100 -> 0 | BB25: =raw_data!$BB25*mass_composition!$E25/100 -> 0 | BC25: =raw_data!$BC25*mass_composition!$E25/100 -> 0 | BD25: =raw_data!$BD25*mass_composition!$E25/100 -> 0 | BE25: =raw_data!$BE25*mass_composition!$E25/100 -> 0 | BF25: =raw_data!$BF25*mass_composition!$E25/100 -> 0 | BG25: =raw_data!$BG25*mass_composition!$E25/100 -> 0 | BH25: 0 | BI25: 9.047619 | BJ25: 0 | BK25: =raw_data!$BK25*$E25/100 -> 0 | BL25: =raw_data!$BL25*$E25/100 -> 0 | BM25: 0 | BN25: =raw_data!$BN25*$E25/100 -> 0 | BO25: =raw_data!$BO25*$E25/100 -> 0 | BP25: =raw_data!$BP25*$E25/100 -> 0 | BQ25: 0 | BR25: =raw_data!$BR25*$E25/100 -> 0 | BS25: 16.259199 | BT25: 1.2366743 | BU25: 44.421769 | BV25: 11.360544 | BW25: 0 | BX25: 0 | BY25: 64.829932 | BZ25: 15.034014 | CA25: 0 | CB25: 22.040816
A26: Food product | B26: Average Endive, F&V | D26: =raw_data!$D26*$C26/100 -> 0 | E26: =raw_data!$E26*$C26/100 -> 0 | F26: =raw_data!$F26*$E26/100 -> 0 | G26: =raw_data!$G26*$E26/100 -> 0 | H26: 13.429779 | I26: 461.89583 | J26: =raw_data!$J26*mass_composition!$E26/100 -> 0 | K26: =raw_data!$K26*mass_composition!$E26/100 -> 0 | L26: =raw_data!$L26*mass_composition!$E26/100 -> 0 | M26: =raw_data!$M26*mass_composition!$E26/100 -> 0 | N26: =raw_data!$N26*mass_composition!$E26/100 -> 0 | O26: =raw_data!$O26*mass_composition!$E26/100 -> 0 | P26: =raw_data!$P26*mass_composition!$E26/100 -> 0 | Q26: =raw_data!$Q26*mass_composition!$E26/100 -> 0 | R26: =raw_data!$R26*mass_composition!$E26/100 -> 0 | S26: =raw_data!$S26*mass_composition!$E26/100 -> 0 | T26: =raw_data!$T26*mass_composition!$E26/100 -> 0 | U26: =raw_data!$U26*mass_composition!$E26/100 -> 0 | V26: =raw_data!$V26*mass_composition!$E26/100 -> 0 | W26: =raw_data!$W26*mass_composition!$E26/100 -> 0 | X26: =raw_data!$X26*mass_composition!$E26/100 -> 0 | Y26: =raw_data!$Y26*mass_composition!$E26/100 -> 0 | Z26: =raw_data!$Z26*mass_composition!$E26/100 -> 0 | AA26: =raw_data!$AA26*mass_composition!$E26/100 -> 0 | AB26: =raw_data!$AB26*mass_composition!$E26/100 -> 0 | AC26: =raw_data!$AC26*mass_composition!$E26/100 -> 0 | AD26: =raw_data!$AD26*mass_composition!$E26/100 -> 0 | AE26: =raw_data!$AE26*mass_composition!$E26/100 -> 0 | AF26: =raw_data!$AF26*mass_composition!$E26/100 -> 0 | AG26: =raw_data!$AG26*mass_composition!$E26/100 -> 0 | AH26: =raw_data!$AH26*mass_composition!$E26/100 -> 0 | AI26: =raw_data!$AI26*mass_composition!$E26/100 -> 0 | AJ26: =raw_data!$AJ26*mass_composition!$E26/100 -> 0 | AK26: =raw_data!$AK26*mass_composition!$E26/100 -> 0 | AL26: =raw_data!$AL26*mass_composition!$E26/100 -> 0 | AM26: =raw_data!$AM26*mass_composition!$E26/100 -> 0 | AN26: =raw_data!$AN26*mass_composition!$E26/100 -> 0 | AO26: =raw_data!$AO26*mass_composition!$E26/100 -> 0 | AP26: =raw_data!$AP26*mass_composition!$E26/100 -> 0 | AQ26: =raw_data!$AQ26*mass_composition!$E26/100 -> 0 | AR26: =raw_data!$AR26*mass_composition!$E26/100 -> 0 | AS26: =raw_data!$AS26*mass_composition!$E26/100 -> 0 | AT26: =raw_data!$AT26*mass_composition!$E26/100 -> 0 | AU26: =raw_data!$AU26*mass_composition!$E26/100 -> 0 | AV26: =raw_data!$AV26*mass_composition!$E26/100 -> 0 | AW26: =raw_data!$AW26*mass_composition!$E26/100 -> 0 | AX26: =raw_data!$AX26*mass_composition!$E26/100 -> 0 | AY26: =raw_data!$AY26*mass_composition!$E26/100 -> 0 | AZ26: =raw_data!$AZ26*mass_composition!$E26/100 -> 0 | BA26: =raw_data!$BA26*mass_composition!$E26/100 -> 0 | BB26: =raw_data!$BB26*mass_composition!$E26/100 -> 0 | BC26: =raw_data!$BC26*mass_composition!$E26/100 -> 0 | BD26: =raw_data!$BD26*mass_composition!$E26/100 -> 0 | BE26: =raw_data!$BE26*mass_composition!$E26/100 -> 0 | BF26: =raw_data!$BF26*mass_composition!$E26/100 -> 0 | BG26: =raw_data!$BG26*mass_composition!$E26/100 -> 0 | BH26: 0 | BI26: 0 | BJ26: 0 | BK26: =raw_data!$BK26*$E26/100 -> 0 | BL26: =raw_data!$BL26*$E26/100 -> 0 | BM26: 0 | BN26: =raw_data!$BN26*$E26/100 -> 0 | BO26: =raw_data!$BO26*$E26/100 -> 0 | BP26: =raw_data!$BP26*$E26/100 -> 0 | BQ26: 0 | BR26: =raw_data!$BR26*$E26/100 -> 0 | BS26: 14.890747 | BT26: 1.1036949 | BU26: 0 | BV26: 0 | BW26: 0 | BX26: 0 | BY26: 0 | BZ26: 10.645161 | CA26: 0 | CB26: 53.225806
A27: Food product | B27: Average Chicory, F&V | D27: =raw_data!$D27*$C27/100 -> 0 | E27: =raw_data!$E27*$C27/100 -> 0 | F27: =raw_data!$F27*$E27/100 -> 0 | G27: =raw_data!$G27*$E27/100 -> 0 | H27: 15.692029 | I27: 459.11749 | J27: =raw_data!$J27*mass_composition!$E27/100 -> 0 | K27: =raw_data!$K27*mass_composition!$E27/100 -> 0 | L27: =raw_data!$L27*mass_composition!$E27/100 -> 0 | M27: =raw_data!$M27*mass_composition!$E27/100 -> 0 | N27: =raw_data!$N27*mass_composition!$E27/100 -> 0 | O27: =raw_data!$O27*mass_composition!$E27/100 -> 0 | P27: =raw_data!$P27*mass_composition!$E27/100 -> 0 | Q27: =raw_data!$Q27*mass_composition!$E27/100 -> 0 | R27: =raw_data!$R27*mass_composition!$E27/100 -> 0 | S27: =raw_data!$S27*mass_composition!$E27/100 -> 0 | T27: =raw_data!$T27*mass_composition!$E27/100 -> 0 | U27: =raw_data!$U27*mass_composition!$E27/100 -> 0 | V27: =raw_data!$V27*mass_composition!$E27/100 -> 0 | W27: =raw_data!$W27*mass_composition!$E27/100 -> 0 | X27: =raw_data!$X27*mass_composition!$E27/100 -> 0 | Y27: =raw_data!$Y27*mass_composition!$E27/100 -> 0 | Z27: =raw_data!$Z27*mass_composition!$E27/100 -> 0 | AA27: =raw_data!$AA27*mass_composition!$E27/100 -> 0 | AB27: =raw_data!$AB27*mass_composition!$E27/100 -> 0 | AC27: =raw_data!$AC27*mass_composition!$E27/100 -> 0 | AD27: =raw_data!$AD27*mass_composition!$E27/100 -> 0 | AE27: =raw_data!$AE27*mass_composition!$E27/100 -> 0 | AF27: =raw_data!$AF27*mass_composition!$E27/100 -> 0 | AG27: =raw_data!$AG27*mass_composition!$E27/100 -> 0 | AH27: =raw_data!$AH27*mass_composition!$E27/100 -> 0 | AI27: =raw_data!$AI27*mass_composition!$E27/100 -> 0 | AJ27: =raw_data!$AJ27*mass_composition!$E27/100 -> 0 | AK27: =raw_data!$AK27*mass_composition!$E27/100 -> 0 | AL27: =raw_data!$AL27*mass_composition!$E27/100 -> 0 | AM27: =raw_data!$AM27*mass_composition!$E27/100 -> 0 | AN27: =raw_data!$AN27*mass_composition!$E27/100 -> 0 | AO27: =raw_data!$AO27*mass_composition!$E27/100 -> 0 | AP27: =raw_data!$AP27*mass_composition!$E27/100 -> 0 | AQ27: =raw_data!$AQ27*mass_composition!$E27/100 -> 0 | AR27: =raw_data!$AR27*mass_composition!$E27/100 -> 0 | AS27: =raw_data!$AS27*mass_composition!$E27/100 -> 0 | AT27: =raw_data!$AT27*mass_composition!$E27/100 -> 0 | AU27: =raw_data!$AU27*mass_composition!$E27/100 -> 0 | AV27: =raw_data!$AV27*mass_composition!$E27/100 -> 0 | AW27: =raw_data!$AW27*mass_composition!$E27/100 -> 0 | AX27: =raw_data!$AX27*mass_composition!$E27/100 -> 0 | AY27: =raw_data!$AY27*mass_composition!$E27/100 -> 0 | AZ27: =raw_data!$AZ27*mass_composition!$E27/100 -> 0 | BA27: =raw_data!$BA27*mass_composition!$E27/100 -> 0 | BB27: =raw_data!$BB27*mass_composition!$E27/100 -> 0 | BC27: =raw_data!$BC27*mass_composition!$E27/100 -> 0 | BD27: =raw_data!$BD27*mass_composition!$E27/100 -> 0 | BE27: =raw_data!$BE27*mass_composition!$E27/100 -> 0 | BF27: =raw_data!$BF27*mass_composition!$E27/100 -> 0 | BG27: =raw_data!$BG27*mass_composition!$E27/100 -> 0 | BH27: 0 | BI27: 0 | BJ27: 0 | BK27: =raw_data!$BK27*$E27/100 -> 0 | BL27: =raw_data!$BL27*$E27/100 -> 0 | BM27: 0 | BN27: =raw_data!$BN27*$E27/100 -> 0 | BO27: =raw_data!$BO27*$E27/100 -> 0 | BP27: =raw_data!$BP27*$E27/100 -> 0 | BQ27: 0 | BR27: =raw_data!$BR27*$E27/100 -> 0 | BS27: 17.361193 | BT27: 1.348022 | BU27: 0 | BV27: 0 | BW27: 0 | BX27: 0 | BY27: 13.636364 | BZ27: 14.500659 | CA27: 0 | CB27: 67.15415
A28: Food product | B28: Average Zucchini, F&V | D28: =raw_data!$D28*$C28/100 -> 0 | E28: =raw_data!$E28*$C28/100 -> 0 | F28: =raw_data!$F28*$E28/100 -> 0 | G28: =raw_data!$G28*$E28/100 -> 0 | H28: 15.014607 | I28: 462.59184 | J28: =raw_data!$J28*mass_composition!$E28/100 -> 0 | K28: =raw_data!$K28*mass_composition!$E28/100 -> 0 | L28: =raw_data!$L28*mass_composition!$E28/100 -> 0 | M28: =raw_data!$M28*mass_composition!$E28/100 -> 0 | N28: =raw_data!$N28*mass_composition!$E28/100 -> 0 | O28: =raw_data!$O28*mass_composition!$E28/100 -> 0 | P28: =raw_data!$P28*mass_composition!$E28/100 -> 0 | Q28: =raw_data!$Q28*mass_composition!$E28/100 -> 0 | R28: =raw_data!$R28*mass_composition!$E28/100 -> 0 | S28: =raw_data!$S28*mass_composition!$E28/100 -> 0 | T28: =raw_data!$T28*mass_composition!$E28/100 -> 0 | U28: =raw_data!$U28*mass_composition!$E28/100 -> 0 | V28: =raw_data!$V28*mass_composition!$E28/100 -> 0 | W28: =raw_data!$W28*mass_composition!$E28/100 -> 0 | X28: =raw_data!$X28*mass_composition!$E28/100 -> 0 | Y28: =raw_data!$Y28*mass_composition!$E28/100 -> 0 | Z28: =raw_data!$Z28*mass_composition!$E28/100 -> 0 | AA28: =raw_data!$AA28*mass_composition!$E28/100 -> 0 | AB28: =raw_data!$AB28*mass_composition!$E28/100 -> 0 | AC28: =raw_data!$AC28*mass_composition!$E28/100 -> 0 | AD28: =raw_data!$AD28*mass_composition!$E28/100 -> 0 | AE28: =raw_data!$AE28*mass_composition!$E28/100 -> 0 | AF28: =raw_data!$AF28*mass_composition!$E28/100 -> 0 | AG28: =raw_data!$AG28*mass_composition!$E28/100 -> 0 | AH28: =raw_data!$AH28*mass_composition!$E28/100 -> 0 | AI28: =raw_data!$AI28*mass_composition!$E28/100 -> 0 | AJ28: =raw_data!$AJ28*mass_composition!$E28/100 -> 0 | AK28: =raw_data!$AK28*mass_composition!$E28/100 -> 0 | AL28: =raw_data!$AL28*mass_composition!$E28/100 -> 0 | AM28: =raw_data!$AM28*mass_composition!$E28/100 -> 0 | AN28: =raw_data!$AN28*mass_composition!$E28/100 -> 0 | AO28: =raw_data!$AO28*mass_composition!$E28/100 -> 0 | AP28: =raw_data!$AP28*mass_composition!$E28/100 -> 0 | AQ28: =raw_data!$AQ28*mass_composition!$E28/100 -> 0 | AR28: =raw_data!$AR28*mass_composition!$E28/100 -> 0 | AS28: =raw_data!$AS28*mass_composition!$E28/100 -> 0 | AT28: =raw_data!$AT28*mass_composition!$E28/100 -> 0 | AU28: =raw_data!$AU28*mass_composition!$E28/100 -> 0 | AV28: =raw_data!$AV28*mass_composition!$E28/100 -> 0 | AW28: =raw_data!$AW28*mass_composition!$E28/100 -> 0 | AX28: =raw_data!$AX28*mass_composition!$E28/100 -> 0 | AY28: =raw_data!$AY28*mass_composition!$E28/100 -> 0 | AZ28: =raw_data!$AZ28*mass_composition!$E28/100 -> 0 | BA28: =raw_data!$BA28*mass_composition!$E28/100 -> 0 | BB28: =raw_data!$BB28*mass_composition!$E28/100 -> 0 | BC28: =raw_data!$BC28*mass_composition!$E28/100 -> 0 | BD28: =raw_data!$BD28*mass_composition!$E28/100 -> 0 | BE28: =raw_data!$BE28*mass_composition!$E28/100 -> 0 | BF28: =raw_data!$BF28*mass_composition!$E28/100 -> 0 | BG28: =raw_data!$BG28*mass_composition!$E28/100 -> 0 | BH28: 0 | BI28: 0 | BJ28: 0 | BK28: =raw_data!$BK28*$E28/100 -> 0 | BL28: =raw_data!$BL28*$E28/100 -> 0 | BM28: 0 | BN28: =raw_data!$BN28*$E28/100 -> 0 | BO28: =raw_data!$BO28*$E28/100 -> 0 | BP28: =raw_data!$BP28*$E28/100 -> 0 | BQ28: 0 | BR28: =raw_data!$BR28*$E28/100 -> 0 | BS28: 16.950631 | BT28: 1.3074174 | BU28: 16.696429 | BV28: 12.946429 | BW28: 0 | BX28: 0 | BY28: 29.642857 | BZ28: 14.285714 | CA28: 0 | CB28: 29.285714
A29: Food product | B29: Average Onion, F&V | D29: =raw_data!$D29*$C29/100 -> 0 | E29: =raw_data!$E29*$C29/100 -> 0 | F29: =raw_data!$F29*$E29/100 -> 0 | G29: =raw_data!$G29*$E29/100 -> 0 | H29: 15.659455 | I29: 438.95299 | J29: =raw_data!$J29*mass_composition!$E29/100 -> 0 | K29: =raw_data!$K29*mass_composition!$E29/100 -> 0 | L29: =raw_data!$L29*mass_composition!$E29/100 -> 0 | M29: =raw_data!$M29*mass_composition!$E29/100 -> 0 | N29: =raw_data!$N29*mass_composition!$E29/100 -> 0 | O29: =raw_data!$O29*mass_composition!$E29/100 -> 0 | P29: =raw_data!$P29*mass_composition!$E29/100 -> 0 | Q29: =raw_data!$Q29*mass_composition!$E29/100 -> 0 | R29: =raw_data!$R29*mass_composition!$E29/100 -> 0 | S29: =raw_data!$S29*mass_composition!$E29/100 -> 0 | T29: =raw_data!$T29*mass_composition!$E29/100 -> 0 | U29: =raw_data!$U29*mass_composition!$E29/100 -> 0 | V29: =raw_data!$V29*mass_composition!$E29/100 -> 0 | W29: =raw_data!$W29*mass_composition!$E29/100 -> 0 | X29: =raw_data!$X29*mass_composition!$E29/100 -> 0 | Y29: =raw_data!$Y29*mass_composition!$E29/100 -> 0 | Z29: =raw_data!$Z29*mass_composition!$E29/100 -> 0 | AA29: =raw_data!$AA29*mass_composition!$E29/100 -> 0 | AB29: =raw_data!$AB29*mass_composition!$E29/100 -> 0 | AC29: =raw_data!$AC29*mass_composition!$E29/100 -> 0 | AD29: =raw_data!$AD29*mass_composition!$E29/100 -> 0 | AE29: =raw_data!$AE29*mass_composition!$E29/100 -> 0 | AF29: =raw_data!$AF29*mass_composition!$E29/100 -> 0 | AG29: =raw_data!$AG29*mass_composition!$E29/100 -> 0 | AH29: =raw_data!$AH29*mass_composition!$E29/100 -> 0 | AI29: =raw_data!$AI29*mass_composition!$E29/100 -> 0 | AJ29: =raw_data!$AJ29*mass_composition!$E29/100 -> 0 | AK29: =raw_data!$AK29*mass_composition!$E29/100 -> 0 | AL29: =raw_data!$AL29*mass_composition!$E29/100 -> 0 | AM29: =raw_data!$AM29*mass_composition!$E29/100 -> 0 | AN29: =raw_data!$AN29*mass_composition!$E29/100 -> 0 | AO29: =raw_data!$AO29*mass_composition!$E29/100 -> 0 | AP29: =raw_data!$AP29*mass_composition!$E29/100 -> 0 | AQ29: =raw_data!$AQ29*mass_composition!$E29/100 -> 0 | AR29: =raw_data!$AR29*mass_composition!$E29/100 -> 0 | AS29: =raw_data!$AS29*mass_composition!$E29/100 -> 0 | AT29: =raw_data!$AT29*mass_composition!$E29/100 -> 0 | AU29: =raw_data!$AU29*mass_composition!$E29/100 -> 0 | AV29: =raw_data!$AV29*mass_composition!$E29/100 -> 0 | AW29: =raw_data!$AW29*mass_composition!$E29/100 -> 0 | AX29: =raw_data!$AX29*mass_composition!$E29/100 -> 0 | AY29: =raw_data!$AY29*mass_composition!$E29/100 -> 0 | AZ29: =raw_data!$AZ29*mass_composition!$E29/100 -> 0 | BA29: =raw_data!$BA29*mass_composition!$E29/100 -> 0 | BB29: =raw_data!$BB29*mass_composition!$E29/100 -> 0 | BC29: =raw_data!$BC29*mass_composition!$E29/100 -> 0 | BD29: =raw_data!$BD29*mass_composition!$E29/100 -> 0 | BE29: =raw_data!$BE29*mass_composition!$E29/100 -> 0 | BF29: =raw_data!$BF29*mass_composition!$E29/100 -> 0 | BG29: =raw_data!$BG29*mass_composition!$E29/100 -> 0 | BH29: 0 | BI29: 15.655738 | BJ29: 0 | BK29: =raw_data!$BK29*$E29/100 -> 0 | BL29: =raw_data!$BL29*$E29/100 -> 0 | BM29: 0 | BN29: =raw_data!$BN29*$E29/100 -> 0 | BO29: =raw_data!$BO29*$E29/100 -> 0 | BP29: =raw_data!$BP29*$E29/100 -> 0 | BQ29: 0 | BR29: =raw_data!$BR29*$E29/100 -> 0 | BS29: 17.297552 | BT29: 1.3412301 | BU29: 15 | BV29: 18.360656 | BW29: 0 | BX29: 0 | BY29: 49.016393 | BZ29: 15.409836 | CA29: 0 | CB29: 23.688525
A30: Food product | B30: Average Pepper, F&V | D30: =raw_data!$D30*$C30/100 -> 0 | E30: =raw_data!$E30*$C30/100 -> 0 | F30: =raw_data!$F30*$E30/100 -> 0 | G30: =raw_data!$G30*$E30/100 -> 0 | H30: 16.22912 | I30: 441.29709 | J30: =raw_data!$J30*mass_composition!$E30/100 -> 0 | K30: =raw_data!$K30*mass_composition!$E30/100 -> 0 | L30: =raw_data!$L30*mass_composition!$E30/100 -> 0 | M30: =raw_data!$M30*mass_composition!$E30/100 -> 0 | N30: =raw_data!$N30*mass_composition!$E30/100 -> 0 | O30: =raw_data!$O30*mass_composition!$E30/100 -> 0 | P30: =raw_data!$P30*mass_composition!$E30/100 -> 0 | Q30: =raw_data!$Q30*mass_composition!$E30/100 -> 0 | R30: =raw_data!$R30*mass_composition!$E30/100 -> 0 | S30: =raw_data!$S30*mass_composition!$E30/100 -> 0 | T30: =raw_data!$T30*mass_composition!$E30/100 -> 0 | U30: =raw_data!$U30*mass_composition!$E30/100 -> 0 | V30: =raw_data!$V30*mass_composition!$E30/100 -> 0 | W30: =raw_data!$W30*mass_composition!$E30/100 -> 0 | X30: =raw_data!$X30*mass_composition!$E30/100 -> 0 | Y30: =raw_data!$Y30*mass_composition!$E30/100 -> 0 | Z30: =raw_data!$Z30*mass_composition!$E30/100 -> 0 | AA30: =raw_data!$AA30*mass_composition!$E30/100 -> 0 | AB30: =raw_data!$AB30*mass_composition!$E30/100 -> 0 | AC30: =raw_data!$AC30*mass_composition!$E30/100 -> 0 | AD30: =raw_data!$AD30*mass_composition!$E30/100 -> 0 | AE30: =raw_data!$AE30*mass_composition!$E30/100 -> 0 | AF30: =raw_data!$AF30*mass_composition!$E30/100 -> 0 | AG30: =raw_data!$AG30*mass_composition!$E30/100 -> 0 | AH30: =raw_data!$AH30*mass_composition!$E30/100 -> 0 | AI30: =raw_data!$AI30*mass_composition!$E30/100 -> 0 | AJ30: =raw_data!$AJ30*mass_composition!$E30/100 -> 0 | AK30: =raw_data!$AK30*mass_composition!$E30/100 -> 0 | AL30: =raw_data!$AL30*mass_composition!$E30/100 -> 0 | AM30: =raw_data!$AM30*mass_composition!$E30/100 -> 0 | AN30: =raw_data!$AN30*mass_composition!$E30/100 -> 0 | AO30: =raw_data!$AO30*mass_composition!$E30/100 -> 0 | AP30: =raw_data!$AP30*mass_composition!$E30/100 -> 0 | AQ30: =raw_data!$AQ30*mass_composition!$E30/100 -> 0 | AR30: =raw_data!$AR30*mass_composition!$E30/100 -> 0 | AS30: =raw_data!$AS30*mass_composition!$E30/100 -> 0 | AT30: =raw_data!$AT30*mass_composition!$E30/100 -> 0 | AU30: =raw_data!$AU30*mass_composition!$E30/100 -> 0 | AV30: =raw_data!$AV30*mass_composition!$E30/100 -> 0 | AW30: =raw_data!$AW30*mass_composition!$E30/100 -> 0 | AX30: =raw_data!$AX30*mass_composition!$E30/100 -> 0 | AY30: =raw_data!$AY30*mass_composition!$E30/100 -> 0 | AZ30: =raw_data!$AZ30*mass_composition!$E30/100 -> 0 | BA30: =raw_data!$BA30*mass_composition!$E30/100 -> 0 | BB30: =raw_data!$BB30*mass_composition!$E30/100 -> 0 | BC30: =raw_data!$BC30*mass_composition!$E30/100 -> 0 | BD30: =raw_data!$BD30*mass_composition!$E30/100 -> 0 | BE30: =raw_data!$BE30*mass_composition!$E30/100 -> 0 | BF30: =raw_data!$BF30*mass_composition!$E30/100 -> 0 | BG30: =raw_data!$BG30*mass_composition!$E30/100 -> 0 | BH30: 0 | BI30: 0.84625323 | BJ30: 0.79365079 | BK30: =raw_data!$BK30*$E30/100 -> 0 | BL30: =raw_data!$BL30*$E30/100 -> 0 | BM30: 0 | BN30: =raw_data!$BN30*$E30/100 -> 0 | BO30: =raw_data!$BO30*$E30/100 -> 0 | BP30: =raw_data!$BP30*$E30/100 -> 0 | BQ30: 0 | BR30: =raw_data!$BR30*$E30/100 -> 0 | BS30: 16.477101 | BT30: 1.2573325 | BU30: 22.381875 | BV30: 15.794574 | BW30: 0 | BX30: 0 | BY30: 39.022702 | BZ30: 14.563492 | CA30: 0 | CB30: 21.626984
A31: Food product | B31: Average Grape, F&V | D31: =raw_data!$D31*$C31/100 -> 0 | E31: =raw_data!$E31*$C31/100 -> 0 | F31: =raw_data!$F31*$E31/100 -> 0 | G31: =raw_data!$G31*$E31/100 -> 0 | H31: 15.142208 | I31: 427.10997 | J31: =raw_data!$J31*mass_composition!$E31/100 -> 0 | K31: =raw_data!$K31*mass_composition!$E31/100 -> 0 | L31: =raw_data!$L31*mass_composition!$E31/100 -> 0 | M31: =raw_data!$M31*mass_composition!$E31/100 -> 0 | N31: =raw_data!$N31*mass_composition!$E31/100 -> 0 | O31: =raw_data!$O31*mass_composition!$E31/100 -> 0 | P31: =raw_data!$P31*mass_composition!$E31/100 -> 0 | Q31: =raw_data!$Q31*mass_composition!$E31/100 -> 0 | R31: =raw_data!$R31*mass_composition!$E31/100 -> 0 | S31: =raw_data!$S31*mass_composition!$E31/100 -> 0 | T31: =raw_data!$T31*mass_composition!$E31/100 -> 0 | U31: =raw_data!$U31*mass_composition!$E31/100 -> 0 | V31: =raw_data!$V31*mass_composition!$E31/100 -> 0 | W31: =raw_data!$W31*mass_composition!$E31/100 -> 0 | X31: =raw_data!$X31*mass_composition!$E31/100 -> 0 | Y31: =raw_data!$Y31*mass_composition!$E31/100 -> 0 | Z31: =raw_data!$Z31*mass_composition!$E31/100 -> 0 | AA31: =raw_data!$AA31*mass_composition!$E31/100 -> 0 | AB31: =raw_data!$AB31*mass_composition!$E31/100 -> 0 | AC31: =raw_data!$AC31*mass_composition!$E31/100 -> 0 | AD31: =raw_data!$AD31*mass_composition!$E31/100 -> 0 | AE31: =raw_data!$AE31*mass_composition!$E31/100 -> 0 | AF31: =raw_data!$AF31*mass_composition!$E31/100 -> 0 | AG31: =raw_data!$AG31*mass_composition!$E31/100 -> 0 | AH31: =raw_data!$AH31*mass_composition!$E31/100 -> 0 | AI31: =raw_data!$AI31*mass_composition!$E31/100 -> 0 | AJ31: =raw_data!$AJ31*mass_composition!$E31/100 -> 0 | AK31: =raw_data!$AK31*mass_composition!$E31/100 -> 0 | AL31: =raw_data!$AL31*mass_composition!$E31/100 -> 0 | AM31: =raw_data!$AM31*mass_composition!$E31/100 -> 0 | AN31: =raw_data!$AN31*mass_composition!$E31/100 -> 0 | AO31: =raw_data!$AO31*mass_composition!$E31/100 -> 0 | AP31: =raw_data!$AP31*mass_composition!$E31/100 -> 0 | AQ31: =raw_data!$AQ31*mass_composition!$E31/100 -> 0 | AR31: =raw_data!$AR31*mass_composition!$E31/100 -> 0 | AS31: =raw_data!$AS31*mass_composition!$E31/100 -> 0 | AT31: =raw_data!$AT31*mass_composition!$E31/100 -> 0 | AU31: =raw_data!$AU31*mass_composition!$E31/100 -> 0 | AV31: =raw_data!$AV31*mass_composition!$E31/100 -> 0 | AW31: =raw_data!$AW31*mass_composition!$E31/100 -> 0 | AX31: =raw_data!$AX31*mass_composition!$E31/100 -> 0 | AY31: =raw_data!$AY31*mass_composition!$E31/100 -> 0 | AZ31: =raw_data!$AZ31*mass_composition!$E31/100 -> 0 | BA31: =raw_data!$BA31*mass_composition!$E31/100 -> 0 | BB31: =raw_data!$BB31*mass_composition!$E31/100 -> 0 | BC31: =raw_data!$BC31*mass_composition!$E31/100 -> 0 | BD31: =raw_data!$BD31*mass_composition!$E31/100 -> 0 | BE31: =raw_data!$BE31*mass_composition!$E31/100 -> 0 | BF31: =raw_data!$BF31*mass_composition!$E31/100 -> 0 | BG31: =raw_data!$BG31*mass_composition!$E31/100 -> 0 | BH31: 0 | BI31: 0.38540596 | BJ31: 0 | BK31: =raw_data!$BK31*$E31/100 -> 0 | BL31: =raw_data!$BL31*$E31/100 -> 0 | BM31: 0 | BN31: =raw_data!$BN31*$E31/100 -> 0 | BO31: =raw_data!$BO31*$E31/100 -> 0 | BP31: =raw_data!$BP31*$E31/100 -> 0 | BQ31: 0 | BR31: =raw_data!$BR31*$E31/100 -> 0 | BS31: 16.973696 | BT31: 1.3096985 | BU31: 20.889003 | BV31: 18.499486 | BW31: 0 | BX31: 0 | BY31: 38.540596 | BZ31: 15.602042 | CA31: 0 | CB31: 53.080072
A32: Food product | B32: Average Cucumber, F&V | D32: =raw_data!$D32*$C32/100 -> 0 | E32: =raw_data!$E32*$C32/100 -> 0 | F32: =raw_data!$F32*$E32/100 -> 0 | G32: =raw_data!$G32*$E32/100 -> 0 | H32: 15.015691 | I32: 447.54688 | J32: =raw_data!$J32*mass_composition!$E32/100 -> 0 | K32: =raw_data!$K32*mass_composition!$E32/100 -> 0 | L32: =raw_data!$L32*mass_composition!$E32/100 -> 0 | M32: =raw_data!$M32*mass_composition!$E32/100 -> 0 | N32: =raw_data!$N32*mass_composition!$E32/100 -> 0 | O32: =raw_data!$O32*mass_composition!$E32/100 -> 0 | P32: =raw_data!$P32*mass_composition!$E32/100 -> 0 | Q32: =raw_data!$Q32*mass_composition!$E32/100 -> 0 | R32: =raw_data!$R32*mass_composition!$E32/100 -> 0 | S32: =raw_data!$S32*mass_composition!$E32/100 -> 0 | T32: =raw_data!$T32*mass_composition!$E32/100 -> 0 | U32: =raw_data!$U32*mass_composition!$E32/100 -> 0 | V32: =raw_data!$V32*mass_composition!$E32/100 -> 0 | W32: =raw_data!$W32*mass_composition!$E32/100 -> 0 | X32: =raw_data!$X32*mass_composition!$E32/100 -> 0 | Y32: =raw_data!$Y32*mass_composition!$E32/100 -> 0 | Z32: =raw_data!$Z32*mass_composition!$E32/100 -> 0 | AA32: =raw_data!$AA32*mass_composition!$E32/100 -> 0 | AB32: =raw_data!$AB32*mass_composition!$E32/100 -> 0 | AC32: =raw_data!$AC32*mass_composition!$E32/100 -> 0 | AD32: =raw_data!$AD32*mass_composition!$E32/100 -> 0 | AE32: =raw_data!$AE32*mass_composition!$E32/100 -> 0 | AF32: =raw_data!$AF32*mass_composition!$E32/100 -> 0 | AG32: =raw_data!$AG32*mass_composition!$E32/100 -> 0 | AH32: =raw_data!$AH32*mass_composition!$E32/100 -> 0 | AI32: =raw_data!$AI32*mass_composition!$E32/100 -> 0 | AJ32: =raw_data!$AJ32*mass_composition!$E32/100 -> 0 | AK32: =raw_data!$AK32*mass_composition!$E32/100 -> 0 | AL32: =raw_data!$AL32*mass_composition!$E32/100 -> 0 | AM32: =raw_data!$AM32*mass_composition!$E32/100 -> 0 | AN32: =raw_data!$AN32*mass_composition!$E32/100 -> 0 | AO32: =raw_data!$AO32*mass_composition!$E32/100 -> 0 | AP32: =raw_data!$AP32*mass_composition!$E32/100 -> 0 | AQ32: =raw_data!$AQ32*mass_composition!$E32/100 -> 0 | AR32: =raw_data!$AR32*mass_composition!$E32/100 -> 0 | AS32: =raw_data!$AS32*mass_composition!$E32/100 -> 0 | AT32: =raw_data!$AT32*mass_composition!$E32/100 -> 0 | AU32: =raw_data!$AU32*mass_composition!$E32/100 -> 0 | AV32: =raw_data!$AV32*mass_composition!$E32/100 -> 0 | AW32: =raw_data!$AW32*mass_composition!$E32/100 -> 0 | AX32: =raw_data!$AX32*mass_composition!$E32/100 -> 0 | AY32: =raw_data!$AY32*mass_composition!$E32/100 -> 0 | AZ32: =raw_data!$AZ32*mass_composition!$E32/100 -> 0 | BA32: =raw_data!$BA32*mass_composition!$E32/100 -> 0 | BB32: =raw_data!$BB32*mass_composition!$E32/100 -> 0 | BC32: =raw_data!$BC32*mass_composition!$E32/100 -> 0 | BD32: =raw_data!$BD32*mass_composition!$E32/100 -> 0 | BE32: =raw_data!$BE32*mass_composition!$E32/100 -> 0 | BF32: =raw_data!$BF32*mass_composition!$E32/100 -> 0 | BG32: =raw_data!$BG32*mass_composition!$E32/100 -> 0 | BH32: 0 | BI32: 0 | BJ32: 0 | BK32: =raw_data!$BK32*$E32/100 -> 0 | BL32: =raw_data!$BL32*$E32/100 -> 0 | BM32: 0 | BN32: =raw_data!$BN32*$E32/100 -> 0 | BO32: =raw_data!$BO32*$E32/100 -> 0 | BP32: =raw_data!$BP32*$E32/100 -> 0 | BQ32: 0 | BR32: =raw_data!$BR32*$E32/100 -> 0 | BS32: 16.476452 | BT32: 1.2597982 | BU32: 19.722222 | BV32: 8.6111111 | BW32: 0 | BX32: 0 | BY32: 28.333333 | BZ32: 13.888889 | CA32: 0 | CB32: 26.666667
A33: Food product | B33: Average Lemon, F&V | D33: =raw_data!$D33*$C33/100 -> 0 | E33: =raw_data!$E33*$C33/100 -> 0 | F33: =raw_data!$F33*$E33/100 -> 0 | G33: =raw_data!$G33*$E33/100 -> 0 | H33: 18.046345 | I33: 513.50704 | J33: =raw_data!$J33*mass_composition!$E33/100 -> 0 | K33: =raw_data!$K33*mass_composition!$E33/100 -> 0 | L33: =raw_data!$L33*mass_composition!$E33/100 -> 0 | M33: =raw_data!$M33*mass_composition!$E33/100 -> 0 | N33: =raw_data!$N33*mass_composition!$E33/100 -> 0 | O33: =raw_data!$O33*mass_composition!$E33/100 -> 0 | P33: =raw_data!$P33*mass_composition!$E33/100 -> 0 | Q33: =raw_data!$Q33*mass_composition!$E33/100 -> 0 | R33: =raw_data!$R33*mass_composition!$E33/100 -> 0 | S33: =raw_data!$S33*mass_composition!$E33/100 -> 0 | T33: =raw_data!$T33*mass_composition!$E33/100 -> 0 | U33: =raw_data!$U33*mass_composition!$E33/100 -> 0 | V33: =raw_data!$V33*mass_composition!$E33/100 -> 0 | W33: =raw_data!$W33*mass_composition!$E33/100 -> 0 | X33: =raw_data!$X33*mass_composition!$E33/100 -> 0 | Y33: =raw_data!$Y33*mass_composition!$E33/100 -> 0 | Z33: =raw_data!$Z33*mass_composition!$E33/100 -> 0 | AA33: =raw_data!$AA33*mass_composition!$E33/100 -> 0 | AB33: =raw_data!$AB33*mass_composition!$E33/100 -> 0 | AC33: =raw_data!$AC33*mass_composition!$E33/100 -> 0 | AD33: =raw_data!$AD33*mass_composition!$E33/100 -> 0 | AE33: =raw_data!$AE33*mass_composition!$E33/100 -> 0 | AF33: =raw_data!$AF33*mass_composition!$E33/100 -> 0 | AG33: =raw_data!$AG33*mass_composition!$E33/100 -> 0 | AH33: =raw_data!$AH33*mass_composition!$E33/100 -> 0 | AI33: =raw_data!$AI33*mass_composition!$E33/100 -> 0 | AJ33: =raw_data!$AJ33*mass_composition!$E33/100 -> 0 | AK33: =raw_data!$AK33*mass_composition!$E33/100 -> 0 | AL33: =raw_data!$AL33*mass_composition!$E33/100 -> 0 | AM33: =raw_data!$AM33*mass_composition!$E33/100 -> 0 | AN33: =raw_data!$AN33*mass_composition!$E33/100 -> 0 | AO33: =raw_data!$AO33*mass_composition!$E33/100 -> 0 | AP33: =raw_data!$AP33*mass_composition!$E33/100 -> 0 | AQ33: =raw_data!$AQ33*mass_composition!$E33/100 -> 0 | AR33: =raw_data!$AR33*mass_composition!$E33/100 -> 0 | AS33: =raw_data!$AS33*mass_composition!$E33/100 -> 0 | AT33: =raw_data!$AT33*mass_composition!$E33/100 -> 0 | AU33: =raw_data!$AU33*mass_composition!$E33/100 -> 0 | AV33: =raw_data!$AV33*mass_composition!$E33/100 -> 0 | AW33: =raw_data!$AW33*mass_composition!$E33/100 -> 0 | AX33: =raw_data!$AX33*mass_composition!$E33/100 -> 0 | AY33: =raw_data!$AY33*mass_composition!$E33/100 -> 0 | AZ33: =raw_data!$AZ33*mass_composition!$E33/100 -> 0 | BA33: =raw_data!$BA33*mass_composition!$E33/100 -> 0 | BB33: =raw_data!$BB33*mass_composition!$E33/100 -> 0 | BC33: =raw_data!$BC33*mass_composition!$E33/100 -> 0 | BD33: =raw_data!$BD33*mass_composition!$E33/100 -> 0 | BE33: =raw_data!$BE33*mass_composition!$E33/100 -> 0 | BF33: =raw_data!$BF33*mass_composition!$E33/100 -> 0 | BG33: =raw_data!$BG33*mass_composition!$E33/100 -> 0 | BH33: 0 | BI33: 5.4054054 | BJ33: 0 | BK33: =raw_data!$BK33*$E33/100 -> 0 | BL33: =raw_data!$BL33*$E33/100 -> 0 | BM33: 0 | BN33: =raw_data!$BN33*$E33/100 -> 0 | BO33: =raw_data!$BO33*$E33/100 -> 0 | BP33: =raw_data!$BP33*$E33/100 -> 0 | BQ33: 0 | BR33: =raw_data!$BR33*$E33/100 -> 0 | BS33: 19.057973 | BT33: 1.5158336 | BU33: 18.918919 | BV33: 18.918919 | BW33: 0 | BX33: 0 | BY33: 43.243243 | BZ33: 17.837838 | CA33: 0 | CB33: 31.081081
... A41: Food product | B41: Average Plum, F&V | D41: =raw_data!$D41*$C41/100 -> 0 | E41: =raw_data!$E41*$C41/100 -> 0 | F41: =raw_data!$F41*$E41/100 -> 0 | G41: =raw_data!$G41*$E41/100 -> 0 | H41: 15.267223 | I41: 420.5748 | J41: =raw_data!$J41*mass_composition!$E41/100 -> 0 | K41: =raw_data!$K41*mass_composition!$E41/100 -> 0 | L41: =raw_data!$L41*mass_composition!$E41/100 -> 0 | M41: =raw_data!$M41*mass_composition!$E41/100 -> 0 | N41: =raw_data!$N41*mass_composition!$E41/100 -> 0 | O41: =raw_data!$O41*mass_composition!$E41/100 -> 0 | P41: =raw_data!$P41*mass_composition!$E41/100 -> 0 | Q41: =raw_data!$Q41*mass_composition!$E41/100 -> 0 | R41: =raw_data!$R41*mass_composition!$E41/100 -> 0 | S41: =raw_data!$S41*mass_composition!$E41/100 -> 0 | T41: =raw_data!$T41*mass_composition!$E41/100 -> 0 | U41: =raw_data!$U41*mass_composition!$E41/100 -> 0 | V41: =raw_data!$V41*mass_composition!$E41/100 -> 0 | W41: =raw_data!$W41*mass_composition!$E41/100 -> 0 | X41: =raw_data!$X41*mass_composition!$E41/100 -> 0 | Y41: =raw_data!$Y41*mass_composition!$E41/100 -> 0 | Z41: =raw_data!$Z41*mass_composition!$E41/100 -> 0 | AA41: =raw_data!$AA41*mass_composition!$E41/100 -> 0 | AB41: =raw_data!$AB41*mass_composition!$E41/100 -> 0 | AC41: =raw_data!$AC41*mass_composition!$E41/100 -> 0 | AD41: =raw_data!$AD41*mass_composition!$E41/100 -> 0 | AE41: =raw_data!$AE41*mass_composition!$E41/100 -> 0 | AF41: =raw_data!$AF41*mass_composition!$E41/100 -> 0 | AG41: =raw_data!$AG41*mass_composition!$E41/100 -> 0 | AH41: =raw_data!$AH41*mass_composition!$E41/100 -> 0 | AI41: =raw_data!$AI41*mass_composition!$E41/100 -> 0 | AJ41: =raw_data!$AJ41*mass_composition!$E41/100 -> 0 | AK41: =raw_data!$AK41*mass_composition!$E41/100 -> 0 | AL41: =raw_data!$AL41*mass_composition!$E41/100 -> 0 | AM41: =raw_data!$AM41*mass_composition!$E41/100 -> 0 | AN41: =raw_data!$AN41*mass_composition!$E41/100 -> 0 | AO41: =raw_data!$AO41*mass_composition!$E41/100 -> 0 | AP41: =raw_data!$AP41*mass_composition!$E41/100 -> 0 | AQ41: =raw_data!$AQ41*mass_composition!$E41/100 -> 0 | AR41: =raw_data!$AR41*mass_composition!$E41/100 -> 0 | AS41: =raw_data!$AS41*mass_composition!$E41/100 -> 0 | AT41: =raw_data!$AT41*mass_composition!$E41/100 -> 0 | AU41: =raw_data!$AU41*mass_composition!$E41/100 -> 0 | AV41: =raw_data!$AV41*mass_composition!$E41/100 -> 0 | AW41: =raw_data!$AW41*mass_composition!$E41/100 -> 0 | AX41: =raw_data!$AX41*mass_composition!$E41/100 -> 0 | AY41: =raw_data!$AY41*mass_composition!$E41/100 -> 0 | AZ41: =raw_data!$AZ41*mass_composition!$E41/100 -> 0 | BA41: =raw_data!$BA41*mass_composition!$E41/100 -> 0 | BB41: =raw_data!$BB41*mass_composition!$E41/100 -> 0 | BC41: =raw_data!$BC41*mass_composition!$E41/100 -> 0 | BD41: =raw_data!$BD41*mass_composition!$E41/100 -> 0 | BE41: =raw_data!$BE41*mass_composition!$E41/100 -> 0 | BF41: =raw_data!$BF41*mass_composition!$E41/100 -> 0 | BG41: =raw_data!$BG41*mass_composition!$E41/100 -> 0 | BH41: 0 | BI41: 0 | BJ41: 0 | BK41: =raw_data!$BK41*$E41/100 -> 0 | BL41: =raw_data!$BL41*$E41/100 -> 0 | BM41: 0 | BN41: =raw_data!$BN41*$E41/100 -> 0 | BO41: =raw_data!$BO41*$E41/100 -> 0 | BP41: =raw_data!$BP41*$E41/100 -> 0 | BQ41: 0 | BR41: =raw_data!$BR41*$E41/100 -> 0 | BS41: 15.985191 | BT41: 1.2095873 | BU41: 21.12782 | BV41: 32.481203 | BW41: 0 | BX41: 0 | BY41: 53.609023 | BZ41: 15.56391 | CA41: 0 | CB41: 29.924812
A42: Food product | B42: Average Beetroot, F&V | C42: =13.7254901960785/6 -> 2.2875817 | D42: =raw_data!$D42*$C42/100 -> 1.9650327 | E42: =raw_data!$E42*$C42/100 -> 0.32254902 | F42: =raw_data!$F42*$E42/100 -> 0.30424837 | G42: =raw_data!$G42*$E42/100 -> 0.018300654 | H42: 15.438517 | I42: 437.92857 | J42: =raw_data!$J42*mass_composition!$E42/100 -> 0.13301055 | K42: =raw_data!$K42*mass_composition!$E42/100 -> 0.13252992 | L42: =raw_data!$L42*mass_composition!$E42/100 -> 0 | M42: =raw_data!$M42*mass_composition!$E42/100 -> 0.00064281046 | N42: =raw_data!$N42*mass_composition!$E42/100 -> 0 | O42: =raw_data!$O42*mass_composition!$E42/100 -> 0 | P42: =raw_data!$P42*mass_composition!$E42/100 -> 0.020208678 | Q42: =raw_data!$Q42*mass_composition!$E42/100 -> 0.0075490196 | R42: =raw_data!$R42*mass_composition!$E42/100 -> 0.0061764706 | S42: =raw_data!$S42*mass_composition!$E42/100 -> 0.00098366013 | T42: =raw_data!$T42*mass_composition!$E42/100 -> 0.14419394 | U42: =raw_data!$U42*mass_composition!$E42/100 -> 0.00082810458 | V42: =raw_data!$V42*mass_composition!$E42/100 -> 0.0013809102 | W42: =raw_data!$W42*mass_composition!$E42/100 -> 0 | X42: =raw_data!$X42*mass_composition!$E42/100 -> 0 | Y42: =raw_data!$Y42*mass_composition!$E42/100 -> 0 | Z42: =raw_data!$Z42*mass_composition!$E42/100 -> 5.2614379e-09 | AA42: =raw_data!$AA42*mass_composition!$E42/100 -> 0 | AB42: =raw_data!$AB42*mass_composition!$E42/100 -> 0 | AC42: =raw_data!$AC42*mass_composition!$E42/100 -> 0 | AD42: =raw_data!$AD42*mass_composition!$E42/100 -> 0 | AE42: =raw_data!$AE42*mass_composition!$E42/100 -> 0 | AF42: =raw_data!$AF42*mass_composition!$E42/100 -> 0 | AG42: =raw_data!$AG42*mass_composition!$E42/100 -> 8.9901961e-08 | AH42: =raw_data!$AH42*mass_composition!$E42/100 -> 0 | AI42: =raw_data!$AI42*mass_composition!$E42/100 -> 6.1764706e-08 | AJ42: =raw_data!$AJ42*mass_composition!$E42/100 -> 2.745098e-06 | AK42: =raw_data!$AK42*mass_composition!$E42/100 -> 1.372549e-05 | AL42: =raw_data!$AL42*mass_composition!$E42/100 -> 0 | AM42: =raw_data!$AM42*mass_composition!$E42/100 -> 1.6013072e-09 | AN42: =raw_data!$AN42*mass_composition!$E42/100 -> 0 | AO42: =raw_data!$AO42*mass_composition!$E42/100 -> 0 | AP42: =raw_data!$AP42*mass_composition!$E42/100 -> 0.00034313725 | AQ42: =raw_data!$AQ42*mass_composition!$E42/100 -> 1.372549e-05 | AR42: =raw_data!$AR42*mass_composition!$E42/100 -> 0 | AS42: =raw_data!$AS42*mass_composition!$E42/100 -> 7.7777778e-08 | AT42: =raw_data!$AT42*mass_composition!$E42/100 -> 3.4771242e-08 | AU42: =raw_data!$AU42*mass_composition!$E42/100 -> 0 | AV42: =raw_data!$AV42*mass_composition!$E42/100 -> 0 | AW42: =raw_data!$AW42*mass_composition!$E42/100 -> 0 | AX42: =raw_data!$AX42*mass_composition!$E42/100 -> 4.5751634e-09 | AY42: =raw_data!$AY42*mass_composition!$E42/100 -> 0 | AZ42: =raw_data!$AZ42*mass_composition!$E42/100 -> 0 | BA42: =raw_data!$BA42*mass_composition!$E42/100 -> 0 | BB42: =raw_data!$BB42*mass_composition!$E42/100 -> 0 | BC42: =raw_data!$BC42*mass_composition!$E42/100 -> 0 | BD42: =raw_data!$BD42*mass_composition!$E42/100 -> 0 | BE42: =raw_data!$BE42*mass_composition!$E42/100 -> 1.6699346e-05 | BF42: =raw_data!$BF42*mass_composition!$E42/100 -> 0 | BG42: =raw_data!$BG42*mass_composition!$E42/100 -> 0 | BH42: 0 | BI42: 59.078014 | BJ42: 0 | BK42: =raw_data!$BK42*$E42/100 -> 0.017385621 | BL42: =raw_data!$BL42*$E42/100 -> 0 | BM42: 0 | BN42: =raw_data!$BN42*$E42/100 -> 0.00068627451 | BO42: =raw_data!$BO42*$E42/100 -> 0.038888889 | BP42: =raw_data!$BP42*$E42/100 -> 0.0068627451 | BQ42: 0 | BR42: =raw_data!$BR42*$E42/100 -> 0.25849673 | BS42: 17.00451 | BT42: 1.3125614 | BU42: 2.0567376 | BV42: 2.4822695 | BW42: 0 | BX42: 0 | BY42: 63.617021 | BZ42: 14.822695 | CA42: 0 | CB42: 10.921986
A43: Food product | B43: Average Champignon, F&V | D43: =raw_data!$D43*$C43/100 -> 0 | E43: =raw_data!$E43*$C43/100 -> 0 | F43: =raw_data!$F43*$E43/100 -> 0 | G43: =raw_data!$G43*$E43/100 -> 0 | H43: 16.487288 | I43: 488.23821 | J43: =raw_data!$J43*mass_composition!$E43/100 -> 0 | K43: =raw_data!$K43*mass_composition!$E43/100 -> 0 | L43: =raw_data!$L43*mass_composition!$E43/100 -> 0 | M43: =raw_data!$M43*mass_composition!$E43/100 -> 0 | N43: =raw_data!$N43*mass_composition!$E43/100 -> 0 | O43: =raw_data!$O43*mass_composition!$E43/100 -> 0 | P43: =raw_data!$P43*mass_composition!$E43/100 -> 0 | Q43: =raw_data!$Q43*mass_composition!$E43/100 -> 0 | R43: =raw_data!$R43*mass_composition!$E43/100 -> 0 | S43: =raw_data!$S43*mass_composition!$E43/100 -> 0 | T43: =raw_data!$T43*mass_composition!$E43/100 -> 0 | U43: =raw_data!$U43*mass_composition!$E43/100 -> 0 | V43: =raw_data!$V43*mass_composition!$E43/100 -> 0 | W43: =raw_data!$W43*mass_composition!$E43/100 -> 0 | X43: =raw_data!$X43*mass_composition!$E43/100 -> 0 | Y43: =raw_data!$Y43*mass_composition!$E43/100 -> 0 | Z43: =raw_data!$Z43*mass_composition!$E43/100 -> 0 | AA43: =raw_data!$AA43*mass_composition!$E43/100 -> 0 | AB43: =raw_data!$AB43*mass_composition!$E43/100 -> 0 | AC43: =raw_data!$AC43*mass_composition!$E43/100 -> 0 | AD43: =raw_data!$AD43*mass_composition!$E43/100 -> 0 | AE43: =raw_data!$AE43*mass_composition!$E43/100 -> 0 | AF43: =raw_data!$AF43*mass_composition!$E43/100 -> 0 | AG43: =raw_data!$AG43*mass_composition!$E43/100 -> 0 | AH43: =raw_data!$AH43*mass_composition!$E43/100 -> 0 | AI43: =raw_data!$AI43*mass_composition!$E43/100 -> 0 | AJ43: =raw_data!$AJ43*mass_composition!$E43/100 -> 0 | AK43: =raw_data!$AK43*mass_composition!$E43/100 -> 0 | AL43: =raw_data!$AL43*mass_composition!$E43/100 -> 0 | AM43: =raw_data!$AM43*mass_composition!$E43/100 -> 0 | AN43: =raw_data!$AN43*mass_composition!$E43/100 -> 0 | AO43: =raw_data!$AO43*mass_composition!$E43/100 -> 0 | AP43: =raw_data!$AP43*mass_composition!$E43/100 -> 0 | AQ43: =raw_data!$AQ43*mass_composition!$E43/100 -> 0 | AR43: =raw_data!$AR43*mass_composition!$E43/100 -> 0 | AS43: =raw_data!$AS43*mass_composition!$E43/100 -> 0 | AT43: =raw_data!$AT43*mass_composition!$E43/100 -> 0 | AU43: =raw_data!$AU43*mass_composition!$E43/100 -> 0 | AV43: =raw_data!$AV43*mass_composition!$E43/100 -> 0 | AW43: =raw_data!$AW43*mass_composition!$E43/100 -> 0 | AX43: =raw_data!$AX43*mass_composition!$E43/100 -> 0 | AY43: =raw_data!$AY43*mass_composition!$E43/100 -> 0 | AZ43: =raw_data!$AZ43*mass_composition!$E43/100 -> 0 | BA43: =raw_data!$BA43*mass_composition!$E43/100 -> 0 | BB43: =raw_data!$BB43*mass_composition!$E43/100 -> 0 | BC43: =raw_data!$BC43*mass_composition!$E43/100 -> 0 | BD43: =raw_data!$BD43*mass_composition!$E43/100 -> 0 | BE43: =raw_data!$BE43*mass_composition!$E43/100 -> 0 | BF43: =raw_data!$BF43*mass_composition!$E43/100 -> 0 | BG43: =raw_data!$BG43*mass_composition!$E43/100 -> 0 | BH43: 0 | BI43: 0 | BJ43: 0 | BK43: =raw_data!$BK43*$E43/100 -> 0 | BL43: =raw_data!$BL43*$E43/100 -> 0 | BM43: 0 | BN43: =raw_data!$BN43*$E43/100 -> 0 | BO43: =raw_data!$BO43*$E43/100 -> 0 | BP43: =raw_data!$BP43*$E43/100 -> 0 | BQ43: 0 | BR43: =raw_data!$BR43*$E43/100 -> 0 | BS43: 18.028442 | BT43: 1.4139558 | BU43: 0 | BV43: 0 | BW43: 0 | BX43: 0 | BY43: 6.4 | BZ43: 13.916842 | CA43: 0 | CB43: 49.078947
A44: Food product | B44: Average Pineapple, F&V | D44: =raw_data!$D44*$C44/100 -> 0 | E44: =raw_data!$E44*$C44/100 -> 0 | F44: =raw_data!$F44*$E44/100 -> 0 | G44: =raw_data!$G44*$E44/100 -> 0 | H44: 15.46222 | I44: 435.15108 | J44: =raw_data!$J44*mass_composition!$E44/100 -> 0 | K44: =raw_data!$K44*mass_composition!$E44/100 -> 0 | L44: =raw_data!$L44*mass_composition!$E44/100 -> 0 | M44: =raw_data!$M44*mass_composition!$E44/100 -> 0 | N44: =raw_data!$N44*mass_composition!$E44/100 -> 0 | O44: =raw_data!$O44*mass_composition!$E44/100 -> 0 | P44: =raw_data!$P44*mass_composition!$E44/100 -> 0 | Q44: =raw_data!$Q44*mass_composition!$E44/100 -> 0 | R44: =raw_data!$R44*mass_composition!$E44/100 -> 0 | S44: =raw_data!$S44*mass_composition!$E44/100 -> 0 | T44: =raw_data!$T44*mass_composition!$E44/100 -> 0 | U44: =raw_data!$U44*mass_composition!$E44/100 -> 0 | V44: =raw_data!$V44*mass_composition!$E44/100 -> 0 | W44: =raw_data!$W44*mass_composition!$E44/100 -> 0 | X44: =raw_data!$X44*mass_composition!$E44/100 -> 0 | Y44: =raw_data!$Y44*mass_composition!$E44/100 -> 0 | Z44: =raw_data!$Z44*mass_composition!$E44/100 -> 0 | AA44: =raw_data!$AA44*mass_composition!$E44/100 -> 0 | AB44: =raw_data!$AB44*mass_composition!$E44/100 -> 0 | AC44: =raw_data!$AC44*mass_composition!$E44/100 -> 0 | AD44: =raw_data!$AD44*mass_composition!$E44/100 -> 0 | AE44: =raw_data!$AE44*mass_composition!$E44/100 -> 0 | AF44: =raw_data!$AF44*mass_composition!$E44/100 -> 0 | AG44: =raw_data!$AG44*mass_composition!$E44/100 -> 0 | AH44: =raw_data!$AH44*mass_composition!$E44/100 -> 0 | AI44: =raw_data!$AI44*mass_composition!$E44/100 -> 0 | AJ44: =raw_data!$AJ44*mass_composition!$E44/100 -> 0 | AK44: =raw_data!$AK44*mass_composition!$E44/100 -> 0 | AL44: =raw_data!$AL44*mass_composition!$E44/100 -> 0 | AM44: =raw_data!$AM44*mass_composition!$E44/100 -> 0 | AN44: =raw_data!$AN44*mass_composition!$E44/100 -> 0 | AO44: =raw_data!$AO44*mass_composition!$E44/100 -> 0 | AP44: =raw_data!$AP44*mass_composition!$E44/100 -> 0 | AQ44: =raw_data!$AQ44*mass_composition!$E44/100 -> 0 | AR44: =raw_data!$AR44*mass_composition!$E44/100 -> 0 | AS44: =raw_data!$AS44*mass_composition!$E44/100 -> 0 | AT44: =raw_data!$AT44*mass_composition!$E44/100 -> 0 | AU44: =raw_data!$AU44*mass_composition!$E44/100 -> 0 | AV44: =raw_data!$AV44*mass_composition!$E44/100 -> 0 | AW44: =raw_data!$AW44*mass_composition!$E44/100 -> 0 | AX44: =raw_data!$AX44*mass_composition!$E44/100 -> 0 | AY44: =raw_data!$AY44*mass_composition!$E44/100 -> 0 | AZ44: =raw_data!$AZ44*mass_composition!$E44/100 -> 0 | BA44: =raw_data!$BA44*mass_composition!$E44/100 -> 0 | BB44: =raw_data!$BB44*mass_composition!$E44/100 -> 0 | BC44: =raw_data!$BC44*mass_composition!$E44/100 -> 0 | BD44: =raw_data!$BD44*mass_composition!$E44/100 -> 0 | BE44: =raw_data!$BE44*mass_composition!$E44/100 -> 0 | BF44: =raw_data!$BF44*mass_composition!$E44/100 -> 0 | BG44: =raw_data!$BG44*mass_composition!$E44/100 -> 0 | BH44: 0 | BI44: 52.447552 | BJ44: 0 | BK44: =raw_data!$BK44*$E44/100 -> 0 | BL44: =raw_data!$BL44*$E44/100 -> 0 | BM44: 0 | BN44: =raw_data!$BN44*$E44/100 -> 0 | BO44: =raw_data!$BO44*$E44/100 -> 0 | BP44: =raw_data!$BP44*$E44/100 -> 0 | BQ44: 0 | BR44: =raw_data!$BR44*$E44/100 -> 0 | BS44: 17.11695 | BT44: 1.3238664 | BU44: 9.7902098 | BV44: 16.083916 | BW44: 0 | BX44: 0 | BY44: 78.321678 | BZ44: 16.223776 | CA44: 0 | CB44: 12.587413
A45: Food product | B45: Average Cauliflower, F&V | D45: =raw_data!$D45*$C45/100 -> 0 | E45: =raw_data!$E45*$C45/100 -> 0 | F45: =raw_data!$F45*$E45/100 -> 0 | G45: =raw_data!$G45*$E45/100 -> 0 | H45: 16.223873 | I45: 472.26846 | J45: =raw_data!$J45*mass_composition!$E45/100 -> 0 | K45: =raw_data!$K45*mass_composition!$E45/100 -> 0 | L45: =raw_data!$L45*mass_composition!$E45/100 -> 0 | M45: =raw_data!$M45*mass_composition!$E45/100 -> 0 | N45: =raw_data!$N45*mass_composition!$E45/100 -> 0 | O45: =raw_data!$O45*mass_composition!$E45/100 -> 0 | P45: =raw_data!$P45*mass_composition!$E45/100 -> 0 | Q45: =raw_data!$Q45*mass_composition!$E45/100 -> 0 | R45: =raw_data!$R45*mass_composition!$E45/100 -> 0 | S45: =raw_data!$S45*mass_composition!$E45/100 -> 0 | T45: =raw_data!$T45*mass_composition!$E45/100 -> 0 | U45: =raw_data!$U45*mass_composition!$E45/100 -> 0 | V45: =raw_data!$V45*mass_composition!$E45/100 -> 0 | W45: =raw_data!$W45*mass_composition!$E45/100 -> 0 | X45: =raw_data!$X45*mass_composition!$E45/100 -> 0 | Y45: =raw_data!$Y45*mass_composition!$E45/100 -> 0 | Z45: =raw_data!$Z45*mass_composition!$E45/100 -> 0 | AA45: =raw_data!$AA45*mass_composition!$E45/100 -> 0 | AB45: =raw_data!$AB45*mass_composition!$E45/100 -> 0 | AC45: =raw_data!$AC45*mass_composition!$E45/100 -> 0 | AD45: =raw_data!$AD45*mass_composition!$E45/100 -> 0 | AE45: =raw_data!$AE45*mass_composition!$E45/100 -> 0 | AF45: =raw_data!$AF45*mass_composition!$E45/100 -> 0 | AG45: =raw_data!$AG45*mass_composition!$E45/100 -> 0 | AH45: =raw_data!$AH45*mass_composition!$E45/100 -> 0 | AI45: =raw_data!$AI45*mass_composition!$E45/100 -> 0 | AJ45: =raw_data!$AJ45*mass_composition!$E45/100 -> 0 | AK45: =raw_data!$AK45*mass_composition!$E45/100 -> 0 | AL45: =raw_data!$AL45*mass_composition!$E45/100 -> 0 | AM45: =raw_data!$AM45*mass_composition!$E45/100 -> 0 | AN45: =raw_data!$AN45*mass_composition!$E45/100 -> 0 | AO45: =raw_data!$AO45*mass_composition!$E45/100 -> 0 | AP45: =raw_data!$AP45*mass_composition!$E45/100 -> 0 | AQ45: =raw_data!$AQ45*mass_composition!$E45/100 -> 0 | AR45: =raw_data!$AR45*mass_composition!$E45/100 -> 0 | AS45: =raw_data!$AS45*mass_composition!$E45/100 -> 0 | AT45: =raw_data!$AT45*mass_composition!$E45/100 -> 0 | AU45: =raw_data!$AU45*mass_composition!$E45/100 -> 0 | AV45: =raw_data!$AV45*mass_composition!$E45/100 -> 0 | AW45: =raw_data!$AW45*mass_composition!$E45/100 -> 0 | AX45: =raw_data!$AX45*mass_composition!$E45/100 -> 0 | AY45: =raw_data!$AY45*mass_composition!$E45/100 -> 0 | AZ45: =raw_data!$AZ45*mass_composition!$E45/100 -> 0 | BA45: =raw_data!$BA45*mass_composition!$E45/100 -> 0 | BB45: =raw_data!$BB45*mass_composition!$E45/100 -> 0 | BC45: =raw_data!$BC45*mass_composition!$E45/100 -> 0 | BD45: =raw_data!$BD45*mass_composition!$E45/100 -> 0 | BE45: =raw_data!$BE45*mass_composition!$E45/100 -> 0 | BF45: =raw_data!$BF45*mass_composition!$E45/100 -> 0 | BG45: =raw_data!$BG45*mass_composition!$E45/100 -> 0 | BH45: 0 | BI45: 0.72176044 | BJ45: 0.12029341 | BK45: =raw_data!$BK45*$E45/100 -> 0 | BL45: =raw_data!$BL45*$E45/100 -> 0 | BM45: 0 | BN45: =raw_data!$BN45*$E45/100 -> 0 | BO45: =raw_data!$BO45*$E45/100 -> 0 | BP45: =raw_data!$BP45*$E45/100 -> 0 | BQ45: 0 | BR45: =raw_data!$BR45*$E45/100 -> 0 | BS45: 18.055889 | BT45: 1.4166231 | BU45: 15.758436 | BV45: 6.1349638 | BW45: 0 | BX45: 0 | BY45: 22.61516 | BZ45: 13.749673 | CA45: 0 | CB45: 20.563483
A46: Food product | B46: Average Artichoke, F&V | D46: =raw_data!$D46*$C46/100 -> 0 | E46: =raw_data!$E46*$C46/100 -> 0 | F46: =raw_data!$F46*$E46/100 -> 0 | G46: =raw_data!$G46*$E46/100 -> 0 | H46: 15.378574 | I46: 442.65 | J46: =raw_data!$J46*mass_composition!$E46/100 -> 0 | K46: =raw_data!$K46*mass_composition!$E46/100 -> 0 | L46: =raw_data!$L46*mass_composition!$E46/100 -> 0 | M46: =raw_data!$M46*mass_composition!$E46/100 -> 0 | N46: =raw_data!$N46*mass_composition!$E46/100 -> 0 | O46: =raw_data!$O46*mass_composition!$E46/100 -> 0 | P46: =raw_data!$P46*mass_composition!$E46/100 -> 0 | Q46: =raw_data!$Q46*mass_composition!$E46/100 -> 0 | R46: =raw_data!$R46*mass_composition!$E46/100 -> 0 | S46: =raw_data!$S46*mass_composition!$E46/100 -> 0 | T46: =raw_data!$T46*mass_composition!$E46/100 -> 0 | U46: =raw_data!$U46*mass_composition!$E46/100 -> 0 | V46: =raw_data!$V46*mass_composition!$E46/100 -> 0 | W46: =raw_data!$W46*mass_composition!$E46/100 -> 0 | X46: =raw_data!$X46*mass_composition!$E46/100 -> 0 | Y46: =raw_data!$Y46*mass_composition!$E46/100 -> 0 | Z46: =raw_data!$Z46*mass_composition!$E46/100 -> 0 | AA46: =raw_data!$AA46*mass_composition!$E46/100 -> 0 | AB46: =raw_data!$AB46*mass_composition!$E46/100 -> 0 | AC46: =raw_data!$AC46*mass_composition!$E46/100 -> 0 | AD46: =raw_data!$AD46*mass_composition!$E46/100 -> 0 | AE46: =raw_data!$AE46*mass_composition!$E46/100 -> 0 | AF46: =raw_data!$AF46*mass_composition!$E46/100 -> 0 | AG46: =raw_data!$AG46*mass_composition!$E46/100 -> 0 | AH46: =raw_data!$AH46*mass_composition!$E46/100 -> 0 | AI46: =raw_data!$AI46*mass_composition!$E46/100 -> 0 | AJ46: =raw_data!$AJ46*mass_composition!$E46/100 -> 0 | AK46: =raw_data!$AK46*mass_composition!$E46/100 -> 0 | AL46: =raw_data!$AL46*mass_composition!$E46/100 -> 0 | AM46: =raw_data!$AM46*mass_composition!$E46/100 -> 0 | AN46: =raw_data!$AN46*mass_composition!$E46/100 -> 0 | AO46: =raw_data!$AO46*mass_composition!$E46/100 -> 0 | AP46: =raw_data!$AP46*mass_composition!$E46/100 -> 0 | AQ46: =raw_data!$AQ46*mass_composition!$E46/100 -> 0 | AR46: =raw_data!$AR46*mass_composition!$E46/100 -> 0 | AS46: =raw_data!$AS46*mass_composition!$E46/100 -> 0 | AT46: =raw_data!$AT46*mass_composition!$E46/100 -> 0 | AU46: =raw_data!$AU46*mass_composition!$E46/100 -> 0 | AV46: =raw_data!$AV46*mass_composition!$E46/100 -> 0 | AW46: =raw_data!$AW46*mass_composition!$E46/100 -> 0 | AX46: =raw_data!$AX46*mass_composition!$E46/100 -> 0 | AY46: =raw_data!$AY46*mass_composition!$E46/100 -> 0 | AZ46: =raw_data!$AZ46*mass_composition!$E46/100 -> 0 | BA46: =raw_data!$BA46*mass_composition!$E46/100 -> 0 | BB46: =raw_data!$BB46*mass_composition!$E46/100 -> 0 | BC46: =raw_data!$BC46*mass_composition!$E46/100 -> 0 | BD46: =raw_data!$BD46*mass_composition!$E46/100 -> 0 | BE46: =raw_data!$BE46*mass_composition!$E46/100 -> 0 | BF46: =raw_data!$BF46*mass_composition!$E46/100 -> 0 | BG46: =raw_data!$BG46*mass_composition!$E46/100 -> 0 | BH46: 0 | BI46: 0 | BJ46: 0 | BK46: =raw_data!$BK46*$E46/100 -> 0 | BL46: =raw_data!$BL46*$E46/100 -> 0 | BM46: 0 | BN46: =raw_data!$BN46*$E46/100 -> 0 | BO46: =raw_data!$BO46*$E46/100 -> 0 | BP46: =raw_data!$BP46*$E46/100 -> 0 | BQ46: 0 | BR46: =raw_data!$BR46*$E46/100 -> 0 | BS46: 17.287195 | BT46: 1.3407036 | BU46: 0 | BV46: 0 | BW46: 0 | BX46: 0 | BY46: 0 | BZ46: 14.437086 | CA46: 0 | CB46: 69.536424
A47: Food product | B47: Average Celeriac, F&V | C47: =13.7254901960785/6 -> 2.2875817 | D47: =raw_data!$D47*$C47/100 -> 1.7877451 | E47: =raw_data!$E47*$C47/100 -> 0.4998366 | F47: =raw_data!$F47*$E47/100 -> 0.44378042 | G47: =raw_data!$G47*$E47/100 -> 0.056056186 | H47: 15.692781 | I47: 469.9833 | J47: =raw_data!$J47*mass_composition!$E47/100 -> 0.20351471 | K47: =raw_data!$K47*mass_composition!$E47/100 -> 0.20258537 | L47: =raw_data!$L47*mass_composition!$E47/100 -> 0 | M47: =raw_data!$M47*mass_composition!$E47/100 -> 0.001874319 | N47: =raw_data!$N47*mass_composition!$E47/100 -> 0 | O47: =raw_data!$O47*mass_composition!$E47/100 -> 0 | P47: =raw_data!$P47*mass_composition!$E47/100 -> 0.03052432 | Q47: =raw_data!$Q47*mass_composition!$E47/100 -> 0.010778324 | R47: =raw_data!$R47*mass_composition!$E47/100 -> 0.012407721 | S47: =raw_data!$S47*mass_composition!$E47/100 -> 0.010523914 | T47: =raw_data!$T47*mass_composition!$E47/100 -> 0.19596554 | U47: =raw_data!$U47*mass_composition!$E47/100 -> 0.0026702458 | V47: =raw_data!$V47*mass_composition!$E47/100 -> 0.0027831207 | W47: =raw_data!$W47*mass_composition!$E47/100 -> 0 | X47: =raw_data!$X47*mass_composition!$E47/100 -> 0 | Y47: =raw_data!$Y47*mass_composition!$E47/100 -> 0 | Z47: =raw_data!$Z47*mass_composition!$E47/100 -> 1.1058332e-08 | AA47: =raw_data!$AA47*mass_composition!$E47/100 -> 0 | AB47: =raw_data!$AB47*mass_composition!$E47/100 -> 0 | AC47: =raw_data!$AC47*mass_composition!$E47/100 -> 0 | AD47: =raw_data!$AD47*mass_composition!$E47/100 -> 0 | AE47: =raw_data!$AE47*mass_composition!$E47/100 -> 0 | AF47: =raw_data!$AF47*mass_composition!$E47/100 -> 0 | AG47: =raw_data!$AG47*mass_composition!$E47/100 -> 1.8705237e-07 | AH47: =raw_data!$AH47*mass_composition!$E47/100 -> 1.5427056e-08 | AI47: =raw_data!$AI47*mass_composition!$E47/100 -> 1.8420997e-07 | AJ47: =raw_data!$AJ47*mass_composition!$E47/100 -> 2.4635506e-06 | AK47: =raw_data!$AK47*mass_composition!$E47/100 -> 3.1577681e-05 | AL47: =raw_data!$AL47*mass_composition!$E47/100 -> 0 | AM47: =raw_data!$AM47*mass_composition!$E47/100 -> 1.2601037e-08 | AN47: =raw_data!$AN47*mass_composition!$E47/100 -> 0 | AO47: =raw_data!$AO47*mass_composition!$E47/100 -> 0 | AP47: =raw_data!$AP47*mass_composition!$E47/100 -> 0.00067988263 | AQ47: =raw_data!$AQ47*mass_composition!$E47/100 -> 6.0943696e-06 | AR47: =raw_data!$AR47*mass_composition!$E47/100 -> 0 | AS47: =raw_data!$AS47*mass_composition!$E47/100 -> 2.6927721e-07 | AT47: =raw_data!$AT47*mass_composition!$E47/100 -> 7.3484663e-08 | AU47: =raw_data!$AU47*mass_composition!$E47/100 -> 0 | AV47: =raw_data!$AV47*mass_composition!$E47/100 -> 0 | AW47: =raw_data!$AW47*mass_composition!$E47/100 -> 0 | AX47: =raw_data!$AX47*mass_composition!$E47/100 -> 5.07045e-08 | AY47: =raw_data!$AY47*mass_composition!$E47/100 -> 0 | AZ47: =raw_data!$AZ47*mass_composition!$E47/100 -> 0 | BA47: =raw_data!$BA47*mass_composition!$E47/100 -> 0 | BB47: =raw_data!$BB47*mass_composition!$E47/100 -> 0 | BC47: =raw_data!$BC47*mass_composition!$E47/100 -> 0 | BD47: =raw_data!$BD47*mass_composition!$E47/100 -> 0 | BE47: =raw_data!$BE47*mass_composition!$E47/100 -> 1.3582635e-05 | BF47: =raw_data!$BF47*mass_composition!$E47/100 -> 0 | BG47: =raw_data!$BG47*mass_composition!$E47/100 -> 0 | BH47: 0 | BI47: 7.5663717 | BJ47: 1.6371681 | BK47: =raw_data!$BK47*$E47/100 -> 0.030742163 | BL47: =raw_data!$BL47*$E47/100 -> 0 | BM47: 0 | BN47: =raw_data!$BN47*$E47/100 -> 0.0013269998 | BO47: =raw_data!$BO47*$E47/100 -> 0.078377634 | BP47: =raw_data!$BP47*$E47/100 -> 0.030546935 | BQ47: 0 | BR47: =raw_data!$BR47*$E47/100 -> 0.33485585 | BS47: 16.90973 | BT47: 1.303142 | BU47: 0.3539823 | BV47: 0 | BW47: 0 | BX47: 0 | BY47: 7.920354 | BZ47: 14.315115 | CA47: 0 | CB47: 51.019611
A48: Food product | B48: Average Savoy cabbage, F&V | D48: =raw_data!$D48*$C48/100 -> 0 | E48: =raw_data!$E48*$C48/100 -> 0 | F48: =raw_data!$F48*$E48/100 -> 0 | G48: =raw_data!$G48*$E48/100 -> 0 | H48: 15.100079 | I48: 442.06098 | J48: =raw_data!$J48*mass_composition!$E48/100 -> 0 | K48: =raw_data!$K48*mass_composition!$E48/100 -> 0 | L48: =raw_data!$L48*mass_composition!$E48/100 -> 0 | M48: =raw_data!$M48*mass_composition!$E48/100 -> 0 | N48: =raw_data!$N48*mass_composition!$E48/100 -> 0 | O48: =raw_data!$O48*mass_composition!$E48/100 -> 0 | P48: =raw_data!$P48*mass_composition!$E48/100 -> 0 | Q48: =raw_data!$Q48*mass_composition!$E48/100 -> 0 | R48: =raw_data!$R48*mass_composition!$E48/100 -> 0 | S48: =raw_data!$S48*mass_composition!$E48/100 -> 0 | T48: =raw_data!$T48*mass_composition!$E48/100 -> 0 | U48: =raw_data!$U48*mass_composition!$E48/100 -> 0 | V48: =raw_data!$V48*mass_composition!$E48/100 -> 0 | W48: =raw_data!$W48*mass_composition!$E48/100 -> 0 | X48: =raw_data!$X48*mass_composition!$E48/100 -> 0 | Y48: =raw_data!$Y48*mass_composition!$E48/100 -> 0 | Z48: =raw_data!$Z48*mass_composition!$E48/100 -> 0 | AA48: =raw_data!$AA48*mass_composition!$E48/100 -> 0 | AB48: =raw_data!$AB48*mass_composition!$E48/100 -> 0 | AC48: =raw_data!$AC48*mass_composition!$E48/100 -> 0 | AD48: =raw_data!$AD48*mass_composition!$E48/100 -> 0 | AE48: =raw_data!$AE48*mass_composition!$E48/100 -> 0 | AF48: =raw_data!$AF48*mass_composition!$E48/100 -> 0 | AG48: =raw_data!$AG48*mass_composition!$E48/100 -> 0 | AH48: =raw_data!$AH48*mass_composition!$E48/100 -> 0 | AI48: =raw_data!$AI48*mass_composition!$E48/100 -> 0 | AJ48: =raw_data!$AJ48*mass_composition!$E48/100 -> 0 | AK48: =raw_data!$AK48*mass_composition!$E48/100 -> 0 | AL48: =raw_data!$AL48*mass_composition!$E48/100 -> 0 | AM48: =raw_data!$AM48*mass_composition!$E48/100 -> 0 | AN48: =raw_data!$AN48*mass_composition!$E48/100 -> 0 | AO48: =raw_data!$AO48*mass_composition!$E48/100 -> 0 | AP48: =raw_data!$AP48*mass_composition!$E48/100 -> 0 | AQ48: =raw_data!$AQ48*mass_composition!$E48/100 -> 0 | AR48: =raw_data!$AR48*mass_composition!$E48/100 -> 0 | AS48: =raw_data!$AS48*mass_composition!$E48/100 -> 0 | AT48: =raw_data!$AT48*mass_composition!$E48/100 -> 0 | AU48: =raw_data!$AU48*mass_composition!$E48/100 -> 0 | AV48: =raw_data!$AV48*mass_composition!$E48/100 -> 0 | AW48: =raw_data!$AW48*mass_composition!$E48/100 -> 0 | AX48: =raw_data!$AX48*mass_composition!$E48/100 -> 0 | AY48: =raw_data!$AY48*mass_composition!$E48/100 -> 0 | AZ48: =raw_data!$AZ48*mass_composition!$E48/100 -> 0 | BA48: =raw_data!$BA48*mass_composition!$E48/100 -> 0 | BB48: =raw_data!$BB48*mass_composition!$E48/100 -> 0 | BC48: =raw_data!$BC48*mass_composition!$E48/100 -> 0 | BD48: =raw_data!$BD48*mass_composition!$E48/100 -> 0 | BE48: =raw_data!$BE48*mass_composition!$E48/100 -> 0 | BF48: =raw_data!$BF48*mass_composition!$E48/100 -> 0 | BG48: =raw_data!$BG48*mass_composition!$E48/100 -> 0 | BH48: 0 | BI48: 0 | BJ48: 0 | BK48: =raw_data!$BK48*$E48/100 -> 0 | BL48: =raw_data!$BL48*$E48/100 -> 0 | BM48: 0 | BN48: =raw_data!$BN48*$E48/100 -> 0 | BO48: =raw_data!$BO48*$E48/100 -> 0 | BP48: =raw_data!$BP48*$E48/100 -> 0 | BQ48: 0 | BR48: =raw_data!$BR48*$E48/100 -> 0 | BS48: 16.99897 | BT48: 1.3121981 | BU48: 0 | BV48: 0 | BW48: 0 | BX48: 0 | BY48: 0 | BZ48: 12.555556 | CA48: 0 | CB48: 67.777778
A49: Food product | B49: Average Radish, F&V | C49: =13.7254901960785/6 -> 2.2875817 | D49: =raw_data!$D49*$C49/100 -> 2.1648148 | E49: =raw_data!$E49*$C49/100 -> 0.12276688 | F49: =raw_data!$F49*$E49/100 -> 0.10627931 | G49: =raw_data!$G49*$E49/100 -> 0.016487574 | H49: 14.317388 | I49: 441.21876 | J49: =raw_data!$J49*mass_composition!$E49/100 -> 0.046635094 | K49: =raw_data!$K49*mass_composition!$E49/100 -> 0.046355491 | L49: =raw_data!$L49*mass_composition!$E49/100 -> 0 | M49: =raw_data!$M49*mass_composition!$E49/100 -> 0.00086501481 | N49: =raw_data!$N49*mass_composition!$E49/100 -> 0 | O49: =raw_data!$O49*mass_composition!$E49/100 -> 0 | P49: =raw_data!$P49*mass_composition!$E49/100 -> 0.0071162042 | Q49: =raw_data!$Q49*mass_composition!$E49/100 -> 0.0063777637 | R49: =raw_data!$R49*mass_composition!$E49/100 -> 0.0029991722 | S49: =raw_data!$S49*mass_composition!$E49/100 -> 0.00046243659 | T49: =raw_data!$T49*mass_composition!$E49/100 -> 0.049233377 | U49: =raw_data!$U49*mass_composition!$E49/100 -> 0.00059524734 | V49: =raw_data!$V49*mass_composition!$E49/100 -> 0.00066561226 | W49: =raw_data!$W49*mass_composition!$E49/100 -> 0 | X49: =raw_data!$X49*mass_composition!$E49/100 -> 0 | Y49: =raw_data!$Y49*mass_composition!$E49/100 -> 0 | Z49: =raw_data!$Z49*mass_composition!$E49/100 -> 0 | AA49: =raw_data!$AA49*mass_composition!$E49/100 -> 0 | AB49: =raw_data!$AB49*mass_composition!$E49/100 -> 0 | AC49: =raw_data!$AC49*mass_composition!$E49/100 -> 0 | AD49: =raw_data!$AD49*mass_composition!$E49/100 -> 0 | AE49: =raw_data!$AE49*mass_composition!$E49/100 -> 0 | AF49: =raw_data!$AF49*mass_composition!$E49/100 -> 0 | AG49: =raw_data!$AG49*mass_composition!$E49/100 -> 3.255357e-08 | AH49: =raw_data!$AH49*mass_composition!$E49/100 -> 0 | AI49: =raw_data!$AI49*mass_composition!$E49/100 -> 1.6276785e-08 | AJ49: =raw_data!$AJ49*mass_composition!$E49/100 -> 1.5067194e-06 | AK49: =raw_data!$AK49*mass_composition!$E49/100 -> 1.2742238e-05 | AL49: =raw_data!$AL49*mass_composition!$E49/100 -> 0 | AM49: =raw_data!$AM49*mass_composition!$E49/100 -> 1.6276785e-09 | AN49: =raw_data!$AN49*mass_composition!$E49/100 -> 0 | AO49: =raw_data!$AO49*mass_composition!$E49/100 -> 0 | AP49: =raw_data!$AP49*mass_composition!$E49/100 -> 0.00026553774 | AQ49: =raw_data!$AQ49*mass_composition!$E49/100 -> 1.5848787e-06 | AR49: =raw_data!$AR49*mass_composition!$E49/100 -> 0 | AS49: =raw_data!$AS49*mass_composition!$E49/100 -> 6.5107141e-08 | AT49: =raw_data!$AT49*mass_composition!$E49/100 -> 1.6276785e-08 | AU49: =raw_data!$AU49*mass_composition!$E49/100 -> 0 | AV49: =raw_data!$AV49*mass_composition!$E49/100 -> 0 | AW49: =raw_data!$AW49*mass_composition!$E49/100 -> 0 | AX49: =raw_data!$AX49*mass_composition!$E49/100 -> 1.6276785e-09 | AY49: =raw_data!$AY49*mass_composition!$E49/100 -> 0 | AZ49: =raw_data!$AZ49*mass_composition!$E49/100 -> 0 | BA49: =raw_data!$BA49*mass_composition!$E49/100 -> 0 | BB49: =raw_data!$BB49*mass_composition!$E49/100 -> 0 | BC49: =raw_data!$BC49*mass_composition!$E49/100 -> 0 | BD49: =raw_data!$BD49*mass_composition!$E49/100 -> 0 | BE49: =raw_data!$BE49*mass_composition!$E49/100 -> 6.3246338e-06 | BF49: =raw_data!$BF49*mass_composition!$E49/100 -> 0 | BG49: =raw_data!$BG49*mass_composition!$E49/100 -> 0 | BH49: 0 | BI49: 0 | BJ49: 0 | BK49: =raw_data!$BK49*$E49/100 -> 0.0069867333 | BL49: =raw_data!$BL49*$E49/100 -> 0 | BM49: 0 | BN49: =raw_data!$BN49*$E49/100 -> 0.0003992419 | BO49: =raw_data!$BO49*$E49/100 -> 0.018744826 | BP49: =raw_data!$BP49*$E49/100 -> 0.0023717202 | BQ49: 0 | BR49: =raw_data!$BR49*$E49/100 -> 0.085162765 | BS49: 15.808659 | BT49: 1.1941943 | BU49: 3.0894309 | BV49: 7.1544715 | BW49: 0 | BX49: 0 | BY49: 10.243902 | BZ49: 12.853488 | CA49: 0 | CB49: 53.10933
A50: Food product | B50: Average Walnut, F&V | C50: =0.802139037433193/2 -> 0.40106952 | D50: =raw_data!$D50*$C50/100 -> 0.011229947 | E50: =raw_data!$E50*$C50/100 -> 0.38983957 | F50: =raw_data!$F50*$E50/100 -> 0.38302139 | G50: =raw_data!$G50*$E50/100 -> 0.0068181818 | H50: 30.566884 | I50: 830.43455 | J50: =raw_data!$J50*mass_composition!$E50/100 -> 0.25907635 | K50: =raw_data!$K50*mass_composition!$E50/100 -> 0.25907635 | L50: =raw_data!$L50*mass_composition!$E50/100 -> 0 | M50: =raw_data!$M50*mass_composition!$E50/100 -> 0.00033328877 | N50: =raw_data!$N50*mass_composition!$E50/100 -> 0 | O50: =raw_data!$O50*mass_composition!$E50/100 -> 0 | P50: =raw_data!$P50*mass_composition!$E50/100 -> 0.037022178 | Q50: =raw_data!$Q50*mass_composition!$E50/100 -> 0.0018890374 | R50: =raw_data!$R50*mass_composition!$E50/100 -> 0.010820856 | S50: =raw_data!$S50*mass_composition!$E50/100 -> 1.6042781e-05 | T50: =raw_data!$T50*mass_composition!$E50/100 -> 0.076842371 | U50: =raw_data!$U50*mass_composition!$E50/100 -> 0.0015200535 | V50: =raw_data!$V50*mass_composition!$E50/100 -> 0.0020365524 | W50: =raw_data!$W50*mass_composition!$E50/100 -> 0 | X50: =raw_data!$X50*mass_composition!$E50/100 -> 0 | Y50: =raw_data!$Y50*mass_composition!$E50/100 -> 0 | Z50: =raw_data!$Z50*mass_composition!$E50/100 -> 0 | AA50: =raw_data!$AA50*mass_composition!$E50/100 -> 0 | AB50: =raw_data!$AB50*mass_composition!$E50/100 -> 0 | AC50: =raw_data!$AC50*mass_composition!$E50/100 -> 0 | AD50: =raw_data!$AD50*mass_composition!$E50/100 -> 0 | AE50: =raw_data!$AE50*mass_composition!$E50/100 -> 0 | AF50: =raw_data!$AF50*mass_composition!$E50/100 -> 0 | AG50: =raw_data!$AG50*mass_composition!$E50/100 -> 2.8074866e-09 | AH50: =raw_data!$AH50*mass_composition!$E50/100 -> 0 | AI50: =raw_data!$AI50*mass_composition!$E50/100 -> 4.8128342e-09 | AJ50: =raw_data!$AJ50*mass_composition!$E50/100 -> 5.3743316e-06 | AK50: =raw_data!$AK50*mass_composition!$E50/100 -> 8.4224599e-06 | AL50: =raw_data!$AL50*mass_composition!$E50/100 -> 0 | AM50: =raw_data!$AM50*mass_composition!$E50/100 -> 3.2085561e-09 | AN50: =raw_data!$AN50*mass_composition!$E50/100 -> 0 | AO50: =raw_data!$AO50*mass_composition!$E50/100 -> 0 | AP50: =raw_data!$AP50*mass_composition!$E50/100 -> 0.00057754011 | AQ50: =raw_data!$AQ50*mass_composition!$E50/100 -> 8.4224599e-06 | AR50: =raw_data!$AR50*mass_composition!$E50/100 -> 0 | AS50: =raw_data!$AS50*mass_composition!$E50/100 -> 1.2834225e-06 | AT50: =raw_data!$AT50*mass_composition!$E50/100 -> 2.7673797e-08 | AU50: =raw_data!$AU50*mass_composition!$E50/100 -> 0 | AV50: =raw_data!$AV50*mass_composition!$E50/100 -> 0 | AW50: =raw_data!$AW50*mass_composition!$E50/100 -> 0 | AX50: =raw_data!$AX50*mass_composition!$E50/100 -> 6.8181818e-09 | AY50: =raw_data!$AY50*mass_composition!$E50/100 -> 0 | AZ50: =raw_data!$AZ50*mass_composition!$E50/100 -> 0 | BA50: =raw_data!$BA50*mass_composition!$E50/100 -> 0 | BB50: =raw_data!$BB50*mass_composition!$E50/100 -> 0 | BC50: =raw_data!$BC50*mass_composition!$E50/100 -> 0 | BD50: =raw_data!$BD50*mass_composition!$E50/100 -> 0 | BE50: =raw_data!$BE50*mass_composition!$E50/100 -> 1.0828877e-05 | BF50: =raw_data!$BF50*mass_composition!$E50/100 -> 0 | BG50: =raw_data!$BG50*mass_composition!$E50/100 -> 0 | BH50: 0 | BI50: 0 | BJ50: 0.61728395 | BK50: =raw_data!$BK50*$E50/100 -> 0 | BL50: =raw_data!$BL50*$E50/100 -> 0 | BM50: 0 | BN50: =raw_data!$BN50*$E50/100 -> 0 | BO50: =raw_data!$BO50*$E50/100 -> 0.057352941 | BP50: =raw_data!$BP50*$E50/100 -> 0.2578877 | BQ50: 0 | BR50: =raw_data!$BR50*$E50/100 -> 0.067780749 | BS50: 28.249483 | BT50: 2.4248739 | BU50: 0 | BV50: 0 | BW50: 0 | BX50: 0 | BY50: 2.5720165 | BZ50: 29.41358 | CA50: 0 | CB50: 16.769547
A51: Food product | B51: Average Broccoli, F&V | D51: =raw_data!$D51*$C51/100 -> 0 | E51: =raw_data!$E51*$C51/100 -> 0 | F51: =raw_data!$F51*$E51/100 -> 0 | G51: =raw_data!$G51*$E51/100 -> 0 | H51: 16.845553 | I51: 488.23113 | J51: =raw_data!$J51*mass_composition!$E51/100 -> 0 | K51: =raw_data!$K51*mass_composition!$E51/100 -> 0 | L51: =raw_data!$L51*mass_composition!$E51/100 -> 0 | M51: =raw_data!$M51*mass_composition!$E51/100 -> 0 | N51: =raw_data!$N51*mass_composition!$E51/100 -> 0 | O51: =raw_data!$O51*mass_composition!$E51/100 -> 0 | P51: =raw_data!$P51*mass_composition!$E51/100 -> 0 | Q51: =raw_data!$Q51*mass_composition!$E51/100 -> 0 | R51: =raw_data!$R51*mass_composition!$E51/100 -> 0 | S51: =raw_data!$S51*mass_composition!$E51/100 -> 0 | T51: =raw_data!$T51*mass_composition!$E51/100 -> 0 | U51: =raw_data!$U51*mass_composition!$E51/100 -> 0 | V51: =raw_data!$V51*mass_composition!$E51/100 -> 0 | W51: =raw_data!$W51*mass_composition!$E51/100 -> 0 | X51: =raw_data!$X51*mass_composition!$E51/100 -> 0 | Y51: =raw_data!$Y51*mass_composition!$E51/100 -> 0 | Z51: =raw_data!$Z51*mass_composition!$E51/100 -> 0 | AA51: =raw_data!$AA51*mass_composition!$E51/100 -> 0 | AB51: =raw_data!$AB51*mass_composition!$E51/100 -> 0 | AC51: =raw_data!$AC51*mass_composition!$E51/100 -> 0 | AD51: =raw_data!$AD51*mass_composition!$E51/100 -> 0 | AE51: =raw_data!$AE51*mass_composition!$E51/100 -> 0 | AF51: =raw_data!$AF51*mass_composition!$E51/100 -> 0 | AG51: =raw_data!$AG51*mass_composition!$E51/100 -> 0 | AH51: =raw_data!$AH51*mass_composition!$E51/100 -> 0 | AI51: =raw_data!$AI51*mass_composition!$E51/100 -> 0 | AJ51: =raw_data!$AJ51*mass_composition!$E51/100 -> 0 | AK51: =raw_data!$AK51*mass_composition!$E51/100 -> 0 | AL51: =raw_data!$AL51*mass_composition!$E51/100 -> 0 | AM51: =raw_data!$AM51*mass_composition!$E51/100 -> 0 | AN51: =raw_data!$AN51*mass_composition!$E51/100 -> 0 | AO51: =raw_data!$AO51*mass_composition!$E51/100 -> 0 | AP51: =raw_data!$AP51*mass_composition!$E51/100 -> 0 | AQ51: =raw_data!$AQ51*mass_composition!$E51/100 -> 0 | AR51: =raw_data!$AR51*mass_composition!$E51/100 -> 0 | AS51: =raw_data!$AS51*mass_composition!$E51/100 -> 0 | AT51: =raw_data!$AT51*mass_composition!$E51/100 -> 0 | AU51: =raw_data!$AU51*mass_composition!$E51/100 -> 0 | AV51: =raw_data!$AV51*mass_composition!$E51/100 -> 0 | AW51: =raw_data!$AW51*mass_composition!$E51/100 -> 0 | AX51: =raw_data!$AX51*mass_composition!$E51/100 -> 0 | AY51: =raw_data!$AY51*mass_composition!$E51/100 -> 0 | AZ51: =raw_data!$AZ51*mass_composition!$E51/100 -> 0 | BA51: =raw_data!$BA51*mass_composition!$E51/100 -> 0 | BB51: =raw_data!$BB51*mass_composition!$E51/100 -> 0 | BC51: =raw_data!$BC51*mass_composition!$E51/100 -> 0 | BD51: =raw_data!$BD51*mass_composition!$E51/100 -> 0 | BE51: =raw_data!$BE51*mass_composition!$E51/100 -> 0 | BF51: =raw_data!$BF51*mass_composition!$E51/100 -> 0 | BG51: =raw_data!$BG51*mass_composition!$E51/100 -> 0 | BH51: 0 | BI51: 3.4188034 | BJ51: 0 | BK51: =raw_data!$BK51*$E51/100 -> 0 | BL51: =raw_data!$BL51*$E51/100 -> 0 | BM51: 0 | BN51: =raw_data!$BN51*$E51/100 -> 0 | BO51: =raw_data!$BO51*$E51/100 -> 0 | BP51: =raw_data!$BP51*$E51/100 -> 0 | BQ51: 0 | BR51: =raw_data!$BR51*$E51/100 -> 0 | BS51: 18.980988 | BT51: 1.5079972 | BU51: 11.111111 | BV51: 6.8376068 | BW51: 0 | BX51: 0 | BY51: 21.367521 | BZ51: 13.931624 | CA51: 0 | CB51: 11.452991
A52: Food product | B52: Average Pumpkin, F&V | D52: =raw_data!$D52*$C52/100 -> 0 | E52: =raw_data!$E52*$C52/100 -> 0 | F52: =raw_data!$F52*$E52/100 -> 0 | G52: =raw_data!$G52*$E52/100 -> 0 | H52: 14.582489 | I52: 437.14286 | J52: =raw_data!$J52*mass_composition!$E52/100 -> 0 | K52: =raw_data!$K52*mass_composition!$E52/100 -> 0 | L52: =raw_data!$L52*mass_composition!$E52/100 -> 0 | M52: =raw_data!$M52*mass_composition!$E52/100 -> 0 | N52: =raw_data!$N52*mass_composition!$E52/100 -> 0 | O52: =raw_data!$O52*mass_composition!$E52/100 -> 0 | P52: =raw_data!$P52*mass_composition!$E52/100 -> 0 | Q52: =raw_data!$Q52*mass_composition!$E52/100 -> 0 | R52: =raw_data!$R52*mass_composition!$E52/100 -> 0 | S52: =raw_data!$S52*mass_composition!$E52/100 -> 0 | T52: =raw_data!$T52*mass_composition!$E52/100 -> 0 | U52: =raw_data!$U52*mass_composition!$E52/100 -> 0 | V52: =raw_data!$V52*mass_composition!$E52/100 -> 0 | W52: =raw_data!$W52*mass_composition!$E52/100 -> 0 | X52: =raw_data!$X52*mass_composition!$E52/100 -> 0 | Y52: =raw_data!$Y52*mass_composition!$E52/100 -> 0 | Z52: =raw_data!$Z52*mass_composition!$E52/100 -> 0 | AA52: =raw_data!$AA52*mass_composition!$E52/100 -> 0 | AB52: =raw_data!$AB52*mass_composition!$E52/100 -> 0 | AC52: =raw_data!$AC52*mass_composition!$E52/100 -> 0 | AD52: =raw_data!$AD52*mass_composition!$E52/100 -> 0 | AE52: =raw_data!$AE52*mass_composition!$E52/100 -> 0 | AF52: =raw_data!$AF52*mass_composition!$E52/100 -> 0 | AG52: =raw_data!$AG52*mass_composition!$E52/100 -> 0 | AH52: =raw_data!$AH52*mass_composition!$E52/100 -> 0 | AI52: =raw_data!$AI52*mass_composition!$E52/100 -> 0 | AJ52: =raw_data!$AJ52*mass_composition!$E52/100 -> 0 | AK52: =raw_data!$AK52*mass_composition!$E52/100 -> 0 | AL52: =raw_data!$AL52*mass_composition!$E52/100 -> 0 | AM52: =raw_data!$AM52*mass_composition!$E52/100 -> 0 | AN52: =raw_data!$AN52*mass_composition!$E52/100 -> 0 | AO52: =raw_data!$AO52*mass_composition!$E52/100 -> 0 | AP52: =raw_data!$AP52*mass_composition!$E52/100 -> 0 | AQ52: =raw_data!$AQ52*mass_composition!$E52/100 -> 0 | AR52: =raw_data!$AR52*mass_composition!$E52/100 -> 0 | AS52: =raw_data!$AS52*mass_composition!$E52/100 -> 0 | AT52: =raw_data!$AT52*mass_composition!$E52/100 -> 0 | AU52: =raw_data!$AU52*mass_composition!$E52/100 -> 0 | AV52: =raw_data!$AV52*mass_composition!$E52/100 -> 0 | AW52: =raw_data!$AW52*mass_composition!$E52/100 -> 0 | AX52: =raw_data!$AX52*mass_composition!$E52/100 -> 0 | AY52: =raw_data!$AY52*mass_composition!$E52/100 -> 0 | AZ52: =raw_data!$AZ52*mass_composition!$E52/100 -> 0 | BA52: =raw_data!$BA52*mass_composition!$E52/100 -> 0 | BB52: =raw_data!$BB52*mass_composition!$E52/100 -> 0 | BC52: =raw_data!$BC52*mass_composition!$E52/100 -> 0 | BD52: =raw_data!$BD52*mass_composition!$E52/100 -> 0 | BE52: =raw_data!$BE52*mass_composition!$E52/100 -> 0 | BF52: =raw_data!$BF52*mass_composition!$E52/100 -> 0 | BG52: =raw_data!$BG52*mass_composition!$E52/100 -> 0 | BH52: 0 | BI52: 12.962963 | BJ52: 11.111111 | BK52: =raw_data!$BK52*$E52/100 -> 0 | BL52: =raw_data!$BL52*$E52/100 -> 0 | BM52: 0 | BN52: =raw_data!$BN52*$E52/100 -> 0 | BO52: =raw_data!$BO52*$E52/100 -> 0 | BP52: =raw_data!$BP52*$E52/100 -> 0 | BQ52: 0 | BR52: =raw_data!$BR52*$E52/100 -> 0 | BS52: 16.337653 | BT52: 1.2467938 | BU52: 16.666667 | BV52: 20.37037 | BW52: 0 | BX52: 0 | BY52: 50 | BZ52: 13.888889 | CA52: 0 | CB52: 16.666667
A53: Food product | B53: Average Shallot, F&V | D53: =raw_data!$D53*$C53/100 -> 0 | E53: =raw_data!$E53*$C53/100 -> 0 | F53: =raw_data!$F53*$E53/100 -> 0 | G53: =raw_data!$G53*$E53/100 -> 0 | H53: 15.659455 | I53: 438.95299 | J53: =raw_data!$J53*mass_composition!$E53/100 -> 0 | K53: =raw_data!$K53*mass_composition!$E53/100 -> 0 | L53: =raw_data!$L53*mass_composition!$E53/100 -> 0 | M53: =raw_data!$M53*mass_composition!$E53/100 -> 0 | N53: =raw_data!$N53*mass_composition!$E53/100 -> 0 | O53: =raw_data!$O53*mass_composition!$E53/100 -> 0 | P53: =raw_data!$P53*mass_composition!$E53/100 -> 0 | Q53: =raw_data!$Q53*mass_composition!$E53/100 -> 0 | R53: =raw_data!$R53*mass_composition!$E53/100 -> 0 | S53: =raw_data!$S53*mass_composition!$E53/100 -> 0 | T53: =raw_data!$T53*mass_composition!$E53/100 -> 0 | U53: =raw_data!$U53*mass_composition!$E53/100 -> 0 | V53: =raw_data!$V53*mass_composition!$E53/100 -> 0 | W53: =raw_data!$W53*mass_composition!$E53/100 -> 0 | X53: =raw_data!$X53*mass_composition!$E53/100 -> 0 | Y53: =raw_data!$Y53*mass_composition!$E53/100 -> 0 | Z53: =raw_data!$Z53*mass_composition!$E53/100 -> 0 | AA53: =raw_data!$AA53*mass_composition!$E53/100 -> 0 | AB53: =raw_data!$AB53*mass_composition!$E53/100 -> 0 | AC53: =raw_data!$AC53*mass_composition!$E53/100 -> 0 | AD53: =raw_data!$AD53*mass_composition!$E53/100 -> 0 | AE53: =raw_data!$AE53*mass_composition!$E53/100 -> 0 | AF53: =raw_data!$AF53*mass_composition!$E53/100 -> 0 | AG53: =raw_data!$AG53*mass_composition!$E53/100 -> 0 | AH53: =raw_data!$AH53*mass_composition!$E53/100 -> 0 | AI53: =raw_data!$AI53*mass_composition!$E53/100 -> 0 | AJ53: =raw_data!$AJ53*mass_composition!$E53/100 -> 0 | AK53: =raw_data!$AK53*mass_composition!$E53/100 -> 0 | AL53: =raw_data!$AL53*mass_composition!$E53/100 -> 0 | AM53: =raw_data!$AM53*mass_composition!$E53/100 -> 0 | AN53: =raw_data!$AN53*mass_composition!$E53/100 -> 0 | AO53: =raw_data!$AO53*mass_composition!$E53/100 -> 0 | AP53: =raw_data!$AP53*mass_composition!$E53/100 -> 0 | AQ53: =raw_data!$AQ53*mass_composition!$E53/100 -> 0 | AR53: =raw_data!$AR53*mass_composition!$E53/100 -> 0 | AS53: =raw_data!$AS53*mass_composition!$E53/100 -> 0 | AT53: =raw_data!$AT53*mass_composition!$E53/100 -> 0 | AU53: =raw_data!$AU53*mass_composition!$E53/100 -> 0 | AV53: =raw_data!$AV53*mass_composition!$E53/100 -> 0 | AW53: =raw_data!$AW53*mass_composition!$E53/100 -> 0 | AX53: =raw_data!$AX53*mass_composition!$E53/100 -> 0 | AY53: =raw_data!$AY53*mass_composition!$E53/100 -> 0 | AZ53: =raw_data!$AZ53*mass_composition!$E53/100 -> 0 | BA53: =raw_data!$BA53*mass_composition!$E53/100 -> 0 | BB53: =raw_data!$BB53*mass_composition!$E53/100 -> 0 | BC53: =raw_data!$BC53*mass_composition!$E53/100 -> 0 | BD53: =raw_data!$BD53*mass_composition!$E53/100 -> 0 | BE53: =raw_data!$BE53*mass_composition!$E53/100 -> 0 | BF53: =raw_data!$BF53*mass_composition!$E53/100 -> 0 | BG53: =raw_data!$BG53*mass_composition!$E53/100 -> 0 | BH53: 0 | BI53: 15.655738 | BJ53: 0 | BK53: =raw_data!$BK53*$E53/100 -> 0 | BL53: =raw_data!$BL53*$E53/100 -> 0 | BM53: 0 | BN53: =raw_data!$BN53*$E53/100 -> 0 | BO53: =raw_data!$BO53*$E53/100 -> 0 | BP53: =raw_data!$BP53*$E53/100 -> 0 | BQ53: 0 | BR53: =raw_data!$BR53*$E53/100 -> 0 | BS53: 17.297552 | BT53: 1.3412301 | BU53: 15 | BV53: 18.360656 | BW53: 0 | BX53: 0 | BY53: 49.016393 | BZ53: 15.409836 | CA53: 0 | CB53: 23.688525
A54: Food product | B54: Average Celery, F&V | D54: =raw_data!$D54*$C54/100 -> 0 | E54: =raw_data!$E54*$C54/100 -> 0 | F54: =raw_data!$F54*$E54/100 -> 0 | G54: =raw_data!$G54*$E54/100 -> 0 | H54: 13.887309 | I54: 444.41667 | J54: =raw_data!$J54*mass_composition!$E54/100 -> 0 | K54: =raw_data!$K54*mass_composition!$E54/100 -> 0 | L54: =raw_data!$L54*mass_composition!$E54/100 -> 0 | M54: =raw_data!$M54*mass_composition!$E54/100 -> 0 | N54: =raw_data!$N54*mass_composition!$E54/100 -> 0 | O54: =raw_data!$O54*mass_composition!$E54/100 -> 0 | P54: =raw_data!$P54*mass_composition!$E54/100 -> 0 | Q54: =raw_data!$Q54*mass_composition!$E54/100 -> 0 | R54: =raw_data!$R54*mass_composition!$E54/100 -> 0 | S54: =raw_data!$S54*mass_composition!$E54/100 -> 0 | T54: =raw_data!$T54*mass_composition!$E54/100 -> 0 | U54: =raw_data!$U54*mass_composition!$E54/100 -> 0 | V54: =raw_data!$V54*mass_composition!$E54/100 -> 0 | W54: =raw_data!$W54*mass_composition!$E54/100 -> 0 | X54: =raw_data!$X54*mass_composition!$E54/100 -> 0 | Y54: =raw_data!$Y54*mass_composition!$E54/100 -> 0 | Z54: =raw_data!$Z54*mass_composition!$E54/100 -> 0 | AA54: =raw_data!$AA54*mass_composition!$E54/100 -> 0 | AB54: =raw_data!$AB54*mass_composition!$E54/100 -> 0 | AC54: =raw_data!$AC54*mass_composition!$E54/100 -> 0 | AD54: =raw_data!$AD54*mass_composition!$E54/100 -> 0 | AE54: =raw_data!$AE54*mass_composition!$E54/100 -> 0 | AF54: =raw_data!$AF54*mass_composition!$E54/100 -> 0 | AG54: =raw_data!$AG54*mass_composition!$E54/100 -> 0 | AH54: =raw_data!$AH54*mass_composition!$E54/100 -> 0 | AI54: =raw_data!$AI54*mass_composition!$E54/100 -> 0 | AJ54: =raw_data!$AJ54*mass_composition!$E54/100 -> 0 | AK54: =raw_data!$AK54*mass_composition!$E54/100 -> 0 | AL54: =raw_data!$AL54*mass_composition!$E54/100 -> 0 | AM54: =raw_data!$AM54*mass_composition!$E54/100 -> 0 | AN54: =raw_data!$AN54*mass_composition!$E54/100 -> 0 | AO54: =raw_data!$AO54*mass_composition!$E54/100 -> 0 | AP54: =raw_data!$AP54*mass_composition!$E54/100 -> 0 | AQ54: =raw_data!$AQ54*mass_composition!$E54/100 -> 0 | AR54: =raw_data!$AR54*mass_composition!$E54/100 -> 0 | AS54: =raw_data!$AS54*mass_composition!$E54/100 -> 0 | AT54: =raw_data!$AT54*mass_composition!$E54/100 -> 0 | AU54: =raw_data!$AU54*mass_composition!$E54/100 -> 0 | AV54: =raw_data!$AV54*mass_composition!$E54/100 -> 0 | AW54: =raw_data!$AW54*mass_composition!$E54/100 -> 0 | AX54: =raw_data!$AX54*mass_composition!$E54/100 -> 0 | AY54: =raw_data!$AY54*mass_composition!$E54/100 -> 0 | AZ54: =raw_data!$AZ54*mass_composition!$E54/100 -> 0 | BA54: =raw_data!$BA54*mass_composition!$E54/100 -> 0 | BB54: =raw_data!$BB54*mass_composition!$E54/100 -> 0 | BC54: =raw_data!$BC54*mass_composition!$E54/100 -> 0 | BD54: =raw_data!$BD54*mass_composition!$E54/100 -> 0 | BE54: =raw_data!$BE54*mass_composition!$E54/100 -> 0 | BF54: =raw_data!$BF54*mass_composition!$E54/100 -> 0 | BG54: =raw_data!$BG54*mass_composition!$E54/100 -> 0 | BH54: 0 | BI54: 4.2253521 | BJ54: 1.4084507 | BK54: =raw_data!$BK54*$E54/100 -> 0 | BL54: =raw_data!$BL54*$E54/100 -> 0 | BM54: 0 | BN54: =raw_data!$BN54*$E54/100 -> 0 | BO54: =raw_data!$BO54*$E54/100 -> 0 | BP54: =raw_data!$BP54*$E54/100 -> 0 | BQ54: 0 | BR54: =raw_data!$BR54*$E54/100 -> 0 | BS54: 15.334245 | BT54: 1.1475569 | BU54: 5.6338028 | BV54: 7.0422535 | BW54: 0 | BX54: 0 | BY54: 16.901408 | BZ54: 12.816901 | CA54: 0 | CB54: 53.521127
A55: Food product | B55: Average Aubergine, F&V | D55: =raw_data!$D55*$C55/100 -> 0 | E55: =raw_data!$E55*$C55/100 -> 0 | F55: =raw_data!$F55*$E55/100 -> 0 | G55: =raw_data!$G55*$E55/100 -> 0 | H55: 14.762229 | I55: 437.13333 | J55: =raw_data!$J55*mass_composition!$E55/100 -> 0 | K55: =raw_data!$K55*mass_composition!$E55/100 -> 0 | L55: =raw_data!$L55*mass_composition!$E55/100 -> 0 | M55: =raw_data!$M55*mass_composition!$E55/100 -> 0 | N55: =raw_data!$N55*mass_composition!$E55/100 -> 0 | O55: =raw_data!$O55*mass_composition!$E55/100 -> 0 | P55: =raw_data!$P55*mass_composition!$E55/100 -> 0 | Q55: =raw_data!$Q55*mass_composition!$E55/100 -> 0 | R55: =raw_data!$R55*mass_composition!$E55/100 -> 0 | S55: =raw_data!$S55*mass_composition!$E55/100 -> 0 | T55: =raw_data!$T55*mass_composition!$E55/100 -> 0 | U55: =raw_data!$U55*mass_composition!$E55/100 -> 0 | V55: =raw_data!$V55*mass_composition!$E55/100 -> 0 | W55: =raw_data!$W55*mass_composition!$E55/100 -> 0 | X55: =raw_data!$X55*mass_composition!$E55/100 -> 0 | Y55: =raw_data!$Y55*mass_composition!$E55/100 -> 0 | Z55: =raw_data!$Z55*mass_composition!$E55/100 -> 0 | AA55: =raw_data!$AA55*mass_composition!$E55/100 -> 0 | AB55: =raw_data!$AB55*mass_composition!$E55/100 -> 0 | AC55: =raw_data!$AC55*mass_composition!$E55/100 -> 0 | AD55: =raw_data!$AD55*mass_composition!$E55/100 -> 0 | AE55: =raw_data!$AE55*mass_composition!$E55/100 -> 0 | AF55: =raw_data!$AF55*mass_composition!$E55/100 -> 0 | AG55: =raw_data!$AG55*mass_composition!$E55/100 -> 0 | AH55: =raw_data!$AH55*mass_composition!$E55/100 -> 0 | AI55: =raw_data!$AI55*mass_composition!$E55/100 -> 0 | AJ55: =raw_data!$AJ55*mass_composition!$E55/100 -> 0 | AK55: =raw_data!$AK55*mass_composition!$E55/100 -> 0 | AL55: =raw_data!$AL55*mass_composition!$E55/100 -> 0 | AM55: =raw_data!$AM55*mass_composition!$E55/100 -> 0 | AN55: =raw_data!$AN55*mass_composition!$E55/100 -> 0 | AO55: =raw_data!$AO55*mass_composition!$E55/100 -> 0 | AP55: =raw_data!$AP55*mass_composition!$E55/100 -> 0 | AQ55: =raw_data!$AQ55*mass_composition!$E55/100 -> 0 | AR55: =raw_data!$AR55*mass_composition!$E55/100 -> 0 | AS55: =raw_data!$AS55*mass_composition!$E55/100 -> 0 | AT55: =raw_data!$AT55*mass_composition!$E55/100 -> 0 | AU55: =raw_data!$AU55*mass_composition!$E55/100 -> 0 | AV55: =raw_data!$AV55*mass_composition!$E55/100 -> 0 | AW55: =raw_data!$AW55*mass_composition!$E55/100 -> 0 | AX55: =raw_data!$AX55*mass_composition!$E55/100 -> 0 | AY55: =raw_data!$AY55*mass_composition!$E55/100 -> 0 | AZ55: =raw_data!$AZ55*mass_composition!$E55/100 -> 0 | BA55: =raw_data!$BA55*mass_composition!$E55/100 -> 0 | BB55: =raw_data!$BB55*mass_composition!$E55/100 -> 0 | BC55: =raw_data!$BC55*mass_composition!$E55/100 -> 0 | BD55: =raw_data!$BD55*mass_composition!$E55/100 -> 0 | BE55: =raw_data!$BE55*mass_composition!$E55/100 -> 0 | BF55: =raw_data!$BF55*mass_composition!$E55/100 -> 0 | BG55: =raw_data!$BG55*mass_composition!$E55/100 -> 0 | BH55: 0 | BI55: 1.5384615 | BJ55: 3.0769231 | BK55: =raw_data!$BK55*$E55/100 -> 0 | BL55: =raw_data!$BL55*$E55/100 -> 0 | BM55: 0 | BN55: =raw_data!$BN55*$E55/100 -> 0 | BO55: =raw_data!$BO55*$E55/100 -> 0 | BP55: =raw_data!$BP55*$E55/100 -> 0 | BQ55: 0 | BR55: =raw_data!$BR55*$E55/100 -> 0 | BS55: 16.734592 | BT55: 1.2860512 | BU55: 21.538462 | BV55: 21.538462 | BW55: 0 | BX55: 0 | BY55: 44.615385 | BZ55: 12.769231 | CA55: 0 | CB55: 29.230769
A56: Food product | B56: Average Valerian, F&V | D56: =raw_data!$D56*$C56/100 -> 0 | E56: =raw_data!$E56*$C56/100 -> 0 | F56: =raw_data!$F56*$E56/100 -> 0 | G56: =raw_data!$G56*$E56/100 -> 0 | H56: 15.54352 | I56: 463.22917 | J56: =raw_data!$J56*mass_composition!$E56/100 -> 0 | K56: =raw_data!$K56*mass_composition!$E56/100 -> 0 | L56: =raw_data!$L56*mass_composition!$E56/100 -> 0 | M56: =raw_data!$M56*mass_composition!$E56/100 -> 0 | N56: =raw_data!$N56*mass_composition!$E56/100 -> 0 | O56: =raw_data!$O56*mass_composition!$E56/100 -> 0 | P56: =raw_data!$P56*mass_composition!$E56/100 -> 0 | Q56: =raw_data!$Q56*mass_composition!$E56/100 -> 0 | R56: =raw_data!$R56*mass_composition!$E56/100 -> 0 | S56: =raw_data!$S56*mass_composition!$E56/100 -> 0 | T56: =raw_data!$T56*mass_composition!$E56/100 -> 0 | U56: =raw_data!$U56*mass_composition!$E56/100 -> 0 | V56: =raw_data!$V56*mass_composition!$E56/100 -> 0 | W56: =raw_data!$W56*mass_composition!$E56/100 -> 0 | X56: =raw_data!$X56*mass_composition!$E56/100 -> 0 | Y56: =raw_data!$Y56*mass_composition!$E56/100 -> 0 | Z56: =raw_data!$Z56*mass_composition!$E56/100 -> 0 | AA56: =raw_data!$AA56*mass_composition!$E56/100 -> 0 | AB56: =raw_data!$AB56*mass_composition!$E56/100 -> 0 | AC56: =raw_data!$AC56*mass_composition!$E56/100 -> 0 | AD56: =raw_data!$AD56*mass_composition!$E56/100 -> 0 | AE56: =raw_data!$AE56*mass_composition!$E56/100 -> 0 | AF56: =raw_data!$AF56*mass_composition!$E56/100 -> 0 | AG56: =raw_data!$AG56*mass_composition!$E56/100 -> 0 | AH56: =raw_data!$AH56*mass_composition!$E56/100 -> 0 | AI56: =raw_data!$AI56*mass_composition!$E56/100 -> 0 | AJ56: =raw_data!$AJ56*mass_composition!$E56/100 -> 0 | AK56: =raw_data!$AK56*mass_composition!$E56/100 -> 0 | AL56: =raw_data!$AL56*mass_composition!$E56/100 -> 0 | AM56: =raw_data!$AM56*mass_composition!$E56/100 -> 0 | AN56: =raw_data!$AN56*mass_composition!$E56/100 -> 0 | AO56: =raw_data!$AO56*mass_composition!$E56/100 -> 0 | AP56: =raw_data!$AP56*mass_composition!$E56/100 -> 0 | AQ56: =raw_data!$AQ56*mass_composition!$E56/100 -> 0 | AR56: =raw_data!$AR56*mass_composition!$E56/100 -> 0 | AS56: =raw_data!$AS56*mass_composition!$E56/100 -> 0 | AT56: =raw_data!$AT56*mass_composition!$E56/100 -> 0 | AU56: =raw_data!$AU56*mass_composition!$E56/100 -> 0 | AV56: =raw_data!$AV56*mass_composition!$E56/100 -> 0 | AW56: =raw_data!$AW56*mass_composition!$E56/100 -> 0 | AX56: =raw_data!$AX56*mass_composition!$E56/100 -> 0 | AY56: =raw_data!$AY56*mass_composition!$E56/100 -> 0 | AZ56: =raw_data!$AZ56*mass_composition!$E56/100 -> 0 | BA56: =raw_data!$BA56*mass_composition!$E56/100 -> 0 | BB56: =raw_data!$BB56*mass_composition!$E56/100 -> 0 | BC56: =raw_data!$BC56*mass_composition!$E56/100 -> 0 | BD56: =raw_data!$BD56*mass_composition!$E56/100 -> 0 | BE56: =raw_data!$BE56*mass_composition!$E56/100 -> 0 | BF56: =raw_data!$BF56*mass_composition!$E56/100 -> 0 | BG56: =raw_data!$BG56*mass_composition!$E56/100 -> 0 | BH56: 0 | BI56: 0 | BJ56: 0 | BK56: =raw_data!$BK56*$E56/100 -> 0 | BL56: =raw_data!$BL56*$E56/100 -> 0 | BM56: 0 | BN56: =raw_data!$BN56*$E56/100 -> 0 | BO56: =raw_data!$BO56*$E56/100 -> 0 | BP56: =raw_data!$BP56*$E56/100 -> 0 | BQ56: 0 | BR56: =raw_data!$BR56*$E56/100 -> 0 | BS56: 17.269016 | BT56: 1.3389057 | BU56: 0 | BV56: 0 | BW56: 0 | BX56: 0 | BY56: 0 | BZ56: 13.093174 | CA56: 0 | CB56: 61.432753
