Workbook

Sheet results
D1: HC | Z1: IC | AC1: AD-a | AD1: AD-b | AF1: AD-c | AH1: AD-d | AI1: AD-e | AJ1: AD-f
B2: name | C2: sort | D2: Compiègne | E2: Venette | F2: Jaux | G2: Armancourt | H2: Le Meux | I2: La Croix-St-Ouen | J2: St-Sauveur | K2: Bethisy-St-Pierre | L2: Bethisy-St-Martin | M2: Bienville | N2: Choisy-au-Bac | O2: Clairoix | P2: Janville | Q2: Jonquières | R2: Lachelle | S2: Margny-lès-Compiègne | T2: Nery | U2: Saint-Jean-aux-Bois | V2: Saintines | W2: Saint-Vaast de Longmont | X2: Verberie | Y2: Vieux-Moulin | Z2: Suez | AA2: Gurdebeke | AB2: Villiers | AC2: Villiers | AD2: Refood | AE2: Villiers | AF2: Biometa | AG2: Villiers | AH2: Villiers | AI2: Villiers | AJ2: Villiers | AK2: Carbon | AL2: EQ | AM2: HH | AN2: EQssC | AO2: HHssC | AR2: HC | AS2: IC | AT2: AD-cog-dig | AU2: AD-cog-comp | AV2: AD-biomet-dig | AW2: AD-biomet-comp | AX2: AD-heat-dig | AY2: AD-heat-comp
A3: 0 | B3: =[1]results!B3 -> 1.0 | C3: =[1]results!C3 -> 0.6 | D3: =[1]results!D3 -> 0 | E3: =[1]results!E3 -> 0 | F3: =[1]results!F3 -> 0 | G3: =[1]results!G3 -> 0 | H3: =[1]results!H3 -> 0 | I3: =[1]results!I3 -> 0 | ... AO3: =[1]results!AO3 -> 0.3664482 | AQ3: 0 | AR3: =SUM(D3:Y3) -> 0 | AS3: =SUM(Z3:AB3) -> 0 | AT3: =AC3 -> 0 | AU3: =SUM(AD3:AE3) -> 100 | AV3: =SUM(AF3:AG3) -> 0 | AW3: =AH3 -> 0 | AX3: =AI3 -> 0 | AY3: =AJ3 -> 0
A4: 1 | B4: =[1]results!B4 -> 2.0 | C4: =[1]results!C4 -> 0.6 | D4: =[1]results!D4 -> 0 | E4: =[1]results!E4 -> 0 | F4: =[1]results!F4 -> 0 | G4: =[1]results!G4 -> 0 | H4: =[1]results!H4 -> 0 | I4: =[1]results!I4 -> 0 | ... AO4: =[1]results!AO4 -> 0.63665306 | AQ4: 0.25 | AR4: =SUM(D4:Y4) -> 0 | AS4: =SUM(Z4:AB4) -> 0 | AT4: =AC4 -> 0 | AU4: =SUM(AD4:AE4) -> 0 | AV4: =SUM(AF4:AG4) -> 0 | AW4: =AH4 -> 0 | AX4: =AI4 -> 0 | AY4: =AJ4 -> 100
A5: 2 | B5: =[1]results!B5 -> 3.0 | C5: =[1]results!C5 -> 0.6 | D5: =[1]results!D5 -> 0 | E5: =[1]results!E5 -> 0 | F5: =[1]results!F5 -> 0 | G5: =[1]results!G5 -> 0 | H5: =[1]results!H5 -> 0 | I5: =[1]results!I5 -> 1.29 | ... AO5: =[1]results!AO5 -> 0.63214949 | AQ5: 0.5 | AR5: =SUM(D5:Y5) -> 1.29 | AS5: =SUM(Z5:AB5) -> 0 | AT5: =AC5 -> 0 | AU5: =SUM(AD5:AE5) -> 0 | AV5: =SUM(AF5:AG5) -> 0 | AW5: =AH5 -> 0 | AX5: =AI5 -> 0 | AY5: =AJ5 -> 98.71
A6: 3 | B6: =[1]results!B6 -> 4.0 | C6: =[1]results!C6 -> 0.6 | D6: =[1]results!D6 -> 0.37 | E6: =[1]results!E6 -> 2.52 | F6: =[1]results!F6 -> 0 | G6: =[1]results!G6 -> 0 | H6: =[1]results!H6 -> 0 | I6: =[1]results!I6 -> 1.29 | ... AO6: =[1]results!AO6 -> 0.62180762 | AQ6: 0.75 | AR6: =SUM(D6:Y6) -> 6.5 | AS6: =SUM(Z6:AB6) -> 0 | AT6: =AC6 -> 0 | AU6: =SUM(AD6:AE6) -> 0 | AV6: =SUM(AF6:AG6) -> 0 | AW6: =AH6 -> 0 | AX6: =AI6 -> 0 | AY6: =AJ6 -> 93.51
A7: 4 | B7: =[1]results!B7 -> 5.0 | C7: =[1]results!C7 -> 0.6 | D7: =[1]results!D7 -> 0.37 | E7: =[1]results!E7 -> 2.52 | F7: =[1]results!F7 -> 0 | G7: =[1]results!G7 -> 0 | H7: =[1]results!H7 -> 0 | I7: =[1]results!I7 -> 1.29 | ... AO7: =[1]results!AO7 -> 0.88092442 | AQ7: 1 | AR7: =SUM(D7:Y7) -> 6.5 | AS7: =SUM(Z7:AB7) -> 0 | AT7: =AC7 -> 0 | AU7: =SUM(AD7:AE7) -> 0 | AV7: =SUM(AF7:AG7) -> 0 | AW7: =AH7 -> 93.51 | AX7: =AI7 -> 0 | AY7: =AJ7 -> 0

Sheet Feuil1
B1: Authorized investment | D1: Without investment$
B2: CC (kgCO2eq) | C2: EQ (excl. CC) (PDF.m2.yr) | D2: CC_ss_inv | E2: EQ_ss_inv
A3: 0 | B3: =results!AK3 -> -154483.15 | C3: =results!AN3 -> -198476.46 | D3: =[2]results!AD3 -> -203340.08 | E3: =[2]results!AG3 -> -190007.87
A4: 0.25 | B4: =results!AK4 -> -579266.27 | C4: =results!AN4 -> -165147.24 | D4: =[2]results!AD4 -> -203340.08 | E4: =[2]results!AG4 -> -190007.87
A5: 0.5 | B5: =results!AK5 -> -583481.79 | C5: =results!AN5 -> -163891.85 | D5: =[2]results!AD5 -> -248327.4 | E5: =[2]results!AG5 -> -179147.44
A6: 0.75 | B6: =results!AK6 -> -596910.37 | C6: =results!AN6 -> -157626.13 | D6: =[2]results!AD6 -> -271684.97 | E6: =[2]results!AG6 -> -158881.47
A7: 1 | B7: =results!AK7 -> -651101.7 | C7: =results!AN7 -> -34562.503 | D7: =[2]results!AD7 -> -544740.83 | E7: =[2]results!AG7 -> 188919.46

Sheet Feuil2
A1: Weight of CO2 | B1: Peat_hobby | C1: peat_pro | D1: AD-b refood | E1: AD-b Villiers | F1: AD-f Villers
A2: 0 | C2: 135096.8 | D2: 208.2 | E2: 3000
A3: 0.25 | C3: 135096.8 | F3: 3208.2
A4: 0.5 | B4: 18092.86 | C4: 133358.57 | F4: 3166.9
A5: 0.75 | B5: =91256.49+95355.32 -> 186611.81 | C5: 30974.22 | F5: 3000
A6: 1 | B6: =91256.49+95355.32 -> 186611.81 | C6: 30974.22 | F6: 3000
