Workbook

Sheet results
D1: HC | Z1: IC | AC1: AD-a | AD1: AD-b | AF1: AD-c | AH1: AD-d | AI1: AD-e | AJ1: AD-f
B2: name | C2: sort | D2: Compiègne | E2: Venette | F2: Jaux | G2: Armancourt | H2: Le Meux | I2: La Croix-St-Ouen | J2: St-Sauveur | K2: Bethisy-St-Pierre | L2: Bethisy-St-Martin | M2: Bienville | N2: Choisy-au-Bac | O2: Clairoix | P2: Janville | Q2: Jonquières | R2: Lachelle | S2: Margny-lès-Compiègne | T2: Nery | U2: Saint-Jean-aux-Bois | V2: Saintines | W2: Saint-Vaast de Longmont | X2: Verberie | Y2: Vieux-Moulin | Z2: Suez | AA2: Gurdebeke | AB2: Villiers | AC2: Villiers | AD2: Refood | AE2: Villiers | AF2: Biometa | AG2: Villiers | AH2: Villiers | AI2: Villiers | AJ2: Villiers | AK2: Carbon | AL2: EQ | AM2: HH | AN2: EQssC | AO2: HHssC | AR2: HC | AS2: IC | AT2: AD-cog-dig | AU2: AD-cog-comp | AV2: AD-biomet-dig | AW2: AD-biomet-comp | AX2: AD-heat-dig | AY2: AD-heat-comp
A3: 0 | B3: 1.0 | C3: 0.6 | D3: 0.37 | E3: 2.52 | I3: 1.29 | X3: 2.32 | AD3: 93.51 | AK3: -203340.08 | AL3: -479894.37 | AM3: -3.5317707 | AN3: -190007.87 | AO3: 0.36546879 | AQ3: 0 | AR3: =SUM(D3:Y3) -> 6.5 | AS3: =SUM(Z3:AB3) -> 0 | AT3: =AC3 -> 0 | AU3: =SUM(AD3:AE3) -> 93.51 | AV3: =SUM(AF3:AG3) -> 0 | AW3: =AH3 -> 0 | AX3: =AI3 -> 0 | AY3: =AJ3 -> 0
A4: 1 | B4: 2.0 | C4: 0.6 | D4: 0.37 | E4: 2.52 | I4: 1.29 | X4: 2.32 | AJ4: 93.51 | AK4: -656979.86 | AL4: -675655.61 | AM4: -6.3501086 | AN4: -157626.13 | AO4: 0.62180762 | AQ4: 0.25 | AR4: =SUM(D4:Y4) -> 6.5 | AS4: =SUM(Z4:AB4) -> 0 | AT4: =AC4 -> 0 | AU4: =SUM(AD4:AE4) -> 0 | AV4: =SUM(AF4:AG4) -> 0 | AW4: =AH4 -> 0 | AX4: =AI4 -> 0 | AY4: =AJ4 -> 93.51
A5: 2 | B5: 3.0 | C5: 0.6 | D5: 0.37 | E5: 2.52 | I5: 1.29 | X5: 2.32 | AJ5: 93.51 | AK5: -656979.86 | AL5: -675655.61 | AM5: -6.3501086 | AN5: -157626.13 | AO5: 0.62180762 | AQ5: 0.5 | AR5: =SUM(D5:Y5) -> 6.5 | AS5: =SUM(Z5:AB5) -> 0 | AT5: =AC5 -> 0 | AU5: =SUM(AD5:AE5) -> 0 | AV5: =SUM(AF5:AG5) -> 0 | AW5: =AH5 -> 0 | AX5: =AI5 -> 0 | AY5: =AJ5 -> 93.51
A6: 3 | B6: 4.0 | C6: 0.6 | D6: 0.37 | E6: 2.52 | I6: 1.29 | X6: 2.32 | AJ6: 93.51 | AK6: -656979.86 | AL6: -675655.61 | AM6: -6.3501086 | AN6: -157626.13 | AO6: 0.62180762 | AQ6: 0.75 | AR6: =SUM(D6:Y6) -> 6.5 | AS6: =SUM(Z6:AB6) -> 0 | AT6: =AC6 -> 0 | AU6: =SUM(AD6:AE6) -> 0 | AV6: =SUM(AF6:AG6) -> 0 | AW6: =AH6 -> 0 | AX6: =AI6 -> 0 | AY6: =AJ6 -> 93.51
A7: 4 | B7: 5.0 | C7: 0.6 | D7: 0.37 | E7: 2.52 | I7: 1.29 | X7: 2.32 | AJ7: 93.51 | AK7: -656979.86 | AL7: -675655.61 | AM7: -6.3501086 | AN7: -157626.13 | AO7: 0.62180762 | AQ7: 1 | AR7: =SUM(D7:Y7) -> 6.5 | AS7: =SUM(Z7:AB7) -> 0 | AT7: =AC7 -> 0 | AU7: =SUM(AD7:AE7) -> 0 | AV7: =SUM(AF7:AG7) -> 0 | AW7: =AH7 -> 0 | AX7: =AI7 -> 0 | AY7: =AJ7 -> 93.51

Sheet Feuil2
A1: Weight of CO2 | B1: Peat_hobby | C1: peat_pro | D1: AD-b refood | E1: AD-b Villiers | F1: AD-f Villers
A2: 0 | B2: =91256.49+95355.32 -> 186611.81 | C2: 30974.22 | D2: 0 | E2: 3000
A3: 0.25 | B3: =91256.49+95355.32 -> 186611.81 | C3: 30974.22 | F3: 3000
A4: 0.5 | B4: =91256.49+95355.32 -> 186611.81 | C4: 30974.22 | F4: 3000
A5: 0.75 | B5: =91256.49+95355.32 -> 186611.81 | C5: 30974.22 | F5: 3000
A6: 1 | B6: =91256.49+95355.32 -> 186611.81 | C6: 30974.22 | F6: 3000

Sheet Feuil1
B1: With investment | D1: Without investment
B2: =results!AK2 -> Carbon | C2: =results!AO2 -> HHssC | D2: =[1]results!AD2 -> Carbon | E2: =[1]results!AH2 -> HHssC
A3: 0 | B3: =results!AK3 -> -203340.08 | C3: =results!AO3 -> 0.36546879 | D3: =[1]results!AD3 -> -203340.08 | E3: =[1]results!AH3 -> 0.36546879
A4: 0.25 | B4: =results!AK4 -> -656979.86 | C4: =results!AO4 -> 0.62180762 | D4: =[1]results!AD4 -> -271684.97 | E4: =[1]results!AH4 -> 0.41498976
A5: 0.5 | B5: =results!AK5 -> -656979.86 | C5: =results!AO5 -> 0.62180762 | D5: =[1]results!AD5 -> -271684.97 | E5: =[1]results!AH5 -> 0.41498976
A6: 0.75 | B6: =results!AK6 -> -656979.86 | C6: =results!AO6 -> 0.62180762 | D6: =[1]results!AD6 -> -544740.83 | E6: =[1]results!AH6 -> 2.2999443
A7: 1 | B7: =results!AK7 -> -656979.86 | C7: =results!AO7 -> 0.62180762 | D7: =[1]results!AD7 -> -544740.83 | E7: =[1]results!AH7 -> 2.2999443
