Workbook

Sheet Contrainte de capacité
A2: name | B2: Peat_hobby_mark | C2: Peat_pro_mark | D2: Suez | E2: Gurdebeke | F2: Refood | G2: Biometa
A3: minCO2 | B3: 186611.81 | C3: 185060.41 | E3: 516.9 | G3: 2265.5
A4: minEQ | B4: 186611.81 | C4: 117168.48 | F4: 2782.4
A5: minHH | B5: 186611.81 | C5: 117168.48 | F5: 2782.4
A6: minEQ&HH | B6: 186611.81 | C6: 117168.48 | F6: 2782.4
A7: minCO2&EQ | B7: 186611.81 | C7: 117168.48 | F7: 2782.4
A8: minCO2&HH | B8: 186611.81 | C8: 185060.41 | D8: 171.7 | E8: 43.2 | F8: 2567.5
A9: minCO2&EQ&HH | B9: 186611.81 | C9: 117168.48 | F9: 2782.4

Sheet results
D1: HC | Z1: IC | AB1: AD-b | AC1: AD-c | AW1: Climate Change | BC1: EQ | BJ1: HH
B2: name | C2: sort | D2: Compiègne | E2: Venette | F2: Jaux | G2: Armancourt | H2: Le Meux | I2: La Croix-St-Ouen | J2: St-Sauveur | K2: Bethisy-St-Pierre | L2: Bethisy-St-Martin | M2: Bienville | N2: Choisy-au-Bac | O2: Clairoix | P2: Janville | Q2: Jonquières | R2: Lachelle | S2: Margny-lès-Compiègne | T2: Nery | U2: Saint-Jean-aux-Bois | V2: Saintines | W2: Saint-Vaast de Longmont | X2: Verberie | Y2: Vieux-Moulin | Z2: Suez | AA2: Gurdebeke | AB2: Refood | AC2: Biometa | AD2: Carbon | AE2: EQ | AF2: HH | AG2: EQssC | AH2: HHssC | AJ2: name | AK2: HC | AL2: IC | AM2: AD-cog-comp | AN2: AD-biomet-dig | AQ2: name | AR2: HC | AS2: IC | AT2: AD-cog-comp | AU2: AD-biomet-dig | AW2: name | AX2: HC | AY2: IC | AZ2: AD-cog-comp | BA2: AD-biomet-dig | BC2: name | BD2: HC | BE2: IC | BF2: AD-cog-comp | BG2: AD-biomet-dig | BJ2: name | BK2: HC | BL2: IC | BM2: AD-cog-comp | BN2: AD-biomet-dig
A3: 0 | B3: minCO2 | C3: 0.6 | D3: 7.15 | E3: 2.52 | I3: 1.29 | X3: 2.32 | AA3: 16.11 | AC3: 70.62 | AD3: -544740.82 | AE3: -216176.53 | AF3: -3.1432058 | AG3: 188919.46 | AH3: 2.2999443 | AJ3: minCC | AK3: =SUM(D3:Y3) -> 13.28 | AL3: =SUM(Z3:AA3) -> 16.11 | AM3: =AB3 -> 0 | AN3: =AC3 -> 70.62 | AO3: =SUM(AK3:AN3) -> 100.01 | AQ3: minCC | AR3: =$AK$12*$AK$13*AK3/100 -> 426.04896 | AS3: =$AK$12*$AK$13*AL3/100 -> 516.84102 | AT3: =$AK$12*$AK$13*AM3/100 -> 0 | AU3: =$AK$12*$AK$13*AN3/100 -> 2265.6308 | AW3: minCC | AX3: =AR3*[1]Feuil1!$I$6 -> 14598.364 | AY3: =AS3*[1]Feuil1!$I$7 -> 18307.191 | AZ3: =AT3*[1]Feuil1!$I$9 -> 0 | BA3: =AU3*[1]Feuil1!$I$10 -> 376242.62 | BC3: minCC | BD3: =AR3*[1]Feuil1!$J$6 -> 19398.615 | BE3: =AS3*[1]Feuil1!$J$7 -> 24968.638 | BF3: =AT3*[1]Feuil1!$J$9 -> 0 | BG3: =AU3*[1]Feuil1!$J$10 -> 174134.92 | BJ3: minCC | BK3: =AR3*[1]Feuil1!$K$6 -> 0.065358068 | BL3: =AS3*[1]Feuil1!$K$7 -> 0.13734219 | BM3: =AT3*[1]Feuil1!$K$9 -> 0 | BN3: =AU3*[1]Feuil1!$K$10 -> 1.4318302
A4: 1 | B4: minEQ | C4: 0.6 | D4: 7.15 | E4: 2.52 | I4: 1.29 | X4: 2.32 | AB4: 86.73 | AD4: -248327.39 | AE4: -483581.01 | AF4: -3.7164453 | AG4: -179147.44 | AH4: 0.37306072 | AJ4: minEQ | AK4: =SUM(D4:Y4) -> 13.28 | AL4: =SUM(Z4:AA4) -> 0 | AM4: =AB4 -> 86.73 | AN4: =AC4 -> 0 | AO4: =SUM(AK4:AN4) -> 100.01 | AQ4: minEQ | AR4: =$AK$12*$AK$13*AK4/100 -> 426.04896 | AS4: =$AK$12*$AK$13*AL4/100 -> 0 | AT4: =$AK$12*$AK$13*AM4/100 -> 2782.4719 | AU4: =$AK$12*$AK$13*AN4/100 -> 0 | AW4: minEQ | AX4: =AR4*[1]Feuil1!$I$6 -> 14598.364 | AY4: =AS4*[1]Feuil1!$I$7 -> 0 | AZ4: =AT4*[1]Feuil1!$I$9 -> 320084.05 | BA4: =AU4*[1]Feuil1!$I$10 -> 0 | BC4: minEQ | BD4: =AR4*[1]Feuil1!$J$6 -> 19398.615 | BE4: =AS4*[1]Feuil1!$J$7 -> 0 | BF4: =AT4*[1]Feuil1!$J$9 -> 122827.42 | BG4: =AU4*[1]Feuil1!$J$10 -> 0 | BJ4: minEQ | BK4: =AR4*[1]Feuil1!$K$6 -> 0.065358068 | BL4: =AS4*[1]Feuil1!$K$7 -> 0 | BM4: =AT4*[1]Feuil1!$K$9 -> 1.3995134 | BN4: =AU4*[1]Feuil1!$K$10 -> 0
A5: 2 | B5: minHH | C5: 0.6 | D5: 7.15 | E5: 2.52 | I5: 1.29 | X5: 2.32 | AB5: 86.73 | AD5: -248327.39 | AE5: -483581.01 | AF5: -3.7164453 | AG5: -179147.44 | AH5: 0.37306072 | AJ5: minHH | AK5: =SUM(D5:Y5) -> 13.28 | AL5: =SUM(Z5:AA5) -> 0 | AM5: =AB5 -> 86.73 | AN5: =AC5 -> 0 | AO5: =SUM(AK5:AN5) -> 100.01 | AQ5: minHH | AR5: =$AK$12*$AK$13*AK5/100 -> 426.04896 | AS5: =$AK$12*$AK$13*AL5/100 -> 0 | AT5: =$AK$12*$AK$13*AM5/100 -> 2782.4719 | AU5: =$AK$12*$AK$13*AN5/100 -> 0 | AW5: minHH | AX5: =AR5*[1]Feuil1!$I$6 -> 14598.364 | AY5: =AS5*[1]Feuil1!$I$7 -> 0 | AZ5: =AT5*[1]Feuil1!$I$9 -> 320084.05 | BA5: =AU5*[1]Feuil1!$I$10 -> 0 | BC5: minHH | BD5: =AR5*[1]Feuil1!$J$6 -> 19398.615 | BE5: =AS5*[1]Feuil1!$J$7 -> 0 | BF5: =AT5*[1]Feuil1!$J$9 -> 122827.42 | BG5: =AU5*[1]Feuil1!$J$10 -> 0 | BJ5: minHH | BK5: =AR5*[1]Feuil1!$K$6 -> 0.065358068 | BL5: =AS5*[1]Feuil1!$K$7 -> 0 | BM5: =AT5*[1]Feuil1!$K$9 -> 1.3995134 | BN5: =AU5*[1]Feuil1!$K$10 -> 0
A6: 3 | B6: minEQ&HH | C6: 0.6 | D6: 7.15 | E6: 2.52 | I6: 1.29 | X6: 2.32 | AB6: 86.73 | AD6: -248327.39 | AE6: -483581.01 | AF6: -3.7164453 | AG6: -179147.44 | AH6: 0.37306072 | AJ6: minEQ&HH | AK6: =SUM(D6:Y6) -> 13.28 | AL6: =SUM(Z6:AA6) -> 0 | AM6: =AB6 -> 86.73 | AN6: =AC6 -> 0 | AO6: =SUM(AK6:AN6) -> 100.01
A7: 4 | B7: minCO2&EQ | C7: 0.6 | D7: 7.15 | E7: 2.52 | I7: 1.29 | X7: 2.32 | AB7: 86.73 | AD7: -248327.39 | AE7: -483581.01 | AF7: -3.7164453 | AG7: -179147.44 | AH7: 0.37306072 | AJ7: minCO2&EQ | AK7: =SUM(D7:Y7) -> 13.28 | AL7: =SUM(Z7:AA7) -> 0 | AM7: =AB7 -> 86.73 | AN7: =AC7 -> 0 | AO7: =SUM(AK7:AN7) -> 100.01
A8: 5 | B8: minCO2&HH | C8: 0.6 | D8: 7.15 | E8: 2.52 | I8: 1.29 | X8: 2.32 | Z8: 5.35 | AA8: 1.35 | AB8: 80.03 | AD8: -271684.96 | AE8: -465995.69 | AF8: -3.7076629 | AG8: -158881.47 | AH8: 0.41498976 | AJ8: minCO2&HH | AK8: =SUM(D8:Y8) -> 13.28 | AL8: =SUM(Z8:AA8) -> 6.7 | AM8: =AB8 -> 80.03 | AN8: =AC8 -> 0 | AO8: =SUM(AK8:AN8) -> 100.01
A9: 6 | B9: minCO2&EQ&HH | C9: 0.6 | D9: 7.15 | E9: 2.52 | I9: 1.29 | X9: 2.32 | AB9: 86.73 | AD9: -248327.39 | AE9: -483581.01 | AF9: -3.7164453 | AG9: -179147.44 | AH9: 0.37306072 | AJ9: minCO2&EQ&HH | AK9: =SUM(D9:Y9) -> 13.28 | AL9: =SUM(Z9:AA9) -> 0 | AM9: =AB9 -> 86.73 | AN9: =AC9 -> 0 | AO9: =SUM(AK9:AN9) -> 100.01
AJ12: Total waste | AK12: 5347
AJ13: Sorting | AK13: 0.6

Sheet Feuil1
B1: CC (kgCO2eq) | J1: EQ (PDF.m2.yr) | R1: HH (DALY)
B2: Transport and collection | C2: Process | G2: Net impact | J2: Transport and collection | K2: Other | L2: Energy | M2: Fertilizer | N2: Peat | O2: Net impact | R2: Transport and collection | S2: Other | T2: Energy | U2: Fertilizer | V2: Peat | W2: Net impact
A3: minCC | B3: 18.9 | J3: 15.6 | R3: 0.000163
A4: minEQ | B4: 18.9 | J4: 15.6 | R4: 0.000163
A5: minHH

Sheet Feuil2
A2: name | B2: CC (PDF.m2.yr) | C2: =[2]results!AG2 -> EQssC | D2: Total | F2: name | G2: CC (DALY) | H2: =[2]results!AH2 -> HHssC | I2: Total
A3: minCC | B3: =results!AE3-results!AG3 -> -405095.99 | C3: =results!AG3 -> 188919.46 | D3: =C3+B3 -> -216176.53 | F3: minCC | G3: =results!AF3-results!AH3 -> -5.4431501 | H3: =results!AH3 -> 2.2999443 | I3: =G3+H3 -> -3.1432058
A4: minEQ | B4: =results!AE4-results!AG4 -> -304433.57 | C4: =results!AG4 -> -179147.44 | D4: =C4+B4 -> -483581.01 | F4: minEQ | G4: =results!AF4-results!AH4 -> -4.089506 | H4: =results!AH4 -> 0.37306072 | I4: =G4+H4 -> -3.7164453
A5: minHH | B5: =results!AE5-results!AG5 -> -304433.57 | C5: =results!AG5 -> -179147.44 | D5: =C5+B5 -> -483581.01 | F5: minHH | G5: =results!AF5-results!AH5 -> -4.089506 | H5: =results!AH5 -> 0.37306072 | I5: =G5+H5 -> -3.7164453
