Workbook

Sheet id_tech
A1: Symbol | B1: Type | C1: name
A2: HC | B2: Decentralized | C2: Home Composting
A3: IC | B3: Centralized | C3: Industrial composting
A4: AD-a | B4: Centralized | C4: AD+CHP+Digestate
A5: AD-b | B5: Centralized | C5: AD+CHP+Composting
A6: AD-c | B6: Centralized | C6: Centralized anaerobic digestion + Injection + Direct application of digestate
A7: AD-d | B7: Centralized
A8: AD-e | B8: Centralized
A9: AD-f | B9: Centralized

Sheet tech_lb
A1: Site | B1: HC | C1: IC | D1: AD-a | E1: AD-b | F1: AD-c | G1: AD-d | H1: AD-e | I1: AD-f
A2: Compiègne
A3: Venette
A4: Jaux
A5: Armancourt
A6: Le Meux
A7: La Croix-St-Ouen
A8: St-Sauveur
A9: Bethisy-St-Pierre
A10: Bethisy-St-Martin
A11: Bienville
A12: Choisy-au-Bac
A13: Clairoix
... A27: Gurdebeke

Sheet tech_ub
A1: Site | B1: HC | C1: IC | D1: AD-a | E1: AD-b | F1: AD-c | G1: AD-d | H1: AD-e | I1: AD-f
A2: Compiègne
A3: Venette
A4: Jaux
A5: Armancourt
A6: Le Meux
A7: La Croix-St-Ouen
A8: St-Sauveur
A9: Bethisy-St-Pierre
A10: Bethisy-St-Martin
A11: Bienville
A12: Choisy-au-Bac
A13: Clairoix
... A23: Vieux-Moulin
A24: Refood | B24: 0 | C24: 0 | D24: 0 | E24: 3000 | F24: 0 | G24: 0 | H24: 0 | I24: 0
A25: Biometa | B25: 0 | C25: 0 | D25: 0 | E25: 0 | F25: 2500 | G25: 0 | H25: 0 | I25: 0
A26: Suez | B26: 0 | C26: 3000 | D26: 0 | E26: 0 | F26: 0 | G26: 0 | H26: 0 | I26: 0
A27: Gurdebeke | B27: 0 | C27: 3000 | D27: 0 | E27: 0 | F27: 0 | G27: 0 | H27: 0 | I27: 0

Sheet cop
A1: Co-product | B1: HC | C1: IC | D1: AD-a | E1: AD-b | F1: AD-c | G1: AD-d | H1: AD-e | I1: AD-f | J1: Unit
A2: Comp_dec | B2: 0.7 | C2: 0 | D2: 0 | E2: 0 | F2: 0 | G2: 0 | H2: 0 | I2: 0 | J2: t/t
A3: Comp_IC | B3: 0 | C3: 0.6 | D3: 0 | E3: 0 | F3: 0 | G3: 0 | H3: 0 | I3: 0 | J3: t/t
A4: Comp_AD | B4: 0 | C4: 0 | D4: 0 | E4: ='[1]LCI_AD-b'!$E$36 -> 0.15444203 | F4: 0 | G4: =E4 -> 0.15444203 | H4: 0 | I4: =G4 -> 0.15444203 | J4: t/t
A5: Dig | B5: 0 | C5: 0 | D5: ='[1]LCI_AD-a'!$E$28 -> 0.55448387 | E5: 0 | F5: ='[1]LCI_AD-c'!$E$26 -> 0.55448387 | G5: 0 | H5: =F5 -> 0.55448387 | I5: 0 | J5: MJ/t
A6: Heat | B6: 0 | C6: 0 | D6: ='[1]LCI_AD-a'!$E$25 -> 2161.4235 | E6: ='[1]LCI_AD-b'!$E$25 -> 2161.4235 | F6: 0 | G6: 0 | H6: ='[2]LCI_AD-e'!$E$42 -> 3876.4661 | I6: ='[2]LCI_AD-e'!$E$42 -> 3876.4661 | J6: kWh/t
A7: Elect | B7: 0 | C7: 0 | D7: ='[1]LCI_AD-a'!$E$24 -> 509.0309 | E7: ='[1]LCI_AD-b'!$E$24 -> 509.0309 | F7: 0 | G7: 0 | H7: 0 | I7: 0 | J7: m3/t
A8: Biomet | B8: 0 | C8: 0 | D8: 0 | E8: 0 | F8: ='[1]LCI_AD-c'!$E$23 -> 131.83341 | G8: =F8 -> 131.83341 | H8: 0 | I8: 0

Sheet subs_ratio
A1: Service | B1: Comp_dec | C1: Comp_IC | D1: Comp_AD | E1: Dig | F1: Heat | G1: Elect | H1: Biomet
A2: N-fertilizer | B2: =avoid!B2/cop!$B$2 -> 16.578125 | C2: =avoid!C2/cop!C$3 -> 15.269073 | D2: =avoid!E2/cop!E$4 -> 63.70766 | E2: =avoid!D2/cop!D$5 -> 32.478637 | F2: 0 | G2: 0 | H2: 0 | I2: kg/kg
A3: P-fertilizer | B3: =avoid!B3/cop!B$2 -> 4.8876032 | C3: =avoid!C3/cop!C$3 -> 4.3906969 | D3: =avoid!E3/cop!E$4 -> 206.79957 | E3: =avoid!D3/cop!D$5 -> 90.566818 | F3: 0 | G3: 0 | H3: 0 | I3: kg/kg
A4: K-fertilizer | B4: =avoid!B4/cop!B$2 -> 7.1741355 | C4: =avoid!C4/cop!C$3 -> 6.444765 | D4: =avoid!E4/cop!E$4 -> 18.432073 | E4: =avoid!D4/cop!D$5 -> 33.380623 | F4: 0 | G4: 0 | H4: 0 | I4: kg/kg
A5: Peat_dec | B5: =avoid!B5/cop!B$2 -> 626.15955 | C5: 0 | D5: 0 | E5: 0 | F5: 0 | G5: 0 | H5: 0 | I5: kg/kg
A6: Peat_ind | B6: 0 | C6: =avoid!C6/cop!C$3 -> 596.64352 | D6: =avoid!E6/cop!E$4 -> 272.65793 | E6: =avoid!D6/cop!D$5 -> 284.27506 | I6: kg/kg
A7: Heat | B7: =avoid!B7/cop!B$2 -> 0 | C7: =avoid!C7/cop!C$3 -> 0 | D7: 0 | E7: 0 | F7: 1 | G7: 0 | H7: 0 | I7: MJ/MJ
A8: Elect | B8: =avoid!B8/cop!B$2 -> 0 | C8: =avoid!C8/cop!C$3 -> 0 | D8: 0 | E8: 0 | F8: 0 | G8: 1 | H8: 0 | I8: kWh/kWh
A9: Biomet | B9: =avoid!B9/cop!B$2 -> 0 | C9: =avoid!C9/cop!C$3 -> 0 | D9: =avoid!E9/cop!E$4 -> 0 | E9: =avoid!D9/cop!D$5 -> 0 | F9: 0 | G9: 0 | H9: 1 | I9: m3/m3

Sheet sub_ratio2
B1: N-fertilizer | C1: P-fertilizer | D1: K-fertilizer | E1: Peat_dec | F1: Peat_ind | G1: Heat | H1: Elect | I1: Biomet
A2: N-fertilizer | B2: 1 | C2: 0 | D2: 0 | E2: 0 | F2: 0 | G2: 0 | H2: 0 | I2: 0
A3: P-fertilizer | B3: 0 | C3: 1 | D3: 0 | E3: 0 | F3: 0 | G3: 0 | H3: 0 | I3: 0
A4: K-fertilizer | B4: 0 | C4: 0 | D4: 1 | E4: 0 | F4: 0 | G4: 0 | H4: 0 | I4: 0
A5: Peat | B5: 0 | C5: 0 | D5: 0 | E5: 1 | F5: 1 | G5: 0 | H5: 0 | I5: 0
A6: Heat | B6: 0 | C6: 0 | D6: 0 | E6: 0 | F6: 0 | G6: 1 | H6: 0 | I6: 0
A7: Elect | B7: 0 | C7: 0 | D7: 0 | E7: 0 | F7: 0 | G7: 0 | H7: 1
A8: Gas | B8: 0 | C8: 0 | D8: 0 | E8: 0 | F8: 0 | G8: 0 | H8: 0 | I8: 1

Sheet avoid
A1: Conventional product | B1: HC | C1: IC | D1: AD-a | E1: AD-b | F1: AD-c | G1: AD-d | H1: AD-e | I1: AD-f
A2: N-fertilizer | B2: =[1]LCI_HC!$E$15 -> 11.604688 | C2: =[1]LCI_IC!$E$25 -> 9.161444 | D2: ='[1]LCI_AD-a'!$E$36 -> 18.00888 | E2: ='[1]LCI_AD-b'!$E$46 -> 9.8391403 | F2: =+'[1]LCI_AD-c'!$E$34 -> 18.00888 | G2: ='[1]LCI_AD-b'!$E$46 -> 9.8391403 | H2: =+'[1]LCI_AD-c'!$E$34 -> 18.00888 | I2: ='[1]LCI_AD-b'!$E$46 -> 9.8391403 | J2: kg/t of waste
A3: P-fertilizer | B3: =[1]LCI_HC!$E$16 -> 3.4213223 | C3: =[1]LCI_IC!$E$26 -> 2.6344181 | D3: ='[1]LCI_AD-a'!$E$37 -> 50.217839 | E3: =+'[1]LCI_AD-b'!$E$47 -> 31.938546 | F3: =+'[1]LCI_AD-c'!$E$35 -> 50.217839 | G3: =+'[1]LCI_AD-b'!$E$47 -> 31.938546 | H3: =+'[1]LCI_AD-c'!$E$35 -> 50.217839 | I3: =+'[1]LCI_AD-b'!$E$47 -> 31.938546 | J3: kg/t of waste
A4: K-fertilizer | B4: =[1]LCI_HC!$E$17 -> 5.0218948 | C4: =[1]LCI_IC!$E$27 -> 3.866859 | D4: ='[1]LCI_AD-a'!$E$38 -> 18.509017 | E4: =+'[1]LCI_AD-b'!$E$48 -> 2.8466868 | F4: =+'[1]LCI_AD-c'!$E$36 -> 18.509017 | G4: =+'[1]LCI_AD-b'!$E$48 -> 2.8466868 | H4: =+'[1]LCI_AD-c'!$E$36 -> 18.509017 | I4: =+'[1]LCI_AD-b'!$E$48 -> 2.8466868 | J4: kg/t of waste
A5: Peat_dec | B5: =[1]LCI_HC!$E$18 -> 438.31169 | C5: 0 | D5: 0 | E5: 0 | F5: 0 | G5: 0 | H5: 0 | I5: 0 | J5: kg/t of waste
A6: Peat_ind | B6: 0 | C6: =[1]LCI_IC!$E$28 -> 357.98611 | D6: ='[1]LCI_AD-a'!$E$39 -> 157.62594 | E6: =+'[1]LCI_AD-b'!$E$49 -> 42.109845 | F6: =+'[1]LCI_AD-c'!$E$37 -> 157.62594 | G6: =E6 -> 42.109845 | H6: =+'[1]LCI_AD-c'!$E$37 -> 157.62594 | I6: =G6 -> 42.109845
A7: Heat | B7: 0 | C7: 0 | D7: ='[1]LCI_AD-a'!$E$40 -> 2161.4235 | E7: =+'[1]LCI_AD-b'!$E$50 -> 2161.4235 | F7: 0 | G7: 0 | H7: =[3]avoid!$H$6 -> 3876.4661 | I7: =[3]avoid!$I$6 -> 3876.4661 | J7: MJ/t
A8: Elect | B8: 0 | C8: 0 | D8: ='[1]LCI_AD-a'!$E$41 -> 509.0309 | E8: =+'[1]LCI_AD-b'!$E$51 -> 509.0309 | F8: 0 | G8: 0 | H8: 0 | I8: 0 | J8: kWh/t
A9: Biomet | B9: 0 | C9: 0 | D9: 0 | E9: 0 | F9: =+'[1]LCI_AD-c'!$E$38 -> 131.83341 | G9: =F9 -> 131.83341 | H9: 0 | I9: 0 | J9: m3/t

Sheet coproduct
A1: Co-product | B1: HC | C1: IC | D1: AD-a | E1: AD-b | F1: AD-c | G1: AD-d | H1: AD-e | I1: AD-f
A2: N-fertilizer | B2: =[1]LCI_HC!$E$15 -> 11.604688 | C2: =[1]LCI_IC!$E$25 -> 9.161444 | D2: ='[1]LCI_AD-a'!$E$36 -> 18.00888 | E2: ='[1]LCI_AD-b'!$E$46 -> 9.8391403 | F2: =+'[1]LCI_AD-c'!$E$34 -> 18.00888 | G2: ='[1]LCI_AD-b'!$E$46 -> 9.8391403 | H2: =+'[1]LCI_AD-c'!$E$34 -> 18.00888 | I2: ='[1]LCI_AD-b'!$E$46 -> 9.8391403
A3: P-fertilizer | B3: =[1]LCI_HC!$E$16 -> 3.4213223 | C3: =[1]LCI_IC!$E$26 -> 2.6344181 | D3: ='[1]LCI_AD-a'!$E$37 -> 50.217839 | E3: =+'[1]LCI_AD-b'!$E$47 -> 31.938546 | F3: =+'[1]LCI_AD-c'!$E$35 -> 50.217839 | G3: =+'[1]LCI_AD-b'!$E$47 -> 31.938546 | H3: =+'[1]LCI_AD-c'!$E$35 -> 50.217839 | I3: =+'[1]LCI_AD-b'!$E$47 -> 31.938546
A4: K-fertilizer | B4: =[1]LCI_HC!$E$17 -> 5.0218948 | C4: =[1]LCI_IC!$E$27 -> 3.866859 | D4: ='[1]LCI_AD-a'!$E$38 -> 18.509017 | E4: =+'[1]LCI_AD-b'!$E$48 -> 2.8466868 | F4: =+'[1]LCI_AD-c'!$E$36 -> 18.509017 | G4: =+'[1]LCI_AD-b'!$E$48 -> 2.8466868 | H4: =+'[1]LCI_AD-c'!$E$36 -> 18.509017 | I4: =+'[1]LCI_AD-b'!$E$48 -> 2.8466868
A5: Peat_dec | B5: =[1]LCI_HC!$E$18 -> 438.31169 | C5: 0 | D5: 0 | E5: 0 | F5: 0 | G5: 0 | H5: 0 | I5: 0
A6: Peat_ind | B6: 0 | C6: =[1]LCI_IC!$E$28 -> 357.98611 | D6: ='[1]LCI_AD-a'!$E$39 -> 157.62594 | E6: =+'[1]LCI_AD-b'!$E$49 -> 42.109845 | F6: =+'[1]LCI_AD-c'!$E$37 -> 157.62594 | G6: =E6 -> 42.109845 | H6: =+'[1]LCI_AD-c'!$E$37 -> 157.62594 | I6: =G6 -> 42.109845
A7: Heat | B7: 0 | C7: 0 | D7: ='[1]LCI_AD-a'!$E$40 -> 2161.4235 | E7: =+'[1]LCI_AD-b'!$E$50 -> 2161.4235 | F7: 0 | G7: 0 | H7: =[3]avoid!$H$6 -> 3876.4661 | I7: =[3]avoid!$I$6 -> 3876.4661
A8: Elect | B8: 0 | C8: 0 | D8: ='[1]LCI_AD-a'!$E$41 -> 509.0309 | E8: =+'[1]LCI_AD-b'!$E$51 -> 509.0309 | F8: 0 | G8: 0 | H8: 0 | I8: 0
A9: Biomet | B9: 0 | C9: 0 | D9: 0 | E9: 0 | F9: =+'[1]LCI_AD-c'!$E$38 -> 131.83341 | G9: =F9 -> 131.83341 | H9: 0 | I9: 0
