Workbook

Sheet results
D1: HC | Z1: IC | AC1: AD-a | AD1: AD-b | AF1: AD-c | AH1: AD-d | AI1: AD-e | AJ1: AD-f
B2: name | C2: sort | D2: Compiègne | E2: Venette | F2: Jaux | G2: Armancourt | H2: Le Meux | I2: La Croix-St-Ouen | J2: St-Sauveur | K2: Bethisy-St-Pierre | L2: Bethisy-St-Martin | M2: Bienville | N2: Choisy-au-Bac | O2: Clairoix | P2: Janville | Q2: Jonquières | R2: Lachelle | S2: Margny-lès-Compiègne | T2: Nery | U2: Saint-Jean-aux-Bois | V2: Saintines | W2: Saint-Vaast de Longmont | X2: Verberie | Y2: Vieux-Moulin | Z2: Suez | AA2: Gurdebeke | AB2: Villiers | AC2: Villiers | AD2: Refood | AE2: Villiers | AF2: Biometa | AG2: Villiers | AH2: Villiers | AI2: Villiers | AJ2: Villiers | AK2: Carbon | AL2: EQ | AM2: HH | AN2: EQssC | AO2: HHssC | AR2: HC | AS2: IC | AT2: AD-cog-dig | AU2: AD-cog-comp | AV2: AD-biomet-dig | AW2: AD-biomet-comp | AX2: AD-heat-dig | AY2: AD-heat-comp
A3: 0 | B3: 1.0 | C3: 0.6 | I3: 1.29 | AD3: 77.71 | AE3: 21.01 | AK3: -168722.85 | AL3: -476981.19 | AM3: -3.3881346 | AN3: -198311.94 | AO3: 0.36083352 | AQ3: 0 | AR3: =SUM(D3:Y3) -> 1.29 | AS3: =SUM(Z3:AB3) -> 0 | AT3: =AC3 -> 0 | AU3: =SUM(AD3:AE3) -> 98.72 | AV3: =SUM(AF3:AG3) -> 0 | AW3: =AH3 -> 0 | AX3: =AI3 -> 0 | AY3: =AJ3 -> 0
A4: 1 | B4: 2.0 | C4: 0.6 | D4: 14.13 | E4: 2.52 | F4: 2.94 | G4: 0.82 | H4: 2.13 | I4: 1.29 | J4: 2.72 | K4: 2.37 | L4: 0.88 | M4: 0.54 | N4: 3.35 | O4: 1.78 | P4: 0.71 | Q4: 0.74 | R4: 0.75 | S4: 4.94 | T4: 0.58 | U4: 0.36 | V4: 0.92 | W4: 0.58 | X4: 2.32 | Y4: 0.94 | AJ4: 51.7 | AK4: -721736.09 | AL4: -602746.33 | AM4: -6.1411262 | AN4: -101927.79 | AO4: 0.57550934 | AQ4: 0.25 | AR4: =SUM(D4:Y4) -> 48.31 | AS4: =SUM(Z4:AB4) -> 0 | AT4: =AC4 -> 0 | AU4: =SUM(AD4:AE4) -> 0 | AV4: =SUM(AF4:AG4) -> 0 | AW4: =AH4 -> 0 | AX4: =AI4 -> 0 | AY4: =AJ4 -> 51.7
A5: 2 | B5: 3.0 | C5: 0.6 | D5: 14.13 | E5: 2.52 | F5: 2.94 | G5: 0.82 | H5: 2.13 | I5: 1.29 | J5: 2.72 | K5: 2.37 | L5: 0.88 | M5: 0.54 | N5: 3.35 | O5: 1.78 | P5: 0.71 | Q5: 0.74 | R5: 0.75 | S5: 4.94 | T5: 0.58 | U5: 0.36 | V5: 0.92 | W5: 0.58 | X5: 2.32 | Y5: 0.94 | AJ5: 51.7 | AK5: -721736.09 | AL5: -602746.33 | AM5: -6.1411262 | AN5: -101927.79 | AO5: 0.57550934 | AQ5: 0.5 | AR5: =SUM(D5:Y5) -> 48.31 | AS5: =SUM(Z5:AB5) -> 0 | AT5: =AC5 -> 0 | AU5: =SUM(AD5:AE5) -> 0 | AV5: =SUM(AF5:AG5) -> 0 | AW5: =AH5 -> 0 | AX5: =AI5 -> 0 | AY5: =AJ5 -> 51.7
A6: 3 | B6: 4.0 | C6: 0.6 | D6: 14.13 | E6: 2.52 | F6: 2.94 | G6: 0.82 | H6: 2.13 | I6: 1.29 | J6: 2.72 | K6: 2.37 | L6: 0.88 | M6: 0.54 | N6: 3.35 | O6: 1.78 | P6: 0.71 | Q6: 0.74 | R6: 0.75 | S6: 4.94 | T6: 0.58 | U6: 0.36 | V6: 0.92 | W6: 0.58 | X6: 2.32 | Y6: 0.94 | AJ6: 51.7 | AK6: -721736.09 | AL6: -602746.33 | AM6: -6.1411262 | AN6: -101927.79 | AO6: 0.57550934 | AQ6: 0.75 | AR6: =SUM(D6:Y6) -> 48.31 | AS6: =SUM(Z6:AB6) -> 0 | AT6: =AC6 -> 0 | AU6: =SUM(AD6:AE6) -> 0 | AV6: =SUM(AF6:AG6) -> 0 | AW6: =AH6 -> 0 | AX6: =AI6 -> 0 | AY6: =AJ6 -> 51.7
A7: 4 | B7: 5.0 | C7: 0.6 | D7: 14.13 | E7: 2.52 | F7: 2.94 | G7: 0.82 | H7: 2.13 | I7: 1.29 | J7: 2.72 | K7: 2.37 | L7: 0.88 | M7: 0.54 | N7: 3.35 | O7: 1.78 | P7: 0.71 | Q7: 0.74 | R7: 0.75 | S7: 4.94 | T7: 0.58 | U7: 0.36 | V7: 0.92 | W7: 0.58 | X7: 2.32 | Y7: 0.94 | AJ7: 51.7 | AK7: -721736.09 | AL7: -602746.33 | AM7: -6.1411262 | AN7: -101927.79 | AO7: 0.57550934 | AQ7: 1 | AR7: =SUM(D7:Y7) -> 48.31 | AS7: =SUM(Z7:AB7) -> 0 | AT7: =AC7 -> 0 | AU7: =SUM(AD7:AE7) -> 0 | AV7: =SUM(AF7:AG7) -> 0 | AW7: =AH7 -> 0 | AX7: =AI7 -> 0 | AY7: =AJ7 -> 51.7

Sheet Feuil1
B1: Authorized investment | D1: Without investment$
B2: CC (kgCO2eq) | C2: HH (excl. CC) (DALY) | D2: CC_ss_inv | E2: HH_ss_inv
A3: 0 | B3: =results!AK3 -> -168722.85 | C3: =results!AO3 -> 0.36083352 | D3: =[1]results!AD3 -> -203340.08 | E3: =[1]results!AH3 -> 0.36546879
A4: 0.25 | B4: =results!AK4 -> -721736.09 | C4: =results!AO4 -> 0.57550934 | D4: =[1]results!AD4 -> -648814.53 | E4: =[1]results!AH4 -> 0.75973586
A5: 0.5 | B5: =results!AK5 -> -721736.09 | C5: =results!AO5 -> 0.57550934 | D5: =[1]results!AD5 -> -648814.53 | E5: =[1]results!AH5 -> 0.75973586
A6: 0.75 | B6: =results!AK6 -> -721736.09 | C6: =results!AO6 -> 0.57550934 | D6: =[1]results!AD6 -> -648814.53 | E6: =[1]results!AH6 -> 0.75973586 | K6: H
A7: 1 | B7: =results!AK7 -> -721736.09 | C7: =results!AO7 -> 0.57550934 | D7: =[1]results!AD7 -> -648997.27 | E7: =[1]results!AH7 -> 0.83131193
